npi,first_name,last_name,credential,specialty,city,state,zip_code,latitude,longitude,years_experience,quality_score,cost_index,patient_volume
1003003070,Anita,Gill,MD,neurology,Summit,NJ,07901,40.714923,-74.366372,26,,0.8262,241
1003011891,Etan,Spira,MD,gastroenterology,Fort Lee,NJ,07024,40.850640,-73.971007,19,,0.8343,203
1003012410,Lorelane,Tindoc,MD,primary-care,Pompton Plains,NJ,07444,40.967407,-74.306967,23,,1.1566,482
1003075110,Sean,Sadikot,MD,pulmonology,Hackensack,NJ,07601,40.889398,-74.045698,20,81.33,1.2228,495
1003081076,Raul,Perez,MD,primary-care,Elizabeth,NJ,07208,40.672913,-74.224047,46,,1.1606,54
1003084195,Christopher,Manetta,DO,psychiatry,Haddon Heights,NJ,08035,39.879127,-75.065918,19,,0.5389,343
1003090275,Alexandr,Zaslavsky,MD,primary-care,Marlton,NJ,08053,39.856677,-74.900810,21,,0.4185,388
1003105750,Silpa,Gadiraju,MD,endocrinology,Berkeley Heights,NJ,07922,40.676590,-74.427022,15,,1.4823,807
1003115387,Tolulope,Agunbiade,MD,cardiology,Cherry Hill,NJ,08034,39.906100,-75.000375,15,81.15,1.0924,169
1003142530,Peter,Farrugia,MD,cardiology,Colts Neck,NJ,07722,40.287799,-74.166807,22,75,16.6338,271
1003160623,Aradhana,Aggarwal,MD,primary-care,Sparta,NJ,07871,41.046696,-74.627989,23,,1.4870,422
1003179318,William,Bennett,DO,primary-care,Glassboro,NJ,08028,39.692129,-75.124675,14,,0.4367,189
1003200148,Adil,Manzoor,DO,primary-care,Tinton Falls,NJ,07724,40.298625,-74.074178,11,,3.2834,282
1003201195,Kavneet,Kaur,MD,neurology,Upper Saddle River,NJ,07458,41.046658,-74.096482,6,87.1,0.5964,397
1003201849,Andrew,Chiromeras,MD,primary-care,Hamilton,NJ,08619,40.242301,-74.696408,13,96.91,1.3117,130
1003202748,Bridget,Kaufman,MD,dermatology,Ramsey,NJ,07446,41.059136,-74.145931,11,75,0.9049,588
1003203118,Sweta,Shah,DO,primary-care,Toms River,NJ,08755,40.008534,-74.221768,12,75,1.5943,454
1003203464,Cynthia,Edirisuriya,MD,gastroenterology,Bordentown,NJ,08505,40.135589,-74.707255,11,96.91,0.9581,152
1003203704,Shabaz,Ahmed,MD,primary-care,Hackensack,NJ,07601,40.889398,-74.045698,11,81.33,1.2376,244
1003204850,Matthew,Cholankeril,MD,cardiology,Elizabeth,NJ,07202,40.652464,-74.216853,11,,4.1403,551
1003233164,Tara,Rajiyah,MD,endocrinology,East Orange,NJ,07018,40.755733,-74.217917,12,,0.8487,107
1003243981,Lisa,Draucikas,DO,primary-care,Hoboken,NJ,07030,40.745251,-74.027926,15,95.05,0.6811,278
1003257130,Rajagopalan,Rengan,DO,pulmonology,Rahway,NJ,07065,40.607152,-74.280531,13,,1.2690,1028
1003261876,Elizabeth,Zielinski,MD,orthopedics,Berkeley Heights,NJ,07922,40.676590,-74.427022,10,,0.8801,399
1003270984,Jennifer,Waldmann,MD,primary-care,New Brunswick,NJ,08901,40.483638,-74.442460,10,,1.3073,155
1003278292,Mohamad,Soud,MD,cardiology,Edison,NJ,08837,40.514281,-74.343859,12,,1.2986,192
1003298662,Joshua,Mleczko,DO,primary-care,Columbus,NJ,08022,40.067590,-74.705741,11,96.91,0.8915,130
1003302670,Stefan,Gillen,DO,neurology,Pompton Plains,NJ,07444,40.967407,-74.306967,8,,0.7429,200
1003309709,Nishant,Parikh,DO,primary-care,Turnersville,NJ,08012,39.783815,-75.056068,8,,0.7433,423
1003311937,Tayyab,Malik,MD,primary-care,Edgewater,NJ,07020,40.824650,-73.973793,10,,1.0463,54
1003312661,Lokesh,Lahoti,MD,primary-care,New Brunswick,NJ,08901,40.483638,-74.442460,8,,1.0909,188
1003336751,Maulik,Shah,DO,gastroenterology,Willingboro,NJ,08046,40.027950,-74.886984,9,81.15,1.0166,228
1003337650,Parneet,Grewal,MD,primary-care,Perth Amboy,NJ,08861,40.520494,-74.272943,10,96.09,0.9541,32
1003344219,Robert,Nugent,DO,orthopedics,Toms River,NJ,08755,40.008534,-74.221768,9,,0.9153,620
1003345976,Fatima,Kutty,DO,endocrinology,Berkeley Heights,NJ,07922,40.676590,-74.427022,9,,1.2255,154
1003346206,Antonious,Fawzy,DO,primary-care,Freehold,NJ,07728,40.225793,-74.285785,10,76.06,0.8872,362
1003347311,Meron,Debesai,MD,gastroenterology,Hoboken,NJ,07030,40.745251,-74.027926,9,,0.7646,118
1003349473,Juyeon,Park,MD,primary-care,New Brunswick,NJ,08901,40.483638,-74.442460,9,87.07,1.0250,282
1003377052,Hani,Naser,MD,primary-care,Montclair,NJ,07042,40.813487,-74.219011,15,69.51,1.0231,461
1003377383,Michael,Song,MD,primary-care,New Brunswick,NJ,08901,40.483638,-74.442460,7,,0.7002,156
1003378621,Maria,Masih,MD,primary-care,Edison,NJ,08820,40.576806,-74.365750,9,96.09,0.6426,149
1003444142,Kethan,Reddy,MD,primary-care,Lawrence Township,NJ,08648,40.284490,-74.717487,6,96.91,0.6789,193
1003493842,Karwan,Ameen,MD,primary-care,Paterson,NJ,07503,40.897548,-74.154121,15,,0.5148,16
1003800095,Vijay,Saaraswat,MD,primary-care,Hazlet,NJ,07730,40.424164,-74.173732,22,20.78,2.7844,572
1003805763,Annamarie,Ibay,MD,primary-care,Voorhees,NJ,08043,39.848570,-74.952843,25,,0.7739,191
1003814039,Richard,Watson,MD,cardiology,Morristown,NJ,07960,40.779235,-74.502462,49,,1.3153,454
1003818881,James,Ezema,MD,primary-care,East Orange,NJ,07018,40.755733,-74.217917,40,,1.5250,75
1003828823,Ellen,Ronnen,MD,oncology,Somerset,NJ,08873,40.499667,-74.531844,27,100,4.6207,779
1003835232,Neil,Udani,MD,primary-care,Dover,NJ,07801,40.901125,-74.564783,25,,0.5429,88
1003836123,Tracy,Walker,MD,cardiology,Browns Mills,NJ,08015,39.931536,-74.543720,27,84.95,1.3842,645
1003838723,Vanie,Ramachandra Rao,MD,primary-care,Toms River,NJ,08755,40.008534,-74.221768,32,95.63,1.8411,640
1003843905,Anthony,Altobelli,MD,cardiology,East Brunswick,NJ,08816,40.429119,-74.416287,29,98.51,0.8681,1349
1003846932,Richard,Hellander,MD,primary-care,Camden,NJ,08103,39.935202,-75.112703,45,,0.0325,30
1003848805,Alok,Goyal,MD,primary-care,South Plainfield,NJ,07080,40.574413,-74.414800,42,,1.2290,435
1003854282,Kavitha,Thukkaram,MD,primary-care,Metuchen,NJ,08840,40.543139,-74.358981,28,,4.6799,234
1003854761,Cheng-An,Mao,MD,primary-care,Clifton,NJ,07012,40.846899,-74.160537,40,,1.8065,311
1003860669,Arthur,Santiago,MD,primary-care,Rahway,NJ,07065,40.607152,-74.280531,43,79.35,1.5083,443
1003865601,Alan,Remde,MD,primary-care,Phillipsburg,NJ,08865,40.708226,-75.147073,41,97.13,0.5494,28
1003869041,Nikhil,Deshpande,MD,gastroenterology,Somers Point,NJ,08244,39.315511,-74.598278,34,98.3,0.8972,540
1003872912,William,Wolfe,MD,neurology,Hammonton,NJ,08037,39.631681,-74.773893,36,,1.1522,63
1003873928,Michael,Tendler,MD,gastroenterology,Englishtown,NJ,07726,40.286506,-74.342547,40,98.3,0.8330,719
1003874397,Joseph,Follo,MD,primary-care,West Caldwell,NJ,07006,40.851187,-74.282865,27,,2.5038,133
1003877440,Abdul,Mughal,MD,oncology,Hamilton,NJ,08619,40.242301,-74.696408,53,96.91,0.6402,162
1003877622,Ladan,Bahrampour,MD,primary-care,Hoboken,NJ,07030,40.745251,-74.027926,32,95.05,0.9781,203
1003882523,Pankaj,Shirolawala,MD,primary-care,Perth Amboy,NJ,08861,40.520494,-74.272943,43,,1.7788,62
1003882697,John,Sersanti,MD,primary-care,Toms River,NJ,08757,39.960591,-74.260843,29,,1.7248,245
1003883836,Mukesh,Solanky,MD,neurology,Hackensack,NJ,07601,40.889398,-74.045698,34,67.69,1.5232,440
1003892779,Moein,Faghih-Vaseghi,MD,primary-care,Fanwood,NJ,07023,40.641701,-74.385692,47,,3.1027,126
1003900242,Bassam,Hashem,MD,primary-care,Passaic,NJ,07055,40.857552,-74.129089,42,,5.4330,163
1003919572,Izhar,Hasan,MD,primary-care,Piscataway,NJ,08854,40.539658,-74.462791,32,,0.3937,892
1003926932,Alita,Dizon,MD,gastroenterology,Jersey City,NJ,07305,40.693004,-74.069650,44,,1.2935,62
1003934530,Arjun,Saxena,MD,orthopedics,Marlton,NJ,08053,39.856677,-74.900810,20,92.57,1.1723,545
1003964420,Manoj,Trivedi,MD,primary-care,Summit,NJ,07901,40.714923,-74.366372,42,,1.5004,139
1003972423,Elda,Sancho Mora,MD,psychiatry,Morristown,NJ,07960,40.779235,-74.502462,36,,1.1996,66
1003979048,Ebele,Ufondu,MD,primary-care,Camden,NJ,08103,39.935202,-75.112703,40,,0.5386,226
1003983594,Richard,Kader,DO,primary-care,Linwood,NJ,08221,39.339936,-74.564470,38,,0.9132,601
1003989237,Richard,Menashe,DO,primary-care,Edison,NJ,08837,40.514281,-74.343859,42,,2.4886,411
1003997453,Jay,Kuris,MD,psychiatry,Flemington,NJ,08822,40.521995,-74.866644,57,,4.2180,96
1013002369,Theresa,Bell,MD,psychiatry,Galloway,NJ,08205,39.482000,-74.452637,28,,2.0034,192
1013002831,Catherine,Montgomery,MD,primary-care,Cherry Hill,NJ,08034,39.906100,-75.000375,36,,1.0815,183
1013006592,Hilda,Roque Dieguez,MD,primary-care,West New York,NJ,07093,40.786704,-74.008909,42,,1.0679,44
1013017284,Syed,Hussain,MD,endocrinology,Metuchen,NJ,08840,40.543139,-74.358981,49,,2.1354,186
1013025733,Angel,Mulkay,MD,cardiology,Hackensack,NJ,07601,40.889398,-74.045698,36,,0.9085,629
1013028844,Lisa,Dimedio,DO,primary-care,Sewell,NJ,08080,39.757353,-75.122043,34,,0.5983,757
1013058957,Anuradha,Thalasila,MD,primary-care,Red Bank,NJ,07701,40.360509,-74.078952,30,,0.6836,329
1013095306,Gregorio,Castillo,MD,psychiatry,Princeton,NJ,08540,40.364728,-74.656314,35,,0.2284,24
1013098862,Jose,Pinal,MD,pulmonology,Union City,NJ,07087,40.767224,-74.032429,50,,2.1345,108
1013103514,Vladimir,Znamensky,MD,cardiology,Jersey City,NJ,07306,40.736294,-74.071128,20,,0.7281,1170
1013112671,David,Wild,MD,cardiology,Teaneck,NJ,07666,40.890317,-74.011478,24,,0.4698,2393
1013118660,John,Gregg,DO,primary-care,Berkeley Heights,NJ,07922,40.676590,-74.427022,23,,0.3802,501
1013122498,Raphael,Levine,MD,orthopedics,Westwood,NJ,07675,41.003484,-74.001753,,75,0.8812,663
1013123587,Hermann,Schumacher,MD,neurology,Pennington,NJ,08534,40.329422,-74.792789,41,91.83,0.4320,253
1013125053,Haris,Rana,MD,pulmonology,New Brunswick,NJ,08901,40.483638,-74.442460,23,,0.9053,276
1013127299,Amer,Aladin,MD,cardiology,Wayne,NJ,07470,40.945855,-74.245077,28,,1.4579,89
1013148683,Sona,Khurana,DO,primary-care,Morristown,NJ,07960,40.779235,-74.502462,17,,0.6513,312
1013151117,Neil,Saxena,MD,cardiology,Pennington,NJ,08534,40.329422,-74.792789,23,100,0.3880,1049
1013168467,Mahbubur,Siddique,MD,primary-care,Voorhees,NJ,08043,39.848570,-74.952843,36,81.15,0.8100,497
1013172170,Srilakshmi,Subramanian,MD,primary-care,East Windsor,NJ,08520,40.255800,-74.539882,22,,0.9005,78
1013174689,Philip,Glassner,MD,orthopedics,Flemington,NJ,08822,40.521995,-74.866644,22,89.99,1.1886,699
1013182039,Delaram,Moazami,MD,primary-care,Trenton,NJ,08638,40.254018,-74.763385,33,,0.5035,27
1013199538,William,Dilorenzo,DO,cardiology,Toms River,NJ,08755,40.008534,-74.221768,24,98.51,0.7054,888
1013204023,George,Tarng,MD,primary-care,Marlton,NJ,08053,39.856677,-74.900810,18,,0.7623,468
1013212570,Ahsan,Kazmi,MD,primary-care,Newark,NJ,07102,40.735659,-74.173605,38,,1.6151,149
1013228469,Kristina,Derrick,MD,dermatology,Toms River,NJ,08755,40.008534,-74.221768,16,,2.0986,93
1013232248,Nina,Andreoli,MD,primary-care,Cedar Knolls,NJ,07927,40.823725,-74.456354,16,,1.4225,220
1013234012,Edward,Lin,MD,orthopedics,Franklin Lakes,NJ,07417,41.007526,-74.205653,16,75,1.2184,342
1013236371,Madhuri,Adabala,MD,primary-care,Pennington,NJ,08534,40.329422,-74.792789,20,,0.6126,128
1013246099,Lorenza,Frisoni,MD,primary-care,Blackwood,NJ,08012,39.783815,-75.056068,26,,0.8291,302
1013249838,Kamal,Wagle,MD,primary-care,Hackensack,NJ,07601,40.889398,-74.045698,21,,1.0027,306
1013250646,Janet,Ojeabulu,MD,primary-care,Florham Park,NJ,07932,40.777461,-74.392845,13,,1.4653,385
1013274034,Atif,Saleemi,MD,primary-care,Toms River,NJ,08755,40.008534,-74.221768,16,,0.5395,718
1013276062,Esira,Beaubrun,MD,primary-care,West Orange,NJ,07052,40.785755,-74.265058,21,,1.8822,141
1013304989,Nicole,Jordan,MD,primary-care,Livingston,NJ,07039,40.785828,-74.329100,12,100,1.1807,312
1013309566,Mark,Younan,MD,primary-care,Morristown,NJ,07960,40.779235,-74.502462,16,,0.5312,432
1013327345,Inna,Riva,DO,primary-care,North Bergen,NJ,07047,40.793644,-74.025027,12,,5.4383,62
1013330018,Adam,Kaplan,MD,primary-care,Toms River,NJ,08755,40.008534,-74.221768,16,98.51,0.5239,93
1013343714,Ravi,Verma,MD,orthopedics,Wall Township,NJ,07753,40.210761,-74.074499,13,75,0.8669,301
1013351675,Natasha,Chhabra,MD,gastroenterology,Ridgewood,NJ,07450,40.981591,-74.113506,13,91.75,1.1250,236
1013364769,Annabel,Agcopra,DO,primary-care,Bayonne,NJ,07002,40.662495,-74.110201,10,85.15,0.7533,125
1013367416,Shilpa,Reddy,MD,primary-care,Phillipsburg,NJ,08865,40.708226,-75.147073,14,97.13,1.0125,403
1013370741,Evan,Nevel,DO,cardiology,Browns Mills,NJ,08015,39.931536,-74.543720,10,95.33,0.3853,857
1013371632,Eddie,Akrout,DO,primary-care,Columbus,NJ,08022,40.067590,-74.705741,10,96.91,0.9749,201
1013390855,Bismah,Najeeb,MD,primary-care,Highland Park,NJ,08904,40.500795,-74.427911,11,,0.7314,93
1013391911,Jamie,Flynn,DO,primary-care,Columbus,NJ,08022,40.067590,-74.705741,11,96.91,1.0896,127
1013392919,Yulong,Yang,MD,primary-care,Teaneck,NJ,07666,40.890317,-74.011478,13,,2.6959,144
1013396977,Dunay,Barsbay,MD,primary-care,Berkeley Heights,NJ,07922,40.676590,-74.427022,12,,1.4789,155
1013400175,Bijal,Sheth,MD,primary-care,Paterson,NJ,07503,40.897548,-74.154121,10,,1.0007,82
1013400886,Matthew,Kelly,MD,primary-care,Mount Holly,NJ,08060,40.010005,-74.792207,8,,0.7464,252
1013414580,Rita,Sokkar,DO,primary-care,Flemington,NJ,08822,40.521995,-74.866644,8,85.54,0.7878,465
1013431626,Omar,Yosry,MD,psychiatry,Toms River,NJ,08753,39.979668,-74.150739,10,23.44,1.0122,249
1013440247,Meghavi,Patel,MD,primary-care,Montclair,NJ,07042,40.813487,-74.219011,10,,0.6144,250
1013440551,Palakkummar,Patel,MD,pulmonology,Hamilton,NJ,08690,40.225833,-74.660096,10,98.51,1.1034,148
1013449958,Christopher,Kuriakose,MD,primary-care,Hackensack,NJ,07601,40.889398,-74.045698,9,81.33,0.5212,412
1013470806,Anita,Sawkar,MD,primary-care,Hackensack,NJ,07601,40.889398,-74.045698,7,81.33,1.1106,190
1013476894,Michelle,Evans,MD,primary-care,Newark,NJ,07112,40.711391,-74.211683,7,98.51,0.7949,39
1013525831,Andrew,Salinas,MD,primary-care,Morristown,NJ,07960,40.779235,-74.502462,7,,1.2637,344
1013531193,Daniel,Shor,MD,primary-care,Eatontown,NJ,07724,40.298625,-74.074178,6,,0.5954,265
1013533017,Darshini,Shah,MD,primary-care,Hackensack,NJ,07601,40.889398,-74.045698,6,96.09,1.3829,32
1013545177,Shawn,Keating,MD,primary-care,Newark,NJ,07112,40.711391,-74.211683,6,87.07,0.8104,210
1013545862,Anna,Radisic,MD,primary-care,Brick,NJ,08723,40.038584,-74.111600,6,,0.4588,153
1013577311,Samantha,Mcmahon,DO,neurology,Marlton,NJ,08053,39.856677,-74.900810,7,81.15,1.3619,71
1013590926,Janaki,Makadia,MD,primary-care,Newark,NJ,07112,40.711391,-74.211683,7,87.07,0.9519,47
1013595362,Daniel,Bobo,MD,primary-care,Hillsborough,NJ,08844,40.497692,-74.670505,6,87.07,0.5039,75
1013901511,Salvatore,Focella,MD,primary-care,Paramus,NJ,07652,40.947299,-74.070169,36,,0.5853,87
1013902477,David,Powell,MD,cardiology,Springfield,NJ,07081,40.697966,-74.334436,36,,0.5437,1807
1013911486,Traci,Tamburello,MD,primary-care,Piscataway,NJ,08854,40.539658,-74.462791,27,,0.6719,12
1013913847,Vincent,Abenante,MD,primary-care,Manahawkin,NJ,08050,39.712132,-74.231888,31,,1.4813,332
1013930304,Bela,Patel,MD,primary-care,Robbinsville,NJ,08691,40.208319,-74.600928,31,,2.0981,40
1013938661,Elana,Segal,MD,dermatology,Sewell,NJ,08080,39.757353,-75.122043,25,90.2,0.8445,522
1013939917,Nereida,Diaz-Johnson,MD,primary-care,Union,NJ,07083,40.695266,-74.269078,41,,1.5540,156
1013944859,David,Nazarian,MD,orthopedics,Marlton,NJ,08053,39.856677,-74.900810,35,,1.3148,992
1013951227,Sena,Sumathisena,MD,cardiology,Browns Mills,NJ,08015,39.931536,-74.543720,60,95.33,0.1361,2265
1013952084,Jonathan,Blume,MD,dermatology,West Wood,NJ,07675,41.003484,-74.001753,24,93.65,1.3721,1373
1013953660,Brian,Chernoff,MD,primary-care,West Deptford,NJ,08086,39.851212,-75.185663,34,,1.3832,484
1013958875,Mavola,Tench,MD,primary-care,Buena,NJ,08310,39.531437,-74.896810,33,,1.0658,194
1013962166,Gregory,Cuozzo,MD,primary-care,Toms River,NJ,08755,40.008534,-74.221768,30,,1.1898,135
1013964204,Ann,Wry,MD,primary-care,Rochelle Park,NJ,07662,40.906496,-74.078005,37,75,1.6046,224
1013967520,Malvin,Keller,MD,cardiology,Edison,NJ,08837,40.514281,-74.343859,51,96.09,1.0638,1126
1013973916,Mitchell,Baruchin,MD,cardiology,Jersey City,NJ,07306,40.736294,-74.071128,42,,0.3631,1804
1013982586,Stephen,Nychay,MD,dermatology,West Wood,NJ,07675,41.003484,-74.001753,40,93.65,4.9395,782
1013983998,Manish,Patel,MD,primary-care,New Brunswick,NJ,08901,40.483638,-74.442460,24,98.51,1.3689,101
1013985928,Michael,Gironta,DO,primary-care,Morristown,NJ,07960,40.779235,-74.502462,35,,1.2981,566
1013988286,Prabhat,Sinha,MD,primary-care,Toms River,NJ,08755,40.008534,-74.221768,34,,2.4131,1150
1013995893,Satish,Bhutani,MD,primary-care,Toms River,NJ,08753,39.979668,-74.150739,50,96.09,0.9449,355
1013998756,Kenneth,Herman,DO,dermatology,Haddon Heights,NJ,08035,39.879127,-75.065918,42,93.06,1.1656,928
1023002664,Sabatino,Ciatti,MD,dermatology,Westfield,NJ,07090,40.651644,-74.343447,34,73.06,4.4030,1457
1023004389,Arthur,Campbell,MD,primary-care,Bedminster,NJ,07921,40.656019,-74.678657,40,,1.1535,165
1023012952,Richard,Mauriello,DO,primary-care,Berlin,NJ,08009,39.760656,-74.932860,51,,1.6253,221
1023014909,George,Pavlou,MD,gastroenterology,Woodland Park,NJ,07424,40.882319,-74.205876,40,85.89,1.3834,483
1023016052,Jeffrey,Schwartz,MD,cardiology,Morristown,NJ,07960,40.779235,-74.502462,32,,0.8531,1136
1023018520,Bruce,Haik,MD,cardiology,Livingston,NJ,07039,40.785828,-74.329100,43,98.51,2.1577,116
1023025236,Howard,Baruch,MD,orthopedics,Cliffside Park,NJ,07010,40.822052,-73.987938,41,,0.7497,336
1023034006,Christine,Gerges,DO,primary-care,Morristown,NJ,07960,40.779235,-74.502462,24,,0.8156,710
1023034774,Najib,Alturk,MD,cardiology,Toms River,NJ,08755,40.008534,-74.221768,39,88.01,1.2414,1804
1023037959,David,Lamb,MD,orthopedics,Princeton,NJ,08540,40.364728,-74.656314,35,86.72,0.7093,242
1023041472,Shirley,Bembo,MD,endocrinology,Princeton,NJ,08540,40.364728,-74.656314,29,,1.0879,368
1023044104,Jayendra,Patel,MD,cardiology,Marlboro,NJ,07746,40.323490,-74.254572,43,96.09,1.4501,809
1023045358,Andrei,Terentiev,MD,primary-care,Fort Lee,NJ,07024,40.850640,-73.971007,38,,1.3168,252
1023048584,Holly,Cullen,MD,gastroenterology,Emerson,NJ,07630,40.974990,-74.023248,39,96.09,0.7919,319
1023049558,Rey,Villanobos,MD,endocrinology,Somerset,NJ,08873,40.499667,-74.531844,26,,0.9704,239
1023053402,Jitha,Rai-Patel,MD,gastroenterology,Lumberton,NJ,08048,39.953850,-74.803026,24,95.33,0.8148,456
1023056819,Parvathy,Thiruwilwamala,MD,primary-care,Rahway,NJ,07065,40.607152,-74.280531,30,,0.9493,416
1023059722,Chukwuemeka,Ibeku,MD,primary-care,Union,NJ,07083,40.695266,-74.269078,34,,1.0098,47
1023062866,Dusan,Knezevic,MD,cardiology,Glen Ridge,NJ,07028,40.804798,-74.204569,32,81.33,0.6057,1741
1023071669,Guillermo,Munoz,DO,primary-care,Elizabeth,NJ,07201,40.671272,-74.177358,36,,0.7962,138
1023075363,Vinod,Aggarwal,MD,pulmonology,Holmdel,NJ,07733,40.374964,-74.173849,43,99.64,1.2969,426
1023077393,Kirk,Levy,MD,neurology,Englewood,NJ,07631,40.891197,-73.972515,33,96.09,0.8992,1046
1023081338,Zorayda,Deleon,MD,primary-care,Jersey City,NJ,07307,40.751842,-74.053976,40,,0.8992,81
1023082518,David,Leopold,MD,primary-care,Neptune,NJ,07753,40.210761,-74.074499,27,81.33,0.5092,26
1023083953,Syed,Alam,MD,psychiatry,Clinton,NJ,08809,40.646036,-74.924609,39,,0.5177,267
1023085263,Tong,Hao,MD,primary-care,Neptune,NJ,07753,40.210761,-74.074499,35,,2.9774,299
1023086691,Joseph,Degregorio,MD,cardiology,Glen Ridge,NJ,07028,40.804798,-74.204569,35,96.09,3.6515,179
1023087533,Robin,Feigelis,MD,cardiology,Englewood,NJ,07631,40.891197,-73.972515,43,96.09,0.4120,1081
1023089778,David,Zukoff,MD,cardiology,Red Bank,NJ,07701,40.360509,-74.078952,39,81.97,0.5813,1284
1023095007,David,Gentile,MD,orthopedics,Tinton Falls,NJ,07724,40.298625,-74.074178,34,75,0.9500,269
1023096302,Nancy,Somer,MD,primary-care,Vernon,NJ,07462,41.198456,-74.495575,35,,1.0584,25
1023096575,Gregory,Lesser,MD,gastroenterology,Newark,NJ,07105,40.723066,-74.138636,27,,1.2639,109
1023103884,Stephen,Szawlewicz,MD,cardiology,Browns Mills,NJ,08015,39.931536,-74.543720,29,95.33,0.4718,799
1023109121,Roger,Pollock,MD,orthopedics,Paramus,NJ,07652,40.947299,-74.070169,41,,0.6456,249
1023110749,Fred,Kobylarz,MD,primary-care,New Brunswick,NJ,08901,40.483638,-74.442460,38,,1.2039,251
1023111507,Christopher,Boni,MD,primary-care,Berkeley Heights,NJ,07922,40.676590,-74.427022,36,,1.4008,376
1023118106,Izzat,Shah,MD,cardiology,Phillipsburg,NJ,08865,40.708226,-75.147073,41,97.13,0.4428,1189
1023120615,Yoganand,Deendyal,MD,primary-care,Pennington,NJ,08534,40.329422,-74.792789,42,,0.6441,119
1023122306,Hussein,Kiliddar,MD,pulmonology,Camden,NJ,08103,39.935202,-75.112703,32,91.83,0.6068,673
1023123650,Joseph,Sobelman,MD,neurology,Passaic,NJ,07055,40.857552,-74.129089,44,,3.4543,52
1023177409,Josephine,Caggia,DO,primary-care,Roselle Park,NJ,07204,40.665312,-74.266555,32,98.51,1.2802,642
1023187143,Alyssa,Becker,MD,primary-care,Englewood,NJ,07631,40.891197,-73.972515,31,96.09,0.9662,227
1023196979,Elise,Butkiewicz,MD,primary-care,Summit,NJ,07901,40.714923,-74.366372,32,,0.9372,89
1023202439,Sonal,Batra,MD,psychiatry,Princeton,NJ,08540,40.364728,-74.656314,20,,0.4464,41
1023207263,Shani,Stein,MD,psychiatry,Clifton,NJ,07012,40.846899,-74.160537,23,,1.1317,42
1023214897,Anil,Singh,MD,primary-care,Edison,NJ,08820,40.576806,-74.365750,24,98.72,3.3210,130
1023218096,Rikki,Racela,MD,neurology,Englewood,NJ,07631,40.891197,-73.972515,19,96.09,0.9983,887
1023226958,Fabio,Piazza,MD,primary-care,Garfield,NJ,07026,40.879797,-74.108250,10,,1.1244,221
1023242799,Ewa,Ruel,MD,endocrinology,Pennington,NJ,08534,40.329422,-74.792789,17,,0.9416,211
1023256559,Gabriela,Wojnarska-Alvarez,MD,primary-care,Montvale,NJ,07645,41.054594,-74.047298,21,20.34,1.0674,307
1023256567,Kunal,Gupta,MD,gastroenterology,Red Bank,NJ,07701,40.360509,-74.078952,20,98.3,0.9204,713
1023257243,Niku,Thomas,MD,cardiology,Camden,NJ,08103,39.935202,-75.112703,29,,0.6271,702
1023261112,Elizbeth,Lee,MD,primary-care,Camden,NJ,08103,39.935202,-75.112703,19,99.52,0.7822,120
1023273703,Aron,Barsky,MD,cardiology,Roselle Park,NJ,07204,40.665312,-74.266555,21,81.33,0.8700,913
1023277290,Hristo,Stoytchev,MD,primary-care,Newton,NJ,07860,41.057287,-74.802737,21,,1.0291,526
1023277910,Noa,Biran,MD,oncology,Hackensack,NJ,07601,40.889398,-74.045698,18,85.29,1.2303,466
1023289774,Barry,Schair,MD,cardiology,Wayne,NJ,07470,40.945855,-74.245077,24,,0.6988,797
1023296936,Hrach,Kasaryan,DO,cardiology,Hackensack,NJ,07601,40.889398,-74.045698,22,96.09,0.8402,1460
1023308988,Kimberly,Tucker,MD,orthopedics,Wayne,NJ,07470,40.945855,-74.245077,15,,1.0838,68
1023314408,Shahzad,Zia,MD,primary-care,Red Bank,NJ,07701,40.360509,-74.078952,20,,0.8127,658
1023341047,Kevin,Gershuny,DO,primary-care,Englewood,NJ,07631,40.891197,-73.972515,17,,1.7574,596
1023348687,Meera,Patel,MD,primary-care,Pompton Plains,NJ,07444,40.967407,-74.306967,18,,0.9401,34
1023360203,Karen,Balonze,MD,primary-care,Berkeley Heights,NJ,07922,40.676590,-74.427022,15,,1.9974,122
1023362787,Keval,Patel,MD,cardiology,Eatontown,NJ,07724,40.298625,-74.074178,14,93.22,1.4849,934
1023371762,Benjamin,Dratch,DO,primary-care,Pennsauken,NJ,08109,39.949330,-75.049530,14,,0.4771,168
1023391950,Noeen,Ahmad,DO,pulmonology,Berkeley Heights,NJ,07922,40.676590,-74.427022,21,,1.0822,468
1023403854,Fazal,Ali,DO,cardiology,Newark,NJ,07112,40.711391,-74.211683,11,98.51,2.0210,82
1023410701,Michaela,Lei,DO,primary-care,Milford,NJ,08848,40.594266,-75.096659,14,,0.4336,191
1023428273,Adam,Zayac,MD,oncology,New Brunswick,NJ,08901,40.483638,-74.442460,12,88.4,0.8298,85
1023437092,Seulkih,Shin,MD,primary-care,Harrington Park,NJ,07640,40.991681,-73.980202,12,,0.8663,285
1023464427,Jay,Naik,MD,primary-care,New Brunswick,NJ,08901,40.483638,-74.442460,10,,1.1307,109
1023490935,Alex,Lazo Vasquez,MD,primary-care,Hackensack,NJ,07601,40.889398,-74.045698,15,,0.5754,390
1023499340,Kafi,Rudolph,MD,primary-care,Cherry Hill,NJ,08034,39.906100,-75.000375,11,,0.4845,170
1023514122,Thai,Dang,DO,neurology,Fairfield,NJ,07004,40.882508,-74.304593,8,,0.7323,492
1023514833,Tyler,Holsapple,MD,primary-care,Summit,NJ,07901,40.714923,-74.366372,8,,0.7244,45
1023540440,Carmen,Shulman,MD,primary-care,New Brunswick,NJ,08901,40.483638,-74.442460,10,98.51,1.0628,134
1023543329,Harshasu,Barot,MD,psychiatry,Hackensack,NJ,07601,40.889398,-74.045698,9,81.33,0.2933,14
1023547601,Parth,Patel,MD,dermatology,Piscataway,NJ,08854,40.539658,-74.462791,9,95.7,3.8682,641
1023548161,Hung,Pham,DO,primary-care,Voorhees,NJ,08043,39.848570,-74.952843,9,,0.5959,249
1023549961,Sneha,Sreekumar,MD,primary-care,Freehold,NJ,07728,40.225793,-74.285785,9,98.51,0.7878,158
1023570645,Chandni,Patel,MD,primary-care,Paterson,NJ,07503,40.897548,-74.154121,11,,1.3379,27
1023578374,Jared,Krok,MD,primary-care,Livingston,NJ,07039,40.785828,-74.329100,7,87.07,0.7117,718
1023647153,Myint Thin,Oo,MD,primary-care,Montclair,NJ,07042,40.813487,-74.219011,19,87.07,0.8750,620
1023672029,Rahed,Mohammed,MD,primary-care,Paterson,NJ,07503,40.897548,-74.154121,7,,0.6947,71
1023679974,Eli,Wercberger,DO,primary-care,Trenton,NJ,08611,40.183615,-74.740319,3,,1.9810,448
1023698693,Ruby,Zucker,MD,primary-care,Ewing,NJ,08628,40.264418,-74.827047,5,96.91,0.5749,66
1033103528,Julio,Hip-Flores,MD,primary-care,Piscataway,NJ,08854,40.539658,-74.462791,50,,1.6063,138
1033109046,Rita,Weinstein,MD,dermatology,East Brunswick,NJ,08816,40.429119,-74.416287,57,100,0.9857,612
1033117171,Joseph,Duffy,MD,primary-care,Paterson,NJ,07503,40.897548,-74.154121,39,,0.7458,122
1033117346,Bruce,Monaghan,MD,orthopedics,Vineland,NJ,08360,39.492354,-75.003447,36,,0.9433,407
1033119383,Joseph,Landolfi,DO,neurology,Edison,NJ,08820,40.576806,-74.365750,34,81.33,0.7276,27
1033119573,Mohammad,Chaudhry,MD,primary-care,Union City,NJ,07087,40.767224,-74.032429,27,,1.0092,366
1033123153,Sharmalie,Perera,MD,primary-care,Bayonne,NJ,07002,40.662495,-74.110201,30,,0.6357,16
1033123161,Judy,Lin,MD,gastroenterology,Teaneck,NJ,07666,40.890317,-74.011478,28,,0.9444,490
1033126735,Jeffrey,Mitchel,MD,cardiology,Englewood,NJ,07631,40.891197,-73.972515,52,96.09,0.8991,1344
1033129978,Dennis,Katechis,DO,cardiology,Englewood,NJ,07631,40.891197,-73.972515,29,96.09,0.8605,1160
1033135793,Joseph,Bordieri,MD,primary-care,Jamesburg,NJ,08831,40.334341,-74.432502,25,96.91,1.4199,534
1033138029,Tarun,Sharma,MD,gastroenterology,Toms River,NJ,08755,40.008534,-74.221768,28,,1.1187,423
1033142112,Grigory,Goldberg,MD,orthopedics,Ocean,NJ,07712,40.246895,-74.054502,26,72.19,0.3820,199
1033146618,Ashish,Awasthi,MD,cardiology,Freehold,NJ,07728,40.225793,-74.285785,34,98.51,0.9961,1237
1033151451,Cristian,Vladu,MD,primary-care,Tinton Falls,NJ,07724,40.298625,-74.074178,29,,1.2661,678
1033152707,Marie,Hasson,MD,psychiatry,Englewood,NJ,07631,40.891197,-73.972515,31,,0.3675,23
1033153689,Andrew,Romano,DO,primary-care,Manahawkin,NJ,08050,39.712132,-74.231888,28,,0.8182,252
1033153911,John,Owens,MD,orthopedics,Teaneck,NJ,07666,40.890317,-74.011478,36,,1.3199,328
1033154463,Gary,Matusow,MD,gastroenterology,Cherry Hill,NJ,08002,39.934605,-75.025389,44,91.83,0.5452,515
1033167978,Robert,Richardson,MD,primary-care,Nutley,NJ,07110,40.820616,-74.156250,50,,2.4229,89
1033170030,Ronald,Gove,MD,primary-care,Linwood,NJ,08221,39.339936,-74.564470,49,,0.6350,274
1033181680,Ahmed,Mekkawy,MD,pulmonology,Clifton,NJ,07013,40.869405,-74.173062,49,48.9,1.7367,503
1033183629,Everett,Schlam,MD,primary-care,Verona,NJ,07044,40.832468,-74.242863,42,,0.9826,159
1033186200,Sarwat,Umer,MD,primary-care,Teaneck,NJ,07666,40.890317,-74.011478,35,,4.0254,123
1033186739,Michele,Morandi,DO,primary-care,Roselle Park,NJ,07204,40.665312,-74.266555,32,98.51,1.3959,777
1033193628,Sanjeev,Nayyar,MD,gastroenterology,Old Bridge,NJ,08857,40.392789,-74.330397,42,,1.6042,872
1033199815,Christopher,Zitnay,MD,endocrinology,Cape May Court House,NJ,08210,39.119187,-74.823188,35,78.15,0.9976,138
1033205323,Stephen,Akers,MD,pulmonology,Willingboro,NJ,08046,40.027950,-74.886984,45,91.83,0.4263,168
1033209333,Sri,Rajaram,MD,primary-care,East Windsor,NJ,08512,40.324357,-74.525526,37,98.51,1.1789,135
1033213236,Gary,Misko,MD,primary-care,Metuchen,NJ,08840,40.543139,-74.358981,32,,1.2274,85
1033215298,Edward,Decter,MD,orthopedics,Cedar Knolls,NJ,07927,40.823725,-74.456354,51,79.23,0.4917,15
1033215819,Michael,Brescia,MD,pulmonology,Roselle Park,NJ,07204,40.665312,-74.266555,41,,2.7586,278
1033215892,Jean,Randazzo,MD,primary-care,Morristown,NJ,07960,40.779235,-74.502462,36,,1.2060,536
1033218631,Ritu,Chandak,MD,psychiatry,Jersey City,NJ,07302,40.718808,-74.044634,31,98.51,0.6516,99
1033227459,Ramon,Rego,MD,primary-care,Secaucus,NJ,07094,40.781958,-74.067649,38,96.09,0.4762,582
1033245311,Swetha,Voddi,MD,primary-care,Hamilton,NJ,08619,40.242301,-74.696408,25,96.91,0.6775,179
1033256243,Michael,Cunningham,MD,orthopedics,Holmdel,NJ,07733,40.374964,-74.173849,41,81.33,1.0866,524
1033257712,Arshad,Siddiqui,MD,psychiatry,Plainsboro,NJ,08536,40.333076,-74.586628,22,,0.5203,46
1033283759,Amanullah,Vazir,MD,pulmonology,Woodland Park,NJ,07424,40.882319,-74.205876,39,,2.0487,690
1033291711,Kamran,Hamirani,MD,cardiology,Newark,NJ,07103,40.738852,-74.195264,36,81.33,0.2310,1826
1033314042,Jeffrey,Leary,MD,orthopedics,New Providence,NJ,07974,40.696919,-74.403853,21,,1.0894,691
1033314299,Yetunde,Adeola,MD,psychiatry,Millburn,NJ,07041,40.722433,-74.301561,23,,3.0776,16
1033314745,Violet,Kramer,MD,pulmonology,Eatontown,NJ,07724,40.298625,-74.074178,22,98.51,1.3232,413
1033317219,David,Dickerson,MD,orthopedics,Toms River,NJ,08755,40.008534,-74.221768,23,22.9,1.5208,539
1033321229,Elizabeth,Levinson,MD,primary-care,Cherry Hill,NJ,08034,39.906100,-75.000375,21,,0.3114,304
1033321302,Sandra,Carlson,MD,primary-care,Harrington Park,NJ,07640,40.991681,-73.980202,32,96.09,0.9587,56
1033325444,Vincent,Savarese,MD,endocrinology,Willingboro,NJ,08046,40.027950,-74.886984,17,81.15,0.8338,563
1033326152,Felix,Pacheco,MD,primary-care,Hoboken,NJ,07030,40.745251,-74.027926,26,95.05,1.0217,242
1033328711,Hatice,Burakgazi Yilmaz,MD,psychiatry,Lawrenceville,NJ,08648,40.284490,-74.717487,27,,7.3586,36
1033347760,Yvette,Ho,MD,orthopedics,Morristown,NJ,07960,40.779235,-74.502462,18,,0.7465,107
1033353990,Michael,Hackman,MD,primary-care,Camden,NJ,08103,39.935202,-75.112703,17,81.15,0.4890,442
1033356027,Thomas,Grookett,MD,pulmonology,Moorestown,NJ,08057,39.979658,-74.941308,23,91.83,0.6745,468
1033397732,Khalid,Hanafy,MD,neurology,Camden,NJ,08103,39.935202,-75.112703,22,,1.3337,88
1033400056,Anirudh,Kapoor,MD,neurology,Plainsboro,NJ,08536,40.333076,-74.586628,19,,0.5010,447
1033403357,Anup,Mani,DO,psychiatry,Atlantic City,NJ,08401,39.377337,-74.451070,15,,0.7374,84
1033413422,Amy,Ali,MD,primary-care,Emerson,NJ,07630,40.974990,-74.023248,18,,0.6170,389
1033442207,Arunabh,Sekhri,MD,oncology,Jersey City,NJ,07302,40.718808,-74.044634,22,,1.0389,93
1033461231,Rupal,Bhingradia,MD,primary-care,Lincoln Park,NJ,07035,40.927501,-74.308334,16,,0.4164,319
1033475249,Mariam,Wassef,DO,primary-care,Livingston,NJ,07039,40.785828,-74.329100,14,98.51,0.9952,540
1033484209,Elana,Clar,MD,neurology,Paramus,NJ,07652,40.947299,-74.070169,10,75,2.3210,227
1033489802,Donna,Kaminski,DO,primary-care,Somerville,NJ,08876,40.589554,-74.685411,16,,0.5705,149
1033523022,Natalie,Redziniak,MD,primary-care,Pennington,NJ,08534,40.329422,-74.792789,14,96.91,0.6915,171
1033532189,Amit,Ray,MD,primary-care,Camden,NJ,08103,39.935202,-75.112703,16,,0.5944,389
1033560255,Maninderpal,Kaur,MD,primary-care,Newark,NJ,07103,40.738852,-74.195264,10,,1.1021,155
1033575535,Percy,Genyk,MD,primary-care,Flemington,NJ,08822,40.521995,-74.866644,8,85.54,0.9465,279
1033606249,Monica,Rosales Santillan,MD,dermatology,West New York,NJ,07093,40.786704,-74.008909,8,,0.4537,91
1033626403,Pratik,Shah,MD,primary-care,Camden,NJ,08103,39.935202,-75.112703,9,99.52,0.5016,98
1033642897,Andrew,Mendoza,MD,primary-care,New Brunswick,NJ,08901,40.483638,-74.442460,9,,0.3399,188
1033644141,Dhruv,Patel,DO,primary-care,Edison,NJ,08820,40.576806,-74.365750,9,,1.0586,191
1033646583,Hussain,Abdullah,MD,psychiatry,Brick,NJ,08724,40.091032,-74.114395,14,81.33,0.6364,206
1033662622,Nikhil,Sahai,MD,orthopedics,Wayne,NJ,07470,40.945855,-74.245077,11,,1.0940,217
1033679097,Nelly,Grigoryan,MD,primary-care,Camden,NJ,08103,39.935202,-75.112703,7,81.21,0.8474,160
1033696174,Wakilu,Shittu,MD,psychiatry,Atlantic City,NJ,08401,39.377337,-74.451070,12,,0.4336,93
1033697834,Gregory,Hilditch,MD,primary-care,Camden,NJ,08103,39.935202,-75.112703,8,99.52,0.7415,291
1033730775,Pedro,Colon Ortiz,MD,primary-care,Pompton Plains,NJ,07444,40.967407,-74.306967,6,,0.5557,178
1033746672,Sherry,Young,DO,primary-care,Freehold,NJ,07728,40.225793,-74.285785,6,,0.6925,320
1033747399,David,Mikhael,MD,primary-care,Livingston,NJ,07039,40.785828,-74.329100,12,,0.6766,599
1033747852,Milana,Nathans,MD,primary-care,Morristown,NJ,07960,40.779235,-74.502462,7,,0.8787,442
1033748900,Rachel,Boccella,DO,primary-care,Woodbury,NJ,08096,39.829402,-75.129032,6,99.52,0.7648,148
1033791850,Shuvo,Roy,DO,primary-care,Stratford,NJ,08084,39.828990,-75.015536,5,,0.5473,78
1043204985,Todd,Krell,MD,orthopedics,Westfield,NJ,07090,40.651644,-74.343447,44,75,1.3654,237
1043205313,Richard,Scher,DO,oncology,Little Silver,NJ,07739,40.336952,-74.034535,43,80.53,11.5090,591
1043211840,Crisnoel,Cervantes,MD,primary-care,Whiting,NJ,08759,39.961826,-74.359828,34,,0.9737,469
1043212970,Laura,Hildebrant,DO,primary-care,Hillsborough,NJ,08844,40.497692,-74.670505,30,,0.6593,343
1043213499,David,Greifinger,MD,orthopedics,Belleville,NJ,07109,40.793481,-74.161159,53,,0.7771,26
1043215288,Timothy,Slaven,DO,cardiology,Atlantic City,NJ,08401,39.377337,-74.451070,33,,1.1549,1429
1043223605,Richard,Islinger,MD,orthopedics,Somers Point,NJ,08244,39.315511,-74.598278,35,,2.0251,280
1043228588,Irfan,Admani,MD,cardiology,Franklin Lakes,NJ,07417,41.007526,-74.205653,30,90.32,1.8083,670
1043229065,Gregory,Collins,MD,primary-care,Atlantic City,NJ,08401,39.377337,-74.451070,35,,0.2667,165
1043232556,Rajesh,Sachdeo,MD,neurology,Neptune,NJ,07753,40.210761,-74.074499,53,,1.1786,412
1043233513,Merwin,Richard,MD,cardiology,North Bergen,NJ,07047,40.793644,-74.025027,37,97.09,11.7228,411
1043236698,Samar,Abrar,MD,psychiatry,Paramus,NJ,07652,40.947299,-74.070169,35,,0.8624,251
1043238439,Jeffrey,Hartford,MD,gastroenterology,Flemington,NJ,08822,40.521995,-74.866644,41,84.94,0.7911,475
1043240823,Anila,Amin,MD,primary-care,Little Egg Harbor Twp,NJ,08087,39.603959,-74.382181,45,,0.8426,126
1043249832,Kameswari,Maganti,MD,cardiology,New Brunswick,NJ,08901,40.483638,-74.442460,35,88.4,0.1823,1297
1043250707,Steven,Beenstock,MD,primary-care,Atlantic City,NJ,08401,39.377337,-74.451070,28,,0.8625,368
1043254535,Robert,Pittman,MD,gastroenterology,Emerson,NJ,07630,40.974990,-74.023248,24,96.09,0.8668,392
1043256134,Murat,Karatepe,MD,cardiology,Toms River,NJ,08755,40.008534,-74.221768,37,93.31,2.0646,789
1043258023,Kesavarao,Mittapalli,MD,primary-care,Hackensack,NJ,07601,40.889398,-74.045698,47,81.33,0.6623,14
1043261001,Obi,Imegwu,MD,primary-care,Somerville,NJ,08876,40.589554,-74.685411,34,90.07,6.6732,1673
1043261746,Bhavana,Rebba,MD,primary-care,Edison,NJ,08837,40.514281,-74.343859,30,96.09,2.2458,442
1043263916,Mark,Dombrowski,MD,primary-care,Emerson,NJ,07630,40.974990,-74.023248,38,,0.5972,435
1043273857,Thomas,Cacciola,MD,primary-care,Paramus,NJ,07652,40.947299,-74.070169,43,25.34,1.7200,253
1043274228,Kevin,Wu,DO,primary-care,Westville,NJ,08093,39.861571,-75.132975,27,,2.0277,280
1043274350,Kurt Florian,Thomas,MD,neurology,Hackensack,NJ,07601,40.889398,-74.045698,44,81.33,0.8505,35
1043276827,Maria,Koliver,MD,primary-care,Newark,NJ,07105,40.723066,-74.138636,37,,1.2401,103
1043282551,Patrick,Saulino,MD,cardiology,Branchburg,NJ,08876,40.589554,-74.685411,45,94.88,2.1906,796
1043287865,Mario,Vukic,MD,neurology,Hackensack,NJ,07601,40.889398,-74.045698,28,89.05,1.4506,676
1043300577,Nancy,Peters,MD,primary-care,Colts Neck,NJ,07722,40.287799,-74.166807,33,,0.7687,299
1043300833,Yves,Dubois,MD,psychiatry,Pennsauken,NJ,08110,39.971893,-75.057876,43,,0.5956,52
1043302946,Michael,Zaboski,MD,primary-care,Elizabeth,NJ,07202,40.652464,-74.216853,39,,1.3617,361
1043304108,Sonja,Gray,MD,psychiatry,Montclair,NJ,07042,40.813487,-74.219011,38,,2.7520,32
1043305808,Pamela,Szeeley,MD,psychiatry,Camden,NJ,08103,39.935202,-75.112703,43,96.42,0.7167,108
1043307440,David,Freilich,MD,cardiology,Morristown,NJ,07960,40.779235,-74.502462,32,,0.8632,1056
1043317753,Victor,Cabales,MD,primary-care,Jersey City,NJ,07306,40.736294,-74.071128,43,,0.9321,129
1043320559,Wilson,Antoine,MD,primary-care,Newark,NJ,07106,40.741768,-74.230452,47,,2.5160,23
1043344716,John,Stabile,MD,primary-care,Hamilton,NJ,08619,40.242301,-74.696408,50,96.91,0.7034,122
1043368749,Ranjita,Sengupta,MD,cardiology,Bridgewater,NJ,08807,40.592434,-74.618840,27,28.94,4.0121,312
1043373715,Anshu,Garg,MD,cardiology,Elizabeth,NJ,07202,40.652464,-74.216853,26,98.51,2.7909,1248
1043378292,Mitchell,Silverman,MD,primary-care,Berkeley Heights,NJ,07922,40.676590,-74.427022,46,,2.0079,440
1043383557,Danielle,Cavallo,DO,primary-care,Warren,NJ,07059,40.634588,-74.519044,25,,0.5357,93
1043383995,Eric,Rosendorf,MD,gastroenterology,River Edge,NJ,07661,40.927354,-74.039611,31,83.47,1.3955,360
1043389083,Asha,Vijayakumar,MD,primary-care,Piscataway,NJ,08854,40.539658,-74.462791,43,,0.3594,161
1043389869,John,Smith,DO,cardiology,Clifton,NJ,07012,40.846899,-74.160537,53,96.87,0.8766,16
1043393317,Jozsef,Duhl,MD,gastroenterology,Hackensack,NJ,07601,40.889398,-74.045698,44,,1.2674,485
1043397441,Alfred,Tallia,MD,primary-care,New Brunswick,NJ,08901,40.483638,-74.442460,48,,0.5999,33
1043398076,Maitri,Patel,MD,primary-care,Iselin,NJ,08830,40.570142,-74.316371,28,,2.7787,107
1043402456,Behjath,Jafry,MD,primary-care,Haddon Heights,NJ,08035,39.879127,-75.065918,22,99.52,0.6936,190
1043415342,Aditi,Chhada,MD,gastroenterology,River Edge,NJ,07661,40.927354,-74.039611,25,,1.3698,266
1043439417,Edward,Armbruster,DO,orthopedics,Freehold,NJ,07728,40.225793,-74.285785,24,,0.9854,211
1043448624,Ryan,Schroeder,MD,primary-care,Bordentown,NJ,08505,40.135589,-74.707255,17,,0.7581,312
1043461908,Henry,Dolch,DO,orthopedics,Camden,NJ,08103,39.935202,-75.112703,21,85.23,1.5522,116
1043478118,Alpesh,Patel,MD,cardiology,Bridgewater,NJ,08807,40.592434,-74.618840,22,98.51,1.0162,954
1043479926,Charlesse,Pondt,MD,oncology,Livingston,NJ,07039,40.785828,-74.329100,18,,0.4764,636
1043482631,Smita,Kargutkar,MD,endocrinology,Red Bank,NJ,07701,40.360509,-74.078952,26,23.57,1.5262,398
1043485055,Lisa,Tully,MD,cardiology,Mendham,NJ,07945,40.780656,-74.601816,18,,0.6504,1509
1043491830,Jose,Costa,MD,gastroenterology,East Brunswick,NJ,08816,40.429119,-74.416287,25,,1.0180,326
1043500614,Merritt,Brown,MD,neurology,New Brunswick,NJ,08901,40.483638,-74.442460,15,94.21,1.9696,51
1043506231,Emad,Noor,MD,neurology,Edison,NJ,08820,40.576806,-74.365750,31,81.33,0.6157,184
1043509037,Yecheskel,Schneider,MD,gastroenterology,Voorhees,NJ,08043,39.848570,-74.952843,15,,0.8146,432
1043516636,Paolo,Salvatore,MD,primary-care,Clark,NJ,07066,40.620650,-74.309862,19,,3.7727,113
1043531247,Tara,Pellegrino,DO,primary-care,Columbus,NJ,08022,40.067590,-74.705741,16,96.91,0.7175,150
1043531726,Kennedy,Daftani,MD,primary-care,Verona,NJ,07044,40.832468,-74.242863,17,,0.7128,284
1043552441,Daniel,Matassa,MD,primary-care,Newark,NJ,07103,40.738852,-74.195264,13,,0.7812,50
1043555493,Batool,Razvi,MD,primary-care,Browns Mills,NJ,08015,39.931536,-74.543720,16,,0.7597,175
1043565179,Rina,Zuniga,MD,primary-care,Marlton,NJ,08053,39.856677,-74.900810,21,,0.7885,308
1043594344,Ma Conchitina,Fojas,MD,endocrinology,Englewood,NJ,07631,40.891197,-73.972515,18,75,2.0335,257
1043630833,Andre,Gabriel,MD,primary-care,Camden,NJ,08103,39.935202,-75.112703,12,99.52,0.6921,160
1043637192,Fadwa,Sumrein,DO,endocrinology,Clifton,NJ,07012,40.846899,-74.160537,12,96.09,1.1273,329
1043639453,Crystal,Tank,MD,primary-care,Glen Ridge,NJ,07028,40.804798,-74.204569,12,,0.9824,156
1043655368,Sizan,Patel,MD,primary-care,Toms River,NJ,08755,40.008534,-74.221768,18,,1.3498,464
1043667892,Casimir,Jedlinski,MD,primary-care,Hoboken,NJ,07030,40.745251,-74.027926,11,,1.1774,549
1043672017,Kimberly,Koury,MD,orthopedics,Pompton Plains,NJ,07444,40.967407,-74.306967,10,96.09,0.6410,316
1043673254,Royce,Shou,MD,primary-care,Englewood,NJ,07631,40.891197,-73.972515,10,96.09,1.0244,356
1043692890,Tony,Issac,MD,psychiatry,Hackensack,NJ,07601,40.889398,-74.045698,11,81.33,0.5725,174
1043697824,Zahava,Farkas,DO,gastroenterology,Bayonne,NJ,07002,40.662495,-74.110201,11,,1.4818,286
1043701253,Joanna,Crincoli,DO,primary-care,Atlantic City,NJ,08401,39.377337,-74.451070,8,,0.8104,28
1043702426,Daniel,Shenouda,MD,primary-care,Montclair,NJ,07042,40.813487,-74.219011,8,68.71,0.5739,610
1043703135,Ivan,Jakimovski,MD,primary-care,Paterson,NJ,07503,40.897548,-74.154121,9,,1.3109,68
1043707268,Islam,Elkherpitawy,MD,primary-care,Montclair,NJ,07042,40.813487,-74.219011,13,26.17,0.7935,708
1043708407,Ankur,Pradhan,MD,primary-care,Hackensack,NJ,07601,40.889398,-74.045698,8,,0.5549,201
1043717333,Zachary,French,MD,oncology,Sewell,NJ,08080,39.757353,-75.122043,8,,0.3800,70
1043743255,Vandankumar,Patel,MD,pulmonology,Newton,NJ,07860,41.057287,-74.802737,11,,0.7897,266
1043744915,Jonathan,Haskel,MD,orthopedics,Princeton,NJ,08540,40.364728,-74.656314,9,,0.8224,393
1043779788,Shorouq,Al-Karaki,MD,primary-care,Tinton Falls,NJ,07724,40.298625,-74.074178,12,,0.6715,339
1043833106,Waleed,Ijaz,DO,primary-care,Berkeley Heights,NJ,07922,40.676590,-74.427022,6,,0.7646,169
1043846991,David,Peters,MD,primary-care,Tinton Falls,NJ,07701,40.360509,-74.078952,6,,0.4881,122
1043848617,Cynthia,Cheng,DO,primary-care,Bordentown,NJ,08505,40.135589,-74.707255,7,96.91,0.6788,135
1043848989,Sharon,Awasthi,MD,primary-care,Fair Lawn,NJ,07410,40.935830,-74.117505,20,96.09,0.7797,219
1043876121,Deepika,Suleria,MD,primary-care,Trenton,NJ,08638,40.254018,-74.763385,8,,0.8547,233
1043894306,Marina,Elsabaawy,MD,primary-care,Toms River,NJ,08755,40.008534,-74.221768,12,,1.1349,27
1053301010,Bonnie,Cheng,MD,gastroenterology,Wayne,NJ,07470,40.945855,-74.245077,28,85.88,1.0838,668
1053301085,Benjamin,Cohen,MD,dermatology,Eatontown,NJ,07724,40.298625,-74.074178,38,88.81,0.9949,434
1053301499,Ileana,Ortiz Evans,MD,primary-care,Clinton,NJ,08809,40.646036,-74.924609,29,,0.8417,193
1053302976,Tusharkumar,Mistry,MD,primary-care,Englishtown,NJ,07726,40.286506,-74.342547,36,,1.7233,252
1053311233,Phillip,Kramer,MD,neurology,Edison,NJ,08820,40.576806,-74.365750,37,81.33,0.3824,57
1053315986,James,Tovey,MD,orthopedics,Livingston,NJ,07039,40.785828,-74.329100,40,98.51,0.8317,274
1053316653,Michael,Margolin,MD,gastroenterology,Union,NJ,07083,40.695266,-74.269078,44,74.47,1.1214,189
1053317701,Vincent,Tomasuolo,MD,pulmonology,Toms River,NJ,08755,40.008534,-74.221768,39,100,0.6323,283
1053318063,Juhee,Gupta,MD,oncology,Edison,NJ,08820,40.576806,-74.365750,47,,2.6904,135
1053319962,Mervat,Mansour,MD,primary-care,New Brunswick,NJ,08901,40.483638,-74.442460,36,,1.7378,261
1053322354,David,Basch,MD,orthopedics,Sparta,NJ,07871,41.046696,-74.627989,37,,1.1767,52
1053323600,Steven,Leibowitz,MD,gastroenterology,River Edge,NJ,07661,40.927354,-74.039611,41,82.58,1.3645,431
1053325639,Alan,Gordon,MD,psychiatry,Florham Park,NJ,07932,40.777461,-74.392845,47,98.51,1.6185,74
1053329524,Marco,Holgado,DO,primary-care,Franklin,NJ,07416,41.108997,-74.588641,29,,1.1845,390
1053329748,Marcel,Stern,MD,primary-care,Piscataway,NJ,08854,40.539658,-74.462791,47,,0.5899,163
1053330035,Feliks,Shtindler,MD,primary-care,Red Bank,NJ,07701,40.360509,-74.078952,37,,0.5225,217
1053331579,Pablo,Arteta,MD,primary-care,West New York,NJ,07093,40.786704,-74.008909,44,,1.6356,60
1053339945,Vanessa,Trespalacios,MD,primary-care,Livingston,NJ,07039,40.785828,-74.329100,27,,0.6248,160
1053345629,Chirag,Shah,MD,oncology,Toms River,NJ,08753,39.979668,-74.150739,34,100,9.7033,952
1053350389,Terrance,Lee,MD,cardiology,Englewood,NJ,07632,40.884634,-73.944654,44,,1.6536,1601
1053351080,Firoz,Rahman,MD,psychiatry,Princeton,NJ,08540,40.364728,-74.656314,38,,0.5305,50
1053351106,Doron,Katz,MD,primary-care,Englewood,NJ,07631,40.891197,-73.972515,25,,0.8535,227
1053351569,Joseph,Campbell,MD,cardiology,Irvington,NJ,07111,40.723859,-74.232522,29,,3.9652,154
1053351924,Jeffrey,Mazure,DO,primary-care,Cherry Hill,NJ,08034,39.906100,-75.000375,25,,0.9800,239
1053353680,Gail,Mautner,MD,dermatology,Livingston,NJ,07039,40.785828,-74.329100,35,100,0.9872,593
1053354357,Joseph,Ordille,DO,primary-care,Bridgeton,NJ,08302,39.438613,-75.260646,36,,1.1276,129
1053361550,Larisa,Klots,DO,primary-care,East Brunswick,NJ,08816,40.429119,-74.416287,29,,2.1444,279
1053365676,Robert,Kayal,MD,orthopedics,North Bergen,NJ,07047,40.793644,-74.025027,32,75,0.7880,1208
1053366724,Theodore,Conte,MD,neurology,Paramus,NJ,07652,40.947299,-74.070169,28,,1.7523,103
1053367912,Mark,Wiesen,MD,endocrinology,Berkeley Heights,NJ,07922,40.676590,-74.427022,51,,1.0606,899
1053371203,Colin,Brown,MD,gastroenterology,Red Bank,NJ,07701,40.360509,-74.078952,23,98.3,0.8790,754
1053372136,Krista,King,MD,primary-care,Turnersville,NJ,08012,39.783815,-75.056068,28,,1.2964,230
1053376954,Navtika,Desai,DO,endocrinology,Manville,NJ,08835,40.541791,-74.588588,25,,1.1585,57
1053382440,George,Naseef,MD,orthopedics,Morristown,NJ,07960,40.779235,-74.502462,28,90.47,1.4525,401
1053383869,Lillian,Theune,DO,primary-care,Hackettstown,NJ,07840,40.860045,-74.831795,33,55.5,2.0425,363
1053383877,Mark,Sorensen,MD,cardiology,Cape May Court House,NJ,08210,39.119187,-74.823188,46,,0.6570,2091
1053386144,David,Blady,MD,neurology,Berkeley Heights,NJ,07922,40.676590,-74.427022,43,,0.6402,647
1053388439,Sridhar,Nambi,MD,endocrinology,Livingston,NJ,07039,40.785828,-74.329100,42,98.51,0.8667,522
1053390104,John,Franzese,MD,gastroenterology,Berkeley Heights,NJ,07922,40.676590,-74.427022,38,,0.9514,745
1053397224,Hemalatha,Vasireddy,MD,oncology,Belleville,NJ,07109,40.793481,-74.161159,33,98.51,5.0684,524
1053397356,Peter,Curreri,DO,pulmonology,Merchantville,NJ,08109,39.949330,-75.049530,29,100,2.0573,626
1053398065,Natasha,Fuksina,MD,primary-care,Newark,NJ,07107,40.762918,-74.186559,29,,1.5508,332
1053399170,Yebarna,Rana,MD,cardiology,Toms River,NJ,08755,40.008534,-74.221768,56,,0.1903,1297
1053400119,Neal,Schofield,MD,psychiatry,Princeton,NJ,08540,40.364728,-74.656314,52,,0.9239,37
1053402479,Dalia,Hanna,MD,primary-care,Matawan,NJ,07747,40.413250,-74.257674,24,96.09,0.8820,264
1053402784,Arif,Hussain,MD,primary-care,Egg Harbor Township,NJ,08234,39.388393,-74.620728,27,,0.6356,307
1053413500,David,Greenberg,MD,oncology,Hackensack,NJ,07601,40.889398,-74.045698,25,81.33,0.5399,941
1053414854,Richard,Goldweit,MD,cardiology,Englewood,NJ,07631,40.891197,-73.972515,44,96.09,1.1383,730
1053418459,Manish,Patel,MD,primary-care,Elizabeth,NJ,07208,40.672913,-74.224047,32,,1.6584,171
1053421032,Merab,Joseph,MD,endocrinology,Cliffside Park,NJ,07010,40.822052,-73.987938,35,91.06,1.3043,613
1053449421,Amarjit,Saini,MD,primary-care,Edison,NJ,08820,40.576806,-74.365750,56,,1.9088,48
1053457986,Vinod,Kapoor,MD,neurology,Bayonne,NJ,07002,40.662495,-74.110201,46,75,2.0080,289
1053475160,Andrew,Costin,MD,cardiology,Princeton,NJ,08540,40.364728,-74.656314,40,,1.8797,1166
1053475673,Christi,Kim,MD,oncology,Hackensack,NJ,07601,40.889398,-74.045698,23,100,1.1703,221
1053478180,J. Barton,Sterling,MD,dermatology,Spring Lake,NJ,07762,40.153409,-74.033732,26,75,1.1446,1140
1053485243,Emanuele,Santomauro,MD,pulmonology,Hackensack,NJ,07601,40.889398,-74.045698,38,81.33,1.0645,1099
1053490359,Raafat,Ghobraiel,MD,primary-care,East Brunswick,NJ,08816,40.429119,-74.416287,48,,1.6991,91
1053498097,Mortaza,Jafari,MD,primary-care,Newark,NJ,07104,40.767713,-74.168350,50,,2.9277,18
1053502732,Rabia,Cattie,MD,oncology,Camden,NJ,08103,39.935202,-75.112703,25,,0.2543,170
1053511824,Nilam,Srivastava,MD,primary-care,New Brunswick,NJ,08901,40.483638,-74.442460,36,,0.3866,1474
1053512269,Jyothi,Jagadeesh,MD,primary-care,Pompton Plains,NJ,07444,40.967407,-74.306967,32,,1.0950,716
1053514653,Scott,Spagnolo-Hye,DO,primary-care,Cinnaminson,NJ,08077,40.000162,-74.991632,22,,0.4131,279
1053516351,Brian,Keegan,MD,dermatology,Princeton,NJ,08540,40.364728,-74.656314,20,98.04,1.7350,1175
1053519702,Antonio,Velasco,DO,pulmonology,Mullica Hill,NJ,08062,39.716095,-75.219267,22,,1.2183,377
1053559427,Palakkumar,Patel,MD,primary-care,Toms River,NJ,08755,40.008534,-74.221768,23,,1.8936,299
1053561977,Jason,Palermo,MD,cardiology,Haddon Heights,NJ,08035,39.879127,-75.065918,23,90.34,1.0069,1874
1053565630,Alexander,Iofin,MD,psychiatry,Neptune,NJ,07753,40.210761,-74.074499,46,,3.5236,42
1053566257,Altaf,Rasool,MD,primary-care,New Brunswick,NJ,08901,40.483638,-74.442460,25,87.07,1.5330,118
1053568873,Brian,Kim,MD,oncology,Englewood,NJ,07631,40.891197,-73.972515,25,96.09,1.0239,654
1053575209,Chad,Stockham,MD,primary-care,Princeton,NJ,08540,40.364728,-74.656314,21,,1.1089,491
1053576207,Yize,Wang,MD,gastroenterology,Mount Laurel,NJ,08054,39.948992,-74.900247,31,91.83,0.8413,349
1053585232,Christopher,Tully,MD,oncology,Morristown,NJ,07960,40.779235,-74.502462,18,74.75,18.1046,462
1053587998,Jessica,Seares,MD,primary-care,Brick,NJ,08723,40.038584,-74.111600,47,,0.7414,197
1053608257,Regina,Krel,MD,neurology,Hackensack,NJ,07601,40.889398,-74.045698,15,81.33,8.0135,73
1053616631,Jodi,Fox-Mellul,MD,endocrinology,Deptford,NJ,08096,39.829402,-75.129032,24,,0.9860,366
1053626747,Rahul,Malhotra,MD,psychiatry,Summit,NJ,07901,40.714923,-74.366372,16,,1.9164,62
1053630178,Jessica,Taubman,MD,primary-care,Jersey City,NJ,07302,40.718808,-74.044634,16,85.15,0.9016,72
1053643361,Bertha,Mayorquin,MD,primary-care,Jersey City,NJ,07305,40.693004,-74.069650,27,98.51,0.9829,82
1053645739,Barbara,Cirignano,MD,primary-care,Holmdel,NJ,07733,40.374964,-74.173849,18,96.09,1.3665,102
1053648311,Neha,Bangia,MD,primary-care,Old Bridge,NJ,08857,40.392789,-74.330397,22,,1.8090,72
1053651398,Nicole,Zucconi,DO,primary-care,Millville,NJ,08332,39.366217,-75.026853,15,,1.2752,425
1053662379,Marc,Mongeau,DO,pulmonology,Turnersville,NJ,08012,39.783815,-75.056068,14,,0.6623,442
1053670679,Devi,Patel,MD,gastroenterology,Flemington,NJ,08822,40.521995,-74.866644,14,94.48,1.1546,436
1053672865,Nilofer,Tohfafarosh,MD,primary-care,Hamilton,NJ,08691,40.208319,-74.600928,20,,0.4668,558
1053674390,Gene,Iucci,DO,cardiology,Somers Point,NJ,08244,39.315511,-74.598278,14,,0.7752,1821
1053675397,Laura,Tavarez,MD,primary-care,Forked River,NJ,08731,39.859886,-74.292741,14,96.09,1.0798,352
1053678672,Shelly,Rishty,MD,neurology,New Brunswick,NJ,08901,40.483638,-74.442460,14,88.4,0.8156,270
1053725960,Jasen,Sood,DO,primary-care,Clementon,NJ,08021,39.806156,-75.000012,12,,0.4335,336
1053734632,Shital,Kayastha,DO,primary-care,West Windsor,NJ,08550,40.279953,-74.622116,13,96.91,1.1851,132
1053748053,Christine,Michael,DO,primary-care,Jackson,NJ,08527,40.108665,-74.358602,13,96.09,0.9093,440
1053748178,Maria,Paschalidis,DO,primary-care,Union City,NJ,07087,40.767224,-74.032429,13,96.09,1.2701,68
1053756379,Idris,Ali,MD,primary-care,Saddle Brook,NJ,07663,40.903099,-74.093591,5,85.15,0.3964,22
1053767475,Howard,Soh,MD,pulmonology,Marlton,NJ,08053,39.856677,-74.900810,10,81.15,0.7553,734
1053769513,Sacha,Charles,DO,primary-care,Livingston,NJ,07039,40.785828,-74.329100,10,,0.9578,360
1053773366,Hassan,Malik,MD,primary-care,Glen Ridge,NJ,07028,40.804798,-74.204569,14,,1.9504,312
1053815050,Meghan,Pillai,MD,primary-care,Cedar Knolls,NJ,07927,40.823725,-74.456354,8,,0.9511,308
1053848382,Angela,Lee,DO,primary-care,Califon,NJ,07830,40.719283,-74.794021,9,,0.5174,211
1053871731,Ari,Berg,MD,orthopedics,Maywood,NJ,07607,40.902885,-74.063457,7,,0.7846,72
1053949420,Liliana,Moreno Garcia,MD,primary-care,Denville,NJ,07834,40.886460,-74.487584,13,,1.2990,210
1053971507,Ziqian,Wang,DO,primary-care,Camden,NJ,08103,39.935202,-75.112703,7,99.52,0.6726,213
1063034239,Jennifer,Trela,MD,primary-care,Jersey City,NJ,07302,40.718808,-74.044634,6,,1.2557,124
1063048908,Ria,Patel,MD,primary-care,Bordentown,NJ,08505,40.135589,-74.707255,7,,0.5784,244
1063073732,Akikuni,Yamada,MD,primary-care,Flemington,NJ,08822,40.521995,-74.866644,7,,0.9629,162
1063094811,Ryan,Williams,MD,primary-care,Camden,NJ,08103,39.935202,-75.112703,5,99.52,0.7376,106
1063403509,Craig,Lampert,MD,oncology,Monroe Township,NJ,08831,40.334341,-74.432502,36,100,6.2674,791
1063404242,Sunil,Khanna,MD,cardiology,Edison,NJ,08820,40.576806,-74.365750,32,81.33,3.1136,348
1063404333,Rhonda,Schneider,MD,dermatology,Morristown,NJ,07960,40.779235,-74.502462,41,,0.6954,756
1063404861,Marc,Michelson,DO,primary-care,Camden,NJ,08103,39.935202,-75.112703,40,99.52,1.0093,284
1063409191,Wayne,Siegel,MD,gastroenterology,Secaucus,NJ,07094,40.781958,-74.067649,40,98.3,1.0743,165
1063412310,Wei Wei,Ma,MD,neurology,Edison,NJ,08820,40.576806,-74.365750,43,81.33,0.8374,294
1063412484,Chandreshwar,Shahi,MD,cardiology,Raritan,NJ,08869,40.571344,-74.646026,43,23.89,2.0715,343
1063413102,Stuart,Fox,MD,neurology,Morristown,NJ,07960,40.779235,-74.502462,51,,0.7404,663
1063417905,Mark,Butler,MD,orthopedics,Somerset,NJ,08873,40.499667,-74.531844,42,75,1.0499,820
1063418655,Anand,Kulkarni,MD,cardiology,Somerset,NJ,08873,40.499667,-74.531844,38,98.51,1.1515,929
1063418994,Nathaniel,Lebowitz,MD,cardiology,Fort Lee,NJ,07024,40.850640,-73.971007,35,96.09,0.9365,1197
1063428803,Alexander,Korenfeld,MD,primary-care,Cliffside Park,NJ,07010,40.822052,-73.987938,49,,5.5342,182
1063428878,Domenica,Barritta,MD,gastroenterology,Kenilworth,NJ,07033,40.678089,-74.288114,27,,1.0951,116
1063428902,Robert,Leon,MD,cardiology,East Orange,NJ,07018,40.755733,-74.217917,36,,1.0783,93
1063429629,Francis,Murphy,MD,psychiatry,Medford,NJ,08055,39.862695,-74.822311,39,,4.3738,49
1063431252,Peimei,Qu,MD,primary-care,Bridgewater,NJ,08807,40.592434,-74.618840,36,,1.4701,109
1063441145,Viren,Vankawala,MD,primary-care,Galloway,NJ,08205,39.482000,-74.452637,37,,1.1279,1087
1063443844,Lawrence,Grill,MD,primary-care,Lakewood,NJ,08701,40.077069,-74.198510,48,96.09,1.5160,247
1063447829,Marc,Klapholz,MD,cardiology,Newark,NJ,07103,40.738852,-74.195264,40,,0.6680,24
1063449700,Daniel,Kessel,MD,dermatology,Hamilton Square,NJ,08690,40.225833,-74.660096,43,75,0.7354,864
1063456911,Cathleen,Finan,DO,primary-care,Cherry Hill,NJ,08034,39.906100,-75.000375,32,,0.8033,43
1063458180,Gerald,Weisfogel,MD,cardiology,Kendall Park,NJ,08824,40.420727,-74.553458,56,,2.3253,338
1063461283,David,Barile,MD,primary-care,Princeton,NJ,08540,40.364728,-74.656314,31,23.23,2.2067,288
1063461614,Scott,Rosenberg,MD,pulmonology,Woodbury,NJ,08096,39.829402,-75.129032,41,,1.1197,441
1063463016,Lance,Markbreiter,MD,orthopedics,Eatontown,NJ,07724,40.298625,-74.074178,38,,0.6702,64
1063463636,Catherine,Zeh,MD,primary-care,Flemington,NJ,08822,40.521995,-74.866644,24,,0.3102,36
1063464246,Medhat,Raouf,MD,primary-care,Ringwood,NJ,07456,41.097039,-74.262921,47,60.12,1.6514,182
1063466357,Anthony,Cioce,DO,primary-care,Morristown,NJ,07960,40.779235,-74.502462,33,,1.0843,98
1063466381,David,Jacob,MD,cardiology,New Brunswick,NJ,08901,40.483638,-74.442460,41,,0.4020,1061
1063492965,Dayaparan,Nadarajah,MD,primary-care,Newton,NJ,07860,41.057287,-74.802737,44,,2.0519,1637
1063493898,Chang,Son,MD,dermatology,Englewood,NJ,07631,40.891197,-73.972515,16,54.05,1.1558,364
1063500775,Sarah,Werbel,MD,primary-care,Lawrenceville,NJ,08648,40.284490,-74.717487,27,,0.8982,57
1063501872,Niveditha,Meghadri,MD,psychiatry,Perth Amboy,NJ,08861,40.520494,-74.272943,35,,0.6874,31
1063503555,Samuel,Banigo,MD,primary-care,Irvington,NJ,07111,40.723859,-74.232522,38,,1.8197,262
1063506293,Edward,Szteinbaum,MD,psychiatry,Princeton,NJ,08540,40.364728,-74.656314,47,,1.8532,11
1063512457,Michael,Cannella,MD,psychiatry,Jersey City,NJ,07305,40.693004,-74.069650,35,98.51,0.6947,95
1063515435,Barbara,Nahas,MD,primary-care,Short Hills,NJ,07078,40.742264,-74.327574,45,,0.8549,222
1063516458,Chang,Kim,MD,psychiatry,Cedar Grove,NJ,07009,40.858017,-74.229784,57,,1.6080,94
1063517860,Paul,Feldan,MD,primary-care,Mount Laurel,NJ,08054,39.948992,-74.900247,41,,1.4798,230
1063535664,Pulin,Patel,MD,primary-care,Edison,NJ,08820,40.576806,-74.365750,33,96.09,2.6941,281
1063543254,Kevin,Holder,MD,primary-care,South Orange,NJ,07079,40.748811,-74.261512,43,,1.3136,44
1063548154,Jonathan,Wiseman,DO,primary-care,Riverside,NJ,08075,40.029676,-74.948997,27,34.8,1.8116,296
1063551687,Pradeep,Mahal,MD,gastroenterology,Union,NJ,07083,40.695266,-74.269078,57,89.96,1.5557,445
1063561413,Samuel,Preschel,MD,primary-care,Lakewood,NJ,08701,40.077069,-74.198510,45,,1.7189,379
1063562445,David,Deramo,MD,orthopedics,West New York,NJ,07093,40.786704,-74.008909,25,,0.7265,53
1063568020,Rudolph,Borgersen,DO,primary-care,Freehold,NJ,07728,40.225793,-74.285785,55,,0.6702,129
1063608875,Oscar,Vazquez,MD,orthopedics,Berkeley Heights,NJ,07922,40.676590,-74.427022,23,,2.1531,743
1063612596,Colette,Knight,MD,endocrinology,Hackensack,NJ,07601,40.889398,-74.045698,29,81.33,1.1310,241
1063613339,Justin,Kubeck,MD,orthopedics,Toms River,NJ,08755,40.008534,-74.221768,24,,0.3583,26
1063617082,Komal,Naik,DO,neurology,Berkeley Heights,NJ,07922,40.676590,-74.427022,24,,1.4191,408
1063618908,Matthew,Grossman,MD,gastroenterology,Morristown,NJ,07960,40.779235,-74.502462,22,,1.3964,294
1063619294,Rajneesh,Mehta,MD,primary-care,Warren,NJ,07059,40.634588,-74.519044,27,,0.5691,765
1063620060,Bassam,Odatalla,MD,primary-care,Piscataway,NJ,08854,40.539658,-74.462791,20,,0.4300,227
1063628360,Joshua,Desipio,MD,gastroenterology,Mount Laurel,NJ,08054,39.948992,-74.900247,26,91.83,0.6842,450
1063651677,Wunhuey,Cheng,DO,primary-care,Stratford,NJ,08084,39.828990,-75.015536,18,81.15,1.6649,216
1063672376,Herneet,Sahani,MD,endocrinology,Newark,NJ,07107,40.762918,-74.186559,40,,1.2258,24
1063672905,Katherine,Fox,MD,primary-care,Morristown,NJ,07960,40.779235,-74.502462,18,,0.6835,208
1063673200,Fiolakemi,Sowemimo,MD,primary-care,Freehold,NJ,07728,40.225793,-74.285785,20,,0.7306,250
1063673432,Terry,Shang,MD,psychiatry,Pomona,NJ,08240,39.488059,-74.533973,41,,1.2666,64
1063678944,Princess,Curtis,MD,dermatology,Morristown,NJ,07960,40.779235,-74.502462,23,92.38,0.6025,602
1063684702,Emily,Felzenberg,DO,primary-care,Hillside,NJ,07205,40.695889,-74.228800,21,,0.4939,180
1063708436,Farrel,Silverman,DO,primary-care,Linwood,NJ,08221,39.339936,-74.564470,14,,0.7180,246
1063730794,Jeffrey,Okun,MD,gastroenterology,Berkeley Heights,NJ,07922,40.676590,-74.427022,16,,1.6567,327
1063738318,Andrew,Toscano,MD,pulmonology,Rockaway,NJ,07866,40.954988,-74.488031,16,,0.7989,764
1063771301,Luis,Correa,MD,primary-care,Bayonne,NJ,07002,40.662495,-74.110201,17,,1.8021,138
1063788404,Roger,Cheng,MD,neurology,New Brunswick,NJ,08901,40.483638,-74.442460,14,88.4,2.0694,147
1063802320,Anna,Kuzel,DO,primary-care,Edison,NJ,08837,40.514281,-74.343859,12,,0.6265,53
1063807196,James,Mckenzie,MD,orthopedics,Camden,NJ,08103,39.935202,-75.112703,11,,0.6808,238
1063808038,Saqib,Chaudhry,MD,primary-care,Linden,NJ,07036,40.624711,-74.239362,14,,0.4446,344
1063808103,Justin,Nealis,MD,primary-care,Flemington,NJ,08822,40.521995,-74.866644,15,,0.6676,378
1063808269,Craig,Wells,DO,primary-care,Clementon,NJ,08021,39.806156,-75.000012,11,,0.3174,365
1063823193,Hendy,Jean,MD,primary-care,Teaneck,NJ,07666,40.890317,-74.011478,4,,0.5403,348
1063826519,Hasan,Ehsan,MD,primary-care,Turnersville,NJ,08012,39.783815,-75.056068,12,,1.1016,324
1063828762,Jared,Preston,MD,orthopedics,New Providence,NJ,07974,40.696919,-74.403853,12,,1.0775,373
1063849040,Michael,Gallagher,DO,neurology,Camden,NJ,08103,39.935202,-75.112703,13,,0.4201,367
1063850949,Anjali,Dutta,MD,cardiology,Morristown,NJ,07960,40.779235,-74.502462,13,,0.9158,689
1063851509,Sean,Kelly,DO,primary-care,Red Bank,NJ,07701,40.360509,-74.078952,13,,0.6211,456
1063852101,Alexandra,Greenberg,DO,gastroenterology,Brick,NJ,08724,40.091032,-74.114395,16,98.3,0.8053,945
1063904274,Thien,Hoang,DO,endocrinology,Egg Harbor Township,NJ,08234,39.388393,-74.620728,8,,1.1052,285
1063906345,Tania,Maheshwari,DO,cardiology,Cherry Hill,NJ,08034,39.906100,-75.000375,8,,0.3208,424
1063918522,Thomas,Priolo,MD,psychiatry,Brick,NJ,08724,40.091032,-74.114395,8,81.33,0.4166,211
1063918951,Mariela,Mitre,MD,dermatology,Hackensack,NJ,07601,40.889398,-74.045698,8,81.33,1.0734,327
1063940963,Marshall,Mckenna,MD,oncology,Livingston,NJ,07039,40.785828,-74.329100,9,,0.2548,83
1063943082,Gary,Devine,DO,primary-care,Newton,NJ,07860,41.057287,-74.802737,9,,0.8163,434
1063944650,Brittany Dee,Mueller,MD,primary-care,Union,NJ,07083,40.695266,-74.269078,9,,0.8031,298
1063961548,Elena,Safronova,MD,psychiatry,Voorhees,NJ,08043,39.848570,-74.952843,16,,0.9257,37
1073000675,Akiqul,Miah,MD,cardiology,Cherry Hill,NJ,08002,39.934605,-75.025389,8,91.83,0.6837,225
1073001525,Melissa,Calt,MD,psychiatry,Neptune,NJ,07753,40.210761,-74.074499,8,,0.5271,185
1073017091,Todd,Prol,DO,cardiology,Hoboken,NJ,07030,40.745251,-74.027926,8,95.05,0.9188,300
1073019444,Geoffrey,Talis,MD,psychiatry,Berkeley Heights,NJ,07922,40.676590,-74.427022,8,,0.2383,60
1073038642,Muhammad Afzal,Khan,MD,primary-care,Rahway,NJ,07065,40.607152,-74.280531,19,87.07,0.6832,328
1073047536,Brendan,Gill,MD,primary-care,Camden,NJ,08103,39.935202,-75.112703,9,91.83,0.8227,210
1073052999,Justin,Lo Re,DO,neurology,Bridgewater,NJ,08807,40.592434,-74.618840,10,,0.8317,368
1073133013,Mina,Aknouk,MD,primary-care,Edison,NJ,08820,40.576806,-74.365750,6,,0.7651,288
1073142972,Alexander,Westcott,MD,primary-care,Berkeley Heights,NJ,07922,40.676590,-74.427022,6,,0.8487,330
1073173381,Mckensie,Wahl,MD,primary-care,Cherry Hill,NJ,08034,39.906100,-75.000375,7,81.15,1.1790,397
1073175659,Rafael,Nigri,MD,primary-care,Newark,NJ,07103,40.738852,-74.195264,11,,0.6425,75
1073197778,Salem,Shihadeh,MD,primary-care,Belleville,NJ,07109,40.793481,-74.161159,6,,0.7297,53
1073198818,Shamsun,Nahar Shammi,MD,primary-care,Neptune,NJ,07753,40.210761,-74.074499,13,,1.1062,72
1073501094,Sarita,Rastogi,MD,primary-care,Hackensack,NJ,07601,40.889398,-74.045698,33,,1.7959,611
1073501284,Stanley,Michael,MD,orthopedics,Cape May Court House,NJ,08210,39.119187,-74.823188,48,85.23,0.7160,412
1073505376,Harold,Tepler,MD,gastroenterology,Red Bank,NJ,07701,40.360509,-74.078952,38,98.3,1.1114,149
1073509931,Paul,Stoopack,MD,gastroenterology,Jersey City,NJ,07306,40.736294,-74.071128,47,98.3,0.9836,274
1073510640,Ronald,Massari,MD,cardiology,Dover,NJ,07801,40.901125,-74.564783,38,,0.6817,1172
1073512356,Craig,Rosen,MD,cardiology,Morristown,NJ,07960,40.779235,-74.502462,33,,1.3621,1057
1073512398,Benjamin,Safirstein,MD,pulmonology,Glen Ridge,NJ,07028,40.804798,-74.204569,,,1.3005,61
1073514113,Mark,Diamond,MD,neurology,Morristown,NJ,07960,40.779235,-74.502462,49,,1.6067,792
1073515706,Daniel,Rosenbaum,MD,endocrinology,Salem,NJ,08079,39.542408,-75.431684,40,91.83,0.6862,445
1073518411,Fernando,Segovia,MD,cardiology,Edgewater,NJ,07020,40.824650,-73.973793,45,90.32,2.1608,537
1073522819,Rajesh,Dhirmalani,MD,gastroenterology,Union,NJ,07083,40.695266,-74.269078,18,74.47,1.8084,140
1073527560,James,Lee,MD,oncology,Moorestown,NJ,08057,39.979658,-74.941308,43,96.59,12.8257,343
1073528634,James,Rommer,MD,primary-care,Livingston,NJ,07039,40.785828,-74.329100,48,,0.5961,816
1073535126,Wendy,Livingston,MD,dermatology,Parsippany,NJ,07054,40.853767,-74.401574,38,78.13,0.7839,863
1073535134,Eric,Strauss,MD,dermatology,Parsippany,NJ,07054,40.853767,-74.401574,30,78.13,1.0102,870
1073544284,Solomon,Kuchipudi,MD,primary-care,Somerset,NJ,08873,40.499667,-74.531844,30,,7.5552,93
1073546636,Ian,Molk,MD,cardiology,Edison,NJ,08820,40.576806,-74.365750,50,81.33,0.6640,1064
1073547428,Richard,Scheuermann,MD,primary-care,Medford,NJ,08055,39.862695,-74.822311,44,,0.8359,63
1073549135,Dwayne,Siu,DO,cardiology,East Brunswick,NJ,08816,40.429119,-74.416287,40,98.51,1.3027,778
1073552576,Michael,Sisack,MD,dermatology,Flemington,NJ,08822,40.521995,-74.866644,25,84.94,0.7538,814
1073554838,Rafael,Enukashvili,MD,primary-care,Old Bridge,NJ,08857,40.392789,-74.330397,44,,1.4096,127
1073554879,Joshua,Shua Haim,MD,primary-care,Manchester,NJ,08759,39.961826,-74.359828,43,26.14,1.5191,486
1073556056,Mitchell,Grobman,MD,neurology,Neptune,NJ,07753,40.210761,-74.074499,37,,0.6223,136
1073556213,Gisela,Munne,MD,primary-care,Hoboken,NJ,07030,40.745251,-74.027926,42,,1.0300,145
1073559597,Rimvida,Obeleniene,MD,cardiology,Fair Lawn,NJ,07410,40.935830,-74.117505,34,,1.2239,919
1073562773,Lisa,Cannon,MD,pulmonology,Parsippany,NJ,07054,40.853767,-74.401574,35,95.24,16.5853,1239
1073573663,Hisham,Elgenaidi,MD,primary-care,Camden,NJ,08103,39.935202,-75.112703,40,81.15,0.4361,390
1073574745,Krishna,Duvvuri,MD,cardiology,Pompton Plains,NJ,07444,40.967407,-74.306967,40,,1.3084,556
1073574869,Robert,Colella,DO,primary-care,Montclair,NJ,07042,40.813487,-74.219011,32,68.71,0.8206,559
1073577920,James,Crudele,MD,primary-care,Moorestown,NJ,08057,39.979658,-74.941308,41,,0.8944,391
1073581625,Eugene,Ryfinski,MD,primary-care,Ewing,NJ,08618,40.249340,-74.789968,43,,1.1681,269
1073581997,Lane,Benoff,MD,cardiology,Hasbrouck Heights,NJ,07604,40.861513,-74.073114,36,96.09,1.2356,878
1073582813,Richard,Mills,MD,neurology,Edison,NJ,08820,40.576806,-74.365750,44,,0.8358,16
1073583720,John,Fisher,MD,primary-care,Sussex,NJ,07461,41.247022,-74.610522,44,,0.9337,391
1073583746,Sivaram,Rajan,MD,orthopedics,Berkeley Heights,NJ,07922,40.676590,-74.427022,29,,1.5438,506
1073590121,Glenn,Mclintock,MD,primary-care,Bordentown,NJ,08505,40.135589,-74.707255,31,,0.8258,549
1073596623,Anthony,Leone,MD,primary-care,Haddonfield,NJ,08033,39.892421,-75.036651,46,,1.1594,354
1073597308,Parag,Patel,MD,cardiology,Toms River,NJ,08755,40.008534,-74.221768,28,22.07,1.3525,1472
1073598850,Olga,Maimon,MD,gastroenterology,East Brunswick,NJ,08816,40.429119,-74.416287,27,75,1.3979,399
1073600748,Vicki,Raab,MD,neurology,Ocean,NJ,07712,40.246895,-74.054502,42,,0.6142,590
1073602082,Robert,Holtzin,DO,primary-care,Egg Harbor Township,NJ,08234,39.388393,-74.620728,46,,0.3782,507
1073605291,Eric,Herman,MD,dermatology,West New York,NJ,07093,40.786704,-74.008909,50,75,1.0512,253
1073612008,Jose,Camacho,MD,primary-care,Woodbury,NJ,08096,39.829402,-75.129032,37,,0.8137,574
1073612990,Isaac,Tawfik,MD,cardiology,Livingston,NJ,07039,40.785828,-74.329100,23,,1.5891,1902
1073631081,Diana,Riccioli,MD,psychiatry,Clifton,NJ,07013,40.869405,-74.173062,38,,1.5690,48
1073635421,Blair,Beltzer,MD,primary-care,Toms River,NJ,08755,40.008534,-74.221768,41,,1.2485,104
1073648994,Jeffrey,Kim,MD,pulmonology,Emerson,NJ,07630,40.974990,-74.023248,26,96.09,1.4980,508
1073668679,Steven,Garcia,MD,primary-care,Hoboken,NJ,07030,40.745251,-74.027926,37,,0.3843,56
1073672085,Sameer,Azhak,MD,cardiology,Wayne,NJ,07470,40.945855,-74.245077,24,,0.7280,863
1073675740,Jaxon,Fernandes,MD,primary-care,Newark,NJ,07112,40.711391,-74.211683,33,87.07,0.4463,239
1073687240,Marina,Alexandrova,MD,primary-care,Nutley,NJ,07110,40.820616,-74.156250,36,,1.6994,27
1073688438,John,Freiheiter,MD,primary-care,Randolph,NJ,07869,40.841640,-74.578522,36,87.16,1.4446,77
1073694535,Kathleen,Bradley,MD,primary-care,Voorhees,NJ,08043,39.848570,-74.952843,33,,0.5143,114
1073695458,John,Salvo,MD,orthopedics,Marlton,NJ,08053,39.856677,-74.900810,32,92.57,0.9410,105
1073698049,Bharat,Dasani,MD,gastroenterology,Riverdale,NJ,07457,40.995886,-74.314532,47,,1.4293,214
1073700381,Sameera,Daud Ahmad,MD,endocrinology,Edgewater,NJ,07020,40.824650,-73.973793,24,22.24,1.9075,318
1073711511,Stephanie,Barnes,MD,psychiatry,Englewood,NJ,07631,40.891197,-73.972515,23,,0.7481,69
1073713814,Ghulam,Bajwa,MD,psychiatry,Hoboken,NJ,07030,40.745251,-74.027926,35,,0.7894,94
1073718185,Oladotun,Okunola,MD,neurology,Morristown,NJ,07960,40.779235,-74.502462,25,88.22,1.4305,447
1073718235,Adil,Farooki,MD,primary-care,Paterson,NJ,07514,40.924786,-74.144542,21,96.09,1.7727,269
1073721619,Ruchi,Dash,MD,primary-care,Englewood,NJ,07631,40.891197,-73.972515,20,86.43,0.5182,28
1073756474,Jamuna,Rajasingham,MD,neurology,Englewood,NJ,07631,40.891197,-73.972515,21,96.09,1.0429,567
1073774386,Barrett,Woods,MD,orthopedics,Egg Harbor Township,NJ,08234,39.388393,-74.620728,18,92.57,1.2902,435
1073778429,Hamid,Nia,MD,cardiology,Hackensack,NJ,07601,40.889398,-74.045698,33,91.5,1.4542,924
1073780854,Parini,Patel,MD,endocrinology,Holmdel,NJ,07733,40.374964,-74.173849,27,81.33,0.7223,355
1073783106,Ernest,Pope,MD,orthopedics,Franklin Lakes,NJ,07417,41.007526,-74.205653,22,75,1.8329,299
1073833554,Kavita,Gupta,MD,primary-care,Cedar Grove,NJ,07009,40.858017,-74.229784,16,,3.7700,73
1073869731,Apwinder,Kaur,MD,psychiatry,Manalapan,NJ,07726,40.286506,-74.342547,20,86.08,0.8642,18
1073871356,Julie,Hammond,DO,primary-care,Marlton,NJ,08053,39.856677,-74.900810,11,,0.5611,22
1073873956,Nisha,Kotecha,MD,pulmonology,Summit,NJ,07901,40.714923,-74.366372,20,,1.1348,583
1073875159,Julie,Lorton,MD,endocrinology,Englewood,NJ,07631,40.891197,-73.972515,14,75,2.2094,446
1073877411,Jose Guillermo,Revelo Paiz,MD,primary-care,Westampton,NJ,08060,40.010005,-74.792207,16,,0.2625,117
1073879896,Richard,May,MD,pulmonology,Englewood,NJ,07631,40.891197,-73.972515,14,,1.5407,503
1073883229,Suhalia,Bakerywala,MD,endocrinology,Wyckoff,NJ,07481,40.999093,-74.168849,14,,1.2731,278
1073883237,Evan,Conte,MD,orthopedics,Marlton,NJ,08053,39.856677,-74.900810,17,92.57,1.1399,264
1073884680,Daniel,Fabius,DO,primary-care,Voorhees,NJ,08043,39.848570,-74.952843,17,,1.6210,28
1073887501,Angela,Mehta,MD,primary-care,Hackensack,NJ,07601,40.889398,-74.045698,17,81.33,0.9996,101
1073893442,Wazim,Buksh,MD,primary-care,Rockaway,NJ,07866,40.954988,-74.488031,16,,0.5966,16
1073909925,Nicholas,Tarangelo,MD,primary-care,Morristown,NJ,07960,40.779235,-74.502462,11,,0.9162,706
1073927679,Kalliopi,Nissirios,MD,psychiatry,Paterson,NJ,07503,40.897548,-74.154121,19,,1.9916,119
1073931721,Mariza,De Brito,MD,primary-care,Kearny,NJ,07032,40.752332,-74.123093,13,,1.2205,96
1073932554,Kiren,Sahni,DO,primary-care,West Long Branch,NJ,07764,40.287904,-74.020019,13,57.06,28.8584,366
1073933651,Natasha,Shah,MD,gastroenterology,Vineland,NJ,08360,39.492354,-75.003447,12,,1.0642,138
1073935037,Amara,Nidimusili,MD,primary-care,Marlton,NJ,08053,39.856677,-74.900810,19,,0.8198,615
1073945135,Philip,Collins,DO,primary-care,Hammonton,NJ,08037,39.631681,-74.773893,13,81.15,0.5425,221
1073964656,Yanting,Wang,MD,cardiology,New Brunswick,NJ,08901,40.483638,-74.442460,10,88.4,0.2688,1272
1073975603,Danielle,Yeager,MD,dermatology,Wall,NJ,07719,40.168908,-74.073226,10,90.92,3.9226,583
1073976411,Daniel,Kobe,MD,primary-care,Flemington,NJ,08822,40.521995,-74.866644,10,,0.7688,1718
1073977278,Siva Teja,Jetty,MD,primary-care,Jersey City,NJ,07302,40.718808,-74.044634,19,87.07,0.6033,314
1073996609,Priyanka,Gumaste,MD,primary-care,Hoboken,NJ,07030,40.745251,-74.027926,11,100,0.9969,166
1083000962,Grace,Yang,MD,primary-care,Paramus,NJ,07652,40.947299,-74.070169,11,85.15,0.5768,40
1083008460,Daniel,Graham,DO,primary-care,Ocean,NJ,07712,40.246895,-74.054502,11,,0.5660,561
1083011605,Adam,Lucas,MD,cardiology,Hamilton,NJ,08690,40.225833,-74.660096,18,75,0.9475,1712
1083020119,Kafilat,Ojo,MD,psychiatry,Princeton,NJ,08540,40.364728,-74.656314,18,87.1,0.3897,43
1083020812,Mazin,Khalid,MD,cardiology,Glen Ridge,NJ,07028,40.804798,-74.204569,18,96.09,0.6799,1398
1083032668,Thomas,Nicholson,MD,pulmonology,Bridgewater,NJ,08807,40.592434,-74.618840,12,,0.8552,621
1083037915,Sandeep,Kour,MD,endocrinology,Emerson,NJ,07630,40.974990,-74.023248,13,96.09,1.9984,447
1083049282,Santiago,Wer Arrivillaga,MD,primary-care,Berkeley Heights,NJ,07922,40.676590,-74.427022,17,,1.1741,247
1083051676,Rahul,Agarwal,MD,endocrinology,Berkeley Heights,NJ,07922,40.676590,-74.427022,13,,1.2848,126
1083059158,Kunal,Brahmbhatt,MD,cardiology,Passaic,NJ,07055,40.857552,-74.129089,18,75,2.9290,1372
1083064224,Christopher,Tait,MD,gastroenterology,Rockaway,NJ,07866,40.954988,-74.488031,7,,0.9738,295
1083077663,Silviya,Perookunnel,DO,primary-care,Rahway,NJ,07065,40.607152,-74.280531,10,87.07,0.9809,297
1083080519,Khaled,Taha,MD,primary-care,Hamilton,NJ,08690,40.225833,-74.660096,14,,0.8401,359
1083081392,Paul,Woroch,MD,primary-care,Basking Ridge,NJ,07920,40.682268,-74.554143,26,,1.1790,70
1083097554,Sayed,Rohani,MD,primary-care,Berkeley Heights,NJ,07922,40.676590,-74.427022,11,,0.4285,457
1083098040,Qingying,Lai,MD,primary-care,Hackensack,NJ,07601,40.889398,-74.045698,12,81.33,1.0075,254
1083098271,Shalin,Shah,DO,orthopedics,Hackensack,NJ,07601,40.889398,-74.045698,11,83.95,0.4254,91
1083109706,Puja,Jain,MD,neurology,Elizabeth,NJ,07202,40.652464,-74.216853,13,,2.2848,167
1083110423,Hank,Ashforth,MD,primary-care,Warren,NJ,07059,40.634588,-74.519044,8,,0.8468,271
1083118913,Jason,Mendelsohn,MD,primary-care,Lodi,NJ,07644,40.877915,-74.082500,10,96.09,1.6898,175
1083155238,Angelo,Mannino,MD,orthopedics,Pompton Plains,NJ,07444,40.967407,-74.306967,9,,1.1296,188
1083156178,Pujan,Parikh,MD,primary-care,Linwood,NJ,08221,39.339936,-74.564470,13,75,2.9629,402
1083174072,Rakhee,Barai,MD,endocrinology,Berkeley Heights,NJ,07922,40.676590,-74.427022,7,89.14,0.8674,30
1083174809,Arjun,Fung-Janardhan,MD,primary-care,Princeton,NJ,08540,40.364728,-74.656314,7,,0.6962,260
1083177414,Daniel,Olea-Mendoza,MD,primary-care,Camden,NJ,08103,39.935202,-75.112703,7,99.52,0.8539,113
1083241046,Marrian,Sedrak,DO,primary-care,Marlton,NJ,08053,39.856677,-74.900810,6,81.15,0.8032,359
1083242796,Linda,Hong,DO,primary-care,Morristown,NJ,07960,40.779235,-74.502462,6,,0.5830,113
1083242978,Quratulain,Nasir,MD,primary-care,Teaneck,NJ,07666,40.890317,-74.011478,9,,0.9731,270
1083271423,Emily,Mceldrew,DO,dermatology,Voorhees,NJ,08043,39.848570,-74.952843,7,100,2.4755,134
1083278451,Ayesha,Sattaur,MD,primary-care,Hoboken,NJ,07030,40.745251,-74.027926,8,,0.5437,117
1083292320,Deniz,Yucel,MD,primary-care,Oakland,NJ,07436,41.031022,-74.240502,6,,0.4223,21
1083600662,Avery,Katz,MD,neurology,Berkeley Heights,NJ,07922,40.676590,-74.427022,34,,0.9357,523
1083601934,Philip,Angello,MD,primary-care,Colts Neck,NJ,07722,40.287799,-74.166807,30,,0.6908,334
1083611255,Marcella,Frank,DO,pulmonology,Browns Mills,NJ,08015,39.931536,-74.543720,48,98.51,0.7073,307
1083616841,Jeanne,Mitterando,MD,primary-care,Bridgewater,NJ,08807,40.592434,-74.618840,29,,0.6706,407
1083625693,Richard,Podkul,MD,primary-care,Bloomfield,NJ,07003,40.809141,-74.187142,49,,2.6892,130
1083634406,Kindra,Smith,MD,primary-care,Voorhees,NJ,08043,39.848570,-74.952843,25,,0.7158,27
1083636898,Christopher,Kruse,MD,dermatology,Red Bank,NJ,07701,40.360509,-74.078952,30,82.52,3.3664,603
1083641765,Jeffrey,Gold,MD,primary-care,Fair Lawn,NJ,07410,40.935830,-74.117505,53,,0.9911,203
1083641955,Frank,Mastrianno,MD,primary-care,Emerson,NJ,07630,40.974990,-74.023248,44,,2.0778,196
1083644322,Thressiamma,Cholankeril,MD,primary-care,Elizabeth,NJ,07202,40.652464,-74.216853,46,,2.1208,139
1083645972,Gregg,Pearson,DO,primary-care,Waterford Works,NJ,08089,39.713093,-74.831034,28,,3.3846,455
1083652853,Donna,Koch,DO,primary-care,Fair Lawn,NJ,07410,40.935830,-74.117505,29,,1.4293,78
1083653398,Matthew,Pepe,MD,orthopedics,Egg Harbor Township,NJ,08234,39.388393,-74.620728,32,92.57,0.9551,364
1083653521,Mira,Kheny,MD,primary-care,Cherry Hill,NJ,08034,39.906100,-75.000375,50,,0.4742,261
1083654651,Najmun,Riyaz,MD,psychiatry,Cherry Hill,NJ,08034,39.906100,-75.000375,31,,0.5850,25
1083654990,Mark,Gesell,MD,orthopedics,Tinton Falls,NJ,07724,40.298625,-74.074178,25,,1.0785,964
1083660443,Nilesh,Rana,MD,primary-care,Hamilton,NJ,08619,40.242301,-74.696408,57,96.91,2.2694,253
1083662589,Hamid,Mahmud,MD,primary-care,Voorhees,NJ,08043,39.848570,-74.952843,39,,1.5736,175
1083663496,Chitra,Kumar,MD,primary-care,Hackensack,NJ,07601,40.889398,-74.045698,50,80.53,6.3302,57
1083666333,Carole,Thomas,MD,neurology,Lumberton,NJ,08048,39.953850,-74.803026,36,,0.6795,580
1083667380,Steven,Datorre,MD,cardiology,Haddon Heights,NJ,08035,39.879127,-75.065918,42,90.34,2.5462,2585
1083669618,Tara,Rivera,DO,primary-care,Plainsboro,NJ,08536,40.333076,-74.586628,27,,0.8238,168
1083671234,Dianne,Walker,MD,primary-care,Belleville,NJ,07109,40.793481,-74.161159,43,96.09,1.9141,134
1083671549,Dena,Li,MD,primary-care,Edison,NJ,08820,40.576806,-74.365750,40,,1.9277,163
1083675318,Jack,Lee,MD,pulmonology,Bridgewater,NJ,08807,40.592434,-74.618840,33,75,1.9723,437
1083676670,Clifford,Lipman,MD,primary-care,Carteret,NJ,07008,40.583790,-74.227457,50,,1.0511,333
1083676746,Emad,Kamel,MD,pulmonology,Jackson,NJ,08527,40.108665,-74.358602,32,75,1.0910,1053
1083676910,Joseph,Purcell,DO,primary-care,Landing,NJ,07850,40.906766,-74.659352,40,,1.2841,251
1083682017,John,Vaccaro,MD,neurology,Berkeley Heights,NJ,07922,40.676590,-74.427022,34,,0.9062,500
1083684914,Lawrence,Antonucci,MD,cardiology,Chester,NJ,07930,40.781309,-74.683590,43,87.16,2.9133,743
1083685325,Anca,Salaru,MD,primary-care,Red Bank,NJ,07701,40.360509,-74.078952,31,,0.7120,329
1083685747,Susanne,Zimmermann,MD,primary-care,Eatontown,NJ,07724,40.298625,-74.074178,37,,0.1267,28
1083691000,Samir,Shah,MD,pulmonology,Newton,NJ,07860,41.057287,-74.802737,35,78.05,1.1208,1093
1083692933,Nick,Debitetto,DO,primary-care,Newton,NJ,07860,41.057287,-74.802737,38,78.05,1.3732,886
1083693196,Gitendra,Rajiyah,MD,cardiology,East Orange,NJ,07018,40.755733,-74.217917,43,,4.6852,695
1083700306,David,Sikowitz,MD,psychiatry,Tinton Falls,NJ,07701,40.360509,-74.078952,37,,8.8145,24
1083703623,Anjali,Choudhary,MD,primary-care,Jersey City,NJ,07306,40.736294,-74.071128,35,,1.5075,103
1083705560,Lin,Chou,MD,primary-care,Hillsborough,NJ,08844,40.497692,-74.670505,42,89.98,0.9758,423
1083711345,Manish,Dadhania,MD,cardiology,Camden,NJ,08103,39.935202,-75.112703,29,91.83,0.8603,845
1083729917,Antwan,Ahad,MD,neurology,Secaucus,NJ,07094,40.781958,-74.067649,49,88.76,2.0482,364
1083749501,Philip,Getson,DO,primary-care,Marlton,NJ,08053,39.856677,-74.900810,51,,9.4404,125
1083753669,Qinyue,Liu,MD,psychiatry,Warren,NJ,07059,40.634588,-74.519044,42,,1.7684,67
1083757744,Karan,Nejad,MD,cardiology,Hackensack,NJ,07601,40.889398,-74.045698,38,95.48,1.7903,908
1083760441,Omar,Bey,MD,pulmonology,Bayonne,NJ,07002,40.662495,-74.110201,43,,4.8215,180
1083780753,Cecilia,Wang,MD,psychiatry,Wayne,NJ,07470,40.945855,-74.245077,43,,2.5174,136
1083787824,James,Zu,MD,neurology,Edison,NJ,08820,40.576806,-74.365750,43,,2.7286,178
1083788145,William,Lee,MD,cardiology,Oakland,NJ,07436,41.031022,-74.240502,57,,1.7961,430
1083791834,Dimple,Patel,MD,primary-care,Flemington,NJ,08822,40.521995,-74.866644,29,,1.1254,232
1083805584,Suresh,Pitchumoni,MD,gastroenterology,Englishtown,NJ,07726,40.286506,-74.342547,24,98.3,0.8387,397
1083823504,Anthony,Scarpaci,MD,oncology,Sewell,NJ,08080,39.757353,-75.122043,21,,0.3590,346
1083838890,David,Dobesh,MD,cardiology,West Orange,NJ,07052,40.785755,-74.265058,26,98.51,0.6212,1754
1083842249,Bharath,Sathya,MD,cardiology,Eatontown,NJ,07724,40.298625,-74.074178,17,82.83,1.2083,1068
1083857213,Alice,Abraham,MD,endocrinology,Englewood,NJ,07631,40.891197,-73.972515,17,96.09,0.8569,387
1083857593,Oladapo,Babatunde,MD,orthopedics,East Rutherford,NJ,07073,40.817097,-74.085024,17,,0.7061,93
1083860944,Kelly,Fitzpatrick,MD,oncology,Neptune,NJ,07753,40.210761,-74.074499,20,81.1,4.9413,112
1083862601,Sapan,Talati,MD,cardiology,Cedar Knolls,NJ,07927,40.823725,-74.456354,23,56.45,1.5238,2949
1083938963,Michelle,Graziano,MD,primary-care,Cliffside Park,NJ,07010,40.822052,-73.987938,16,96.09,0.9892,73
1083945687,Daphne,Dadzie,MD,endocrinology,Lawrenceville,NJ,08648,40.284490,-74.717487,19,,1.1586,261
1083956692,Nidhi,Tripathi,MD,cardiology,New Brunswick,NJ,08901,40.483638,-74.442460,13,80.88,1.3057,869
1083974166,Silky,Sharma,MD,primary-care,Plainsboro,NJ,08536,40.333076,-74.586628,20,,0.6119,142
1083977862,Nicole,Thompson,DO,primary-care,Sewell,NJ,08080,39.757353,-75.122043,14,,0.6968,284
1083996003,Roopama,Kamra,MD,primary-care,Plainsboro,NJ,08536,40.333076,-74.586628,29,,0.6081,113
1093020513,Ranjan,Ginde,DO,primary-care,Hackensack,NJ,07601,40.889398,-74.045698,14,96.09,0.6436,31
1093057432,Elaine,Zhai,DO,primary-care,Florham Park,NJ,07932,40.777461,-74.392845,13,,0.8779,215
1093065542,Deannon,Colon,MD,primary-care,New Brunswick,NJ,08901,40.483638,-74.442460,19,,0.3715,11
1093078347,Milan,Patel,MD,primary-care,Passaic,NJ,07055,40.857552,-74.129089,16,,0.9625,56
1093102006,Anil,Desai,MD,primary-care,Hackensack,NJ,07601,40.889398,-74.045698,11,81.33,0.8412,140
1093120032,Ian,Jacobi,MD,primary-care,Stratford,NJ,08084,39.828990,-75.015536,12,,1.0966,386
1093128191,Lan,Su,MD,primary-care,Morristown,NJ,07960,40.779235,-74.502462,25,,0.7977,764
1093133746,Simone,Douge,MD,primary-care,West Orange,NJ,07052,40.785755,-74.265058,12,,0.6346,189
1093177594,Pranav,Patel,MD,cardiology,Voorhees,NJ,08043,39.848570,-74.952843,10,,0.6099,969
1093194367,David,Kahan,MD,orthopedics,Cherry Hill,NJ,08003,39.885852,-74.971145,13,,0.6407,99
1093194904,Colleen,Little,DO,primary-care,Somerset,NJ,08873,40.499667,-74.531844,11,,0.6901,155
1093209520,John,Sigva,DO,primary-care,Hightstown,NJ,08520,40.255800,-74.539882,8,,0.8970,170
1093210148,Erick,John,DO,primary-care,Newton,NJ,07860,41.057287,-74.802737,8,,0.8487,433
1093219024,Philip,Femano,DO,orthopedics,Hamilton,NJ,08691,40.208319,-74.600928,8,,0.6081,85
1093219099,Ahmed,Ahmed,DO,gastroenterology,Fort Lee,NJ,07024,40.850640,-73.971007,8,,0.9847,75
1093240293,John,Mosko,DO,primary-care,Forked River,NJ,08731,39.859886,-74.292741,9,96.09,0.9466,413
1093255630,Sasha-Ann,East,MD,primary-care,New Brunswick,NJ,08901,40.483638,-74.442460,11,,0.1713,2022
1093293839,Eronmwon,Okoye,MD,psychiatry,Belle Mead,NJ,08502,40.448217,-74.653244,11,81.33,0.4666,244
1093335663,Kaveri,Kaushal,MD,primary-care,Cherry Hill,NJ,08003,39.885852,-74.971145,6,,0.5364,291
1093344939,Ana,Diaz,MD,primary-care,Newark,NJ,07103,40.738852,-74.195264,6,,0.5510,20
1093392045,Shareema,Mohammed,MD,primary-care,Hoboken,NJ,07030,40.745251,-74.027926,6,,0.5574,76
1093392110,Tarun,Kakumanu,MD,primary-care,Brick,NJ,08723,40.038584,-74.111600,6,,0.6064,41
1093395352,Antonette,Soriano-Hoti,DO,primary-care,Marlton,NJ,08053,39.856677,-74.900810,5,,0.4385,69
1093702961,Vanitha,Yadalla,MD,primary-care,Wall Township,NJ,07719,40.168908,-74.073226,28,,1.9284,459
1093703969,Phillip,Reid,MD,oncology,Somerset,NJ,08873,40.499667,-74.531844,32,100,6.3572,702
1093704355,Richard,Bullock,MD,primary-care,Edison,NJ,08837,40.514281,-74.343859,45,96.09,2.0900,204
1093704777,Susan,Simon,MD,primary-care,Berkeley Heights,NJ,07922,40.676590,-74.427022,30,,1.7557,354
1093708067,Donald,Noll,DO,primary-care,Cherry Hill,NJ,08002,39.934605,-75.025389,39,,0.4574,230
1093709529,Adel,Ibrahim,MD,primary-care,Lincroft,NJ,07738,40.335361,-74.132723,49,,3.0772,215
1093711947,Iftekhar,Kadri,MD,cardiology,West Orange,NJ,07052,40.785755,-74.265058,48,75,2.6504,273
1093715369,Steven,Young,MD,oncology,Bridgewater,NJ,08807,40.592434,-74.618840,37,100,10.8122,615
1093716268,Maria,Choy,MD,neurology,Matawan,NJ,07747,40.413250,-74.257674,42,,2.8988,80
1093717431,Ghassan,Chehade,MD,cardiology,Passaic,NJ,07055,40.857552,-74.129089,29,,0.9772,712
1093738031,Richard,Righthand,MD,primary-care,Cliffside Park,NJ,07010,40.822052,-73.987938,41,,2.9425,196
1093745077,Shailender,Karry Mohanrao,MD,primary-care,Maplewood,NJ,07040,40.733607,-74.271159,28,,3.0692,224
1093746554,Spring,Matthews Brown,MD,primary-care,Ewing,NJ,08618,40.249340,-74.789968,41,,1.8444,87
1093746646,Robert,Coyne,MD,cardiology,Morristown,NJ,07960,40.779235,-74.502462,36,,0.5569,2763
1093748089,Renjy,Vattasseril,MD,gastroenterology,Cape May Court House,NJ,08210,39.119187,-74.823188,24,78.15,0.8472,708
1093753816,Richard,Levine,MD,primary-care,Cherry Hill,NJ,08034,39.906100,-75.000375,32,,0.6092,310
1093763039,Eyad,Baghal,MD,gastroenterology,Haledon,NJ,07508,40.955021,-74.183692,39,75,2.3327,351
1093767295,Ayesha,Ould Hammou,MD,primary-care,Fort Lee,NJ,07024,40.850640,-73.971007,34,71.15,0.8719,272
1093772030,Steven,Gronowitz,MD,gastroenterology,Clifton,NJ,07013,40.869405,-74.173062,36,95.72,5.4964,397
1093773350,Stephen,Nurkiewicz,MD,primary-care,Hammonton,NJ,08037,39.631681,-74.773893,40,,1.2791,253
1093781114,Ankila,Chandran,DO,psychiatry,Hampton,NJ,08827,40.668424,-74.968377,25,,1.0317,35
1093781957,Vishal,Patel,MD,primary-care,Fort Lee,NJ,07024,40.850640,-73.971007,30,,2.1831,259
1093785487,Carlos,Obregon,DO,pulmonology,Sewell,NJ,08080,39.757353,-75.122043,36,22.11,1.2833,822
1093787145,Anwar,Ghali,MD,psychiatry,Belleville,NJ,07109,40.793481,-74.161159,60,,0.7137,13
1093787806,Devjit,Nayar,MD,gastroenterology,Hoboken,NJ,07030,40.745251,-74.027926,27,,0.9803,185
1093789612,Jeffrey,Osofsky,MD,cardiology,Eatontown,NJ,07724,40.298625,-74.074178,34,82.83,1.2671,1917
1093794448,Sarah,Khan,MD,endocrinology,Morristown,NJ,07960,40.779235,-74.502462,32,,1.1533,418
1093794539,John,Tozzi,MD,orthopedics,Manasquan,NJ,08736,40.120018,-74.053257,43,75,1.2232,530
1093794729,Darius,Sholevar,MD,cardiology,Cherry Hill,NJ,08034,39.906100,-75.000375,28,81.15,1.0263,2148
1093795270,Miguel,Conde,MD,oncology,Livingston,NJ,07039,40.785828,-74.329100,40,98.51,0.5261,23
1093796948,Ali,Moosvi,MD,cardiology,Brick,NJ,08724,40.091032,-74.114395,44,75,1.3168,1953
1093798571,Robert,Carracino,MD,primary-care,Warren,NJ,07059,40.634588,-74.519044,35,,0.6951,561
1093799876,Aissa,Alexeeva,MD,neurology,Princeton,NJ,08540,40.364728,-74.656314,38,96.91,1.1163,482
1093806010,Jared,Newman,MD,primary-care,Jamesburg,NJ,08831,40.334341,-74.432502,26,96.91,1.2453,631
1093808164,Nicholas,Baranetsky,MD,endocrinology,Newark,NJ,07102,40.735659,-74.173605,52,,0.4326,79
1093817280,Karen,Harkaway,MD,dermatology,Delran,NJ,08075,40.029676,-74.948997,37,100,0.5680,511
1093817512,Gerald,Cioce,MD,cardiology,Newton,NJ,07860,41.057287,-74.802737,25,89.7,1.3179,1780
1093821696,Mohammad,Bari,MD,psychiatry,Trenton,NJ,08638,40.254018,-74.763385,48,,0.3242,36
1093822090,Marlene,Rodriguez,MD,primary-care,Northfield,NJ,08225,39.358340,-74.536312,48,,1.0841,201
1093823668,Rodolfo,Maldonado,MD,primary-care,Fords,NJ,08863,40.537238,-74.312222,22,39.43,2.0261,345
1093824732,Neerja,Misra,MD,primary-care,Hamilton,NJ,08690,40.225833,-74.660096,48,,1.9770,49
1093830978,Deborah,Bessen,MD,primary-care,Pompton Plains,NJ,07444,40.967407,-74.306967,27,,0.8552,701
1093849630,Nathaniel,Barber,MD,primary-care,Jersey City,NJ,07302,40.718808,-74.044634,48,,0.8475,42
1093851917,Padmarekha,Rao,MD,neurology,Old Bridge,NJ,08857,40.392789,-74.330397,38,21.32,2.7975,713
1093855728,Shankar,Srinivasan,MD,psychiatry,Parsippany,NJ,07054,40.853767,-74.401574,25,,2.0566,184
1093862138,Chunguang,Chen,MD,cardiology,Livingston,NJ,07039,40.785828,-74.329100,41,98.51,0.4576,1210
1093865115,Camille,Henry,MD,primary-care,Haddon Heights,NJ,08035,39.879127,-75.065918,20,99.52,1.1330,107
1093870776,Joseph,Cassotta,MD,primary-care,Fort Lee,NJ,07024,40.850640,-73.971007,47,,2.8588,187
1093883597,Varinder,Singh,MD,cardiology,Metuchen,NJ,08840,40.543139,-74.358981,40,,2.2927,1235
1093888059,Sreelatha,Anne,MD,primary-care,Freehold,NJ,07728,40.225793,-74.285785,31,96.09,1.0885,340
1093890303,Jason,Hollander,MD,endocrinology,Lawrenceville,NJ,08648,40.284490,-74.717487,27,,0.7991,226
1093891723,Robert,Palacios,MD,primary-care,Hoboken,NJ,07030,40.745251,-74.027926,38,20.03,1.7838,283
1093893232,Alex,Mercado,MD,primary-care,Flanders,NJ,07836,40.843163,-74.710684,33,,1.4653,334
1093910259,Irene,Cho,MD,endocrinology,Berkeley Heights,NJ,07922,40.676590,-74.427022,23,,0.8556,640
1093917874,Tarek,Refaie,MD,pulmonology,Wayne,NJ,07470,40.945855,-74.245077,21,,3.7086,128
1093949224,Andrei,Dobrescu,MD,oncology,Bridgewater,NJ,08807,40.592434,-74.618840,28,100,11.7709,550
1093970923,Chirag,Boradia,DO,endocrinology,Livingston,NJ,07039,40.785828,-74.329100,23,98.51,0.9152,458
1093977019,Mariette,Amadi,MD,primary-care,Hackensack,NJ,07601,40.889398,-74.045698,28,93.07,0.6023,256
1093984890,Pavel,Yufit,MD,orthopedics,Hackensack,NJ,07601,40.889398,-74.045698,22,,1.4546,137
1104005552,Jaya,Singh,MD,primary-care,Elizabeth,NJ,07202,40.652464,-74.216853,26,87.07,0.8530,306
1104010131,Seth,Jawetz,MD,cardiology,Berkeley Heights,NJ,07922,40.676590,-74.427022,23,,0.9094,1735
1104016187,Gregory,Barone,DO,endocrinology,Cherry Hill,NJ,08034,39.906100,-75.000375,21,99.52,1.4170,363
1104021427,Thomas,John,MD,orthopedics,Berkeley Heights,NJ,07922,40.676590,-74.427022,19,,1.6325,1138
1104024165,Swarna,Sivanesan,MD,dermatology,West Long Branch,NJ,07764,40.287904,-74.020019,22,98.04,1.4977,721
1104024405,Heba,Abdulla,MD,dermatology,Franklin Lakes,NJ,07417,41.007526,-74.205653,21,100,1.4025,444
1104025170,Wun-Ye,Jiu,MD,primary-care,Bergenfield,NJ,07621,40.922334,-73.998001,29,,1.2757,75
1104026186,Natasha,Baron,MD,psychiatry,Fair Lawn,NJ,07410,40.935830,-74.117505,33,96.09,0.9560,124
1104049741,David,Zeman,MD,psychiatry,Livingston,NJ,07039,40.785828,-74.329100,37,,1.1374,169
1104056282,Meredith,Kenney,DO,primary-care,Haddonfield,NJ,08033,39.892421,-75.036651,17,,0.9887,231
1104063734,Shabnam,Khety,MD,primary-care,Edison,NJ,08820,40.576806,-74.365750,31,96.09,1.2079,161
1104077130,Khayriyyah,Chandler,DO,primary-care,Clementon,NJ,08021,39.806156,-75.000012,19,,0.4033,72
1104080860,William,Kayal,MD,primary-care,Milford,NJ,08848,40.594266,-75.096659,19,,0.4569,156
1104082353,Sumit,Som,MD,cardiology,Cedar Knolls,NJ,07927,40.823725,-74.456354,20,57.93,2.6074,898
1104083567,Mandy,Sacher,DO,primary-care,Glen Ridge,NJ,07028,40.804798,-74.204569,19,,0.8037,158
1104084649,Diane,Fresca,MD,primary-care,Haddonfield,NJ,08033,39.892421,-75.036651,25,,1.2186,267
1104087220,Shahar,Rana,MD,primary-care,Willingboro,NJ,08046,40.027950,-74.886984,31,81.15,0.8968,239
1104110964,Jillian,Edwards,DO,neurology,Camden,NJ,08103,39.935202,-75.112703,17,78.15,0.7004,661
1104119460,Sara,Strauss,DO,neurology,Edison,NJ,08820,40.576806,-74.365750,15,81.33,0.7081,241
1104124643,Jennifer,Chen,MD,neurology,New Brunswick,NJ,08901,40.483638,-74.442460,16,88.4,3.2718,205
1104143148,Casey,Wong,MD,cardiology,Princeton,NJ,08540,40.364728,-74.656314,16,,1.8508,1234
1104146323,Aziz,Sadiq,DO,gastroenterology,Somerset,NJ,08873,40.499667,-74.531844,16,81.15,1.2130,90
1104169028,Karan,Kapoor,MD,cardiology,Morristown,NJ,07960,40.779235,-74.502462,13,,0.7416,884
1104187368,Ahmed,Seliem,MD,cardiology,Camden,NJ,08103,39.935202,-75.112703,14,88.87,1.0002,407
1104189844,Yana,Cavanagh,MD,gastroenterology,Paterson,NJ,07503,40.897548,-74.154121,14,,1.6717,206
1104202175,Charudatta,Wankhade,MD,gastroenterology,Neptune,NJ,07753,40.210761,-74.074499,14,82.34,0.8248,322
1104230929,Clare,Gosek,MD,primary-care,Lawrenceville,NJ,08648,40.284490,-74.717487,12,,0.9258,253
1104238765,Anupam,Kumar,MD,cardiology,Voorhees,NJ,08043,39.848570,-74.952843,12,91.83,0.7292,558
1104244797,Bhavika,Patel,MD,primary-care,Voorhees,NJ,08043,39.848570,-74.952843,12,,1.0219,92
1104245232,Ashish,Shah,MD,endocrinology,Edison,NJ,08820,40.576806,-74.365750,12,81.33,1.1288,326
1104245315,Pooja,Phull,MD,oncology,Hackensack,NJ,07601,40.889398,-74.045698,12,81.1,2.3360,372
1104245521,Vikram,Premkumar,MD,oncology,Teaneck,NJ,07666,40.890317,-74.011478,13,,0.8593,273
1104246149,Najaf,Asrar,MD,endocrinology,Bernardsville,NJ,07924,40.725770,-74.591213,12,,0.8127,97
1104262948,Sarah,Uddin,DO,primary-care,Hoboken,NJ,07030,40.745251,-74.027926,13,95.05,1.0985,228
1104316462,Philip,Dormish,MD,pulmonology,Cherry Hill,NJ,08002,39.934605,-75.025389,8,91.83,0.4765,176
1104353028,Rebecca,Dawson,DO,primary-care,Pittsgrove,NJ,08318,39.557653,-75.177717,9,,0.8595,200
1104356955,Rohan,Mehta,MD,oncology,Freehold,NJ,07728,40.225793,-74.285785,9,,0.4515,95
1104357193,Vanessa,Salasky,MD,neurology,Camden,NJ,08103,39.935202,-75.112703,9,81.15,0.8950,98
1104358100,Jeet,Thaker,MD,primary-care,Egg Harbor Township,NJ,08234,39.388393,-74.620728,10,,0.3718,630
1104405620,Praneeja,Matta,MD,primary-care,Camden,NJ,08103,39.935202,-75.112703,5,,0.8399,47
1104406313,Kameron,Tavakolian,MD,primary-care,Neptune,NJ,07753,40.210761,-74.074499,5,,0.5271,329
1104801331,Jonathan,Wierzbicki,MD,primary-care,Flemington,NJ,08822,40.521995,-74.866644,29,,1.1364,385
1104804400,Madhukar,Pandya,MD,cardiology,Jersey City,NJ,07307,40.751842,-74.053976,47,,4.4883,61
1104810092,Francesco,Labbadia,MD,primary-care,Morristown,NJ,07960,40.779235,-74.502462,36,,0.8180,525
1104810936,Jorge,Osorio,MD,primary-care,Newark,NJ,07105,40.723066,-74.138636,42,,1.6893,343
1104811561,Roberto,Roberti,MD,cardiology,Morristown,NJ,07960,40.779235,-74.502462,43,,0.4218,1653
1104818186,Henry,Altszuler,MD,cardiology,Morristown,NJ,07960,40.779235,-74.502462,44,,0.6831,1065
1104823806,Jeffrey,Mattes,MD,psychiatry,Princeton,NJ,08540,40.364728,-74.656314,54,,1.7590,205
1104829712,Isaac,Kramer,MD,primary-care,Morristown,NJ,07960,40.779235,-74.502462,42,,1.6369,292
1104830272,Rupal,Bhatt,MD,primary-care,Fairfield,NJ,07004,40.882508,-74.304593,30,,1.4108,191
1104830629,Reynold,Panettieri,MD,pulmonology,New Brunswick,NJ,08901,40.483638,-74.442460,43,88.4,2.9457,20
1104835040,Charles,Sharkey,DO,primary-care,Williamstown,NJ,08094,39.650601,-74.959311,24,,1.0878,331
1104844778,Suhas,Patel,MD,primary-care,Ocean,NJ,07712,40.246895,-74.054502,29,,1.4729,789
1104849231,Gamil,Hanna,MD,oncology,Cherry Hill,NJ,08003,39.885852,-74.971145,38,,0.8807,479
1104860154,Josette,Palmer,MD,primary-care,Turnersville,NJ,08012,39.783815,-75.056068,33,,2.7098,269
1104863208,Hemant,Shah,MD,primary-care,Jersey City,NJ,07307,40.751842,-74.053976,52,,4.0766,209
1104863299,Akbar,Obaray,MD,pulmonology,Monroe Township,NJ,08831,40.334341,-74.432502,53,96.91,0.6705,130
1104864487,Jeffrey,Unger,MD,gastroenterology,Jersey City,NJ,07306,40.736294,-74.071128,32,87.16,1.0959,365
1104864925,Kasing,Ho,MD,primary-care,Englewood,NJ,07631,40.891197,-73.972515,31,,1.4736,587
1104875814,Stephen,Smith,MD,primary-care,Roseland,NJ,07068,40.821737,-74.310147,37,69.61,1.6871,193
1104878768,Kartik,Giri,MD,cardiology,Haddon Heights,NJ,08035,39.879127,-75.065918,29,90.34,0.4326,1245
1104880871,Donna,Adamoli,MD,primary-care,Berkeley Heights,NJ,07922,40.676590,-74.427022,34,,1.0834,325
1104882588,Jyoti,Matta,MD,pulmonology,Jersey City,NJ,07302,40.718808,-74.044634,34,,0.7250,158
1104884659,Jeffrey,Gold,DO,cardiology,Union,NJ,07083,40.695266,-74.269078,38,,0.5110,851
1104887710,Arun,Naik,MD,gastroenterology,Elizabeth,NJ,07202,40.652464,-74.216853,41,,1.2364,286
1104887819,Rudolph,Willis,MD,primary-care,Irvington,NJ,07111,40.723859,-74.232522,44,96.09,0.9445,61
1104894872,Justin,Green,MD,dermatology,Marlton,NJ,08053,39.856677,-74.900810,28,94.35,1.8592,1160
1104897354,Thomas,Lozowski,DO,primary-care,Toms River,NJ,08753,39.979668,-74.150739,29,,2.4663,1234
1104897370,Shanthi,Subbiah,MD,primary-care,Glassboro,NJ,08028,39.692129,-75.124675,31,,0.7230,424
1104897586,Michael,Friedman,DO,psychiatry,Lumberton,NJ,08048,39.953850,-74.803026,32,,1.0451,19
1104901842,Alberto,Lopez-Silvero,MD,primary-care,Elizabeth,NJ,07202,40.652464,-74.216853,33,,0.9232,114
1104904101,Michael,Biehl,MD,cardiology,Paterson,NJ,07503,40.897548,-74.154121,40,,0.4725,1114
1104906692,Sanjay,Goel,MD,oncology,New Brunswick,NJ,08901,40.483638,-74.442460,33,88.4,0.4984,41
1104908268,Alicia,Prowse,MD,primary-care,Hoboken,NJ,07030,40.745251,-74.027926,27,95.05,1.2663,213
1104909712,Anirudh,Khanna,MD,cardiology,Hackettstown,NJ,07840,40.860045,-74.831795,33,55.5,3.2349,1622
1104915552,Joyce,Glazer,MD,primary-care,Princeton,NJ,08540,40.364728,-74.656314,46,,1.2823,465
1104918242,Kenneth,Kronhaus,MD,primary-care,Brick,NJ,08724,40.091032,-74.114395,24,96.09,0.5995,381
1104938802,Ambarish,Patel,DO,primary-care,Voorhees,NJ,08043,39.848570,-74.952843,27,88.89,1.6271,633
1104944263,Anthony,Cavazos,MD,primary-care,New Providence,NJ,07974,40.696919,-74.403853,38,,3.9948,81
1104945138,Francis,Kielar,MD,primary-care,Butler,NJ,07405,40.987841,-74.378188,44,,1.2852,223
1104950732,Jennifer,Lecomte,DO,primary-care,Sewell,NJ,08080,39.757353,-75.122043,20,81.15,0.7201,107
1104957976,Nomaan,Ashraf,MD,orthopedics,Westwood,NJ,07675,41.003484,-74.001753,24,,1.3110,14
1104961564,David,Visco,MD,pulmonology,Cape May Court House,NJ,08210,39.119187,-74.823188,25,,1.2048,334
1104967488,Padam,Neopane,MD,primary-care,Newark,NJ,07103,40.738852,-74.195264,36,,0.5447,23
1104981000,Sejal,Shah,MD,primary-care,Manalapan,NJ,07726,40.286506,-74.342547,25,96.09,1.0986,146
1104985514,Liliane,Quinlan,MD,primary-care,Williamstown,NJ,08094,39.650601,-74.959311,25,,1.3043,352
1104987866,Deborah,Metz,MD,primary-care,Edison,NJ,08820,40.576806,-74.365750,30,96.09,0.4592,181
1104990035,Alan,Andrews,MD,dermatology,Closter,NJ,07624,40.972890,-73.960315,54,95.17,0.8340,737
1104990266,Navin,Budhwani,MD,cardiology,Oakland,NJ,07436,41.031022,-74.240502,28,,3.8013,1080
1104998285,Teresa,Notari,MD,dermatology,Summit,NJ,07901,40.714923,-74.366372,35,,0.7195,270
1104999036,Nachiket,Patel,MD,cardiology,Toms River,NJ,08755,40.008534,-74.221768,39,66.84,0.8855,1174
1104999705,Graciano,Avendano,MD,cardiology,Hackensack,NJ,07601,40.889398,-74.045698,43,81.33,1.5907,574
1114003613,Daniel,Shindler,MD,cardiology,New Brunswick,NJ,08901,40.483638,-74.442460,47,88.4,0.3295,1206
1114004975,Deborah,Toppmeyer,MD,oncology,New Brunswick,NJ,08901,40.483638,-74.442460,41,88.4,0.3512,177
1114009388,Shi Hong,Loh,MD,oncology,Hoboken,NJ,07030,40.745251,-74.027926,52,,0.9856,47
1114016524,Andrew,Berman,MD,pulmonology,Newark,NJ,07103,40.738852,-74.195264,38,,0.8315,125
1114019072,Infanta,Stephen,MD,neurology,Dover,NJ,07801,40.901125,-74.564783,34,72.64,1.0554,470
1114019676,Judith,Williamson,MD,primary-care,Trenton,NJ,08638,40.254018,-74.763385,40,,0.3974,367
1114019692,Dominick,Condo,MD,primary-care,Bayonne,NJ,07002,40.662495,-74.110201,46,,2.0882,501
1114020526,Shiow,Cheng,MD,primary-care,Morristown,NJ,07960,40.779235,-74.502462,54,,1.5901,244
1114032059,Natalie,Johnson,MD,primary-care,West Orange,NJ,07052,40.785755,-74.265058,39,,1.9092,33
1114050846,Sarabjit,Singh,MD,psychiatry,Denville,NJ,07834,40.886460,-74.487584,30,,0.4907,88
1114058963,Lisa,Plunkett,MD,primary-care,Flemington,NJ,08822,40.521995,-74.866644,22,,0.5547,127
1114080231,David,Boguslavsky,MD,primary-care,Bridgewater,NJ,08807,40.592434,-74.618840,23,85.92,13.0268,379
1114082385,Sharon,Lewis,MD,neurology,Cherry Hill,NJ,08002,39.934605,-75.025389,21,,0.7767,188
1114089729,Rhuna,Shen,MD,cardiology,Morristown,NJ,07960,40.779235,-74.502462,26,,0.8909,1643
1114091923,Karen,Young,MD,primary-care,Brick,NJ,08723,40.038584,-74.111600,32,,1.1384,25
1114091949,Jayanthi,Talamati,MD,primary-care,Manahawkin,NJ,08050,39.712132,-74.231888,33,,0.9090,256
1114092236,Richard,Winters,MD,psychiatry,Paramus,NJ,07652,40.947299,-74.070169,54,,2.6045,112
1114093564,Sheremet,Gashi,MD,primary-care,Jersey City,NJ,07307,40.751842,-74.053976,40,85.15,1.0797,200
1114094711,Ahmed,Mirza,MD,primary-care,East Windsor,NJ,08520,40.255800,-74.539882,34,75,2.4478,701
1114098936,Yasmeen,Memon,MD,psychiatry,Long Branch,NJ,07740,40.295372,-73.989899,41,98.51,0.3684,47
1114121175,Pritesh,Shah,MD,psychiatry,Westwood,NJ,07675,41.003484,-74.001753,44,,0.7872,151
1114123247,Kimberly,Levitt,MD,primary-care,Lawrenceville,NJ,08648,40.284490,-74.717487,24,96.91,1.1506,79
1114125234,Tarek,Rashid,MD,primary-care,Montclair,NJ,07042,40.813487,-74.219011,23,,0.5638,142
1114147220,Zyad,Younan,MD,cardiology,Parlin,NJ,08859,40.458172,-74.303799,26,75,2.0727,681
1114151396,Evan,Baird,MD,orthopedics,Westwood,NJ,07675,41.003484,-74.001753,17,,0.6412,39
1114158987,Christine,Ibrahim,MD,primary-care,East Windsor,NJ,08520,40.255800,-74.539882,17,,0.4169,203
1114169174,Tara,Lautenslager,MD,gastroenterology,Mount Laurel,NJ,08054,39.948992,-74.900247,17,91.83,0.7350,299
1114169539,Jason,Litsky,DO,cardiology,Eatontown,NJ,07724,40.298625,-74.074178,21,82.83,1.2157,1229
1114172731,Aleksandar,Micevski,MD,psychiatry,Paterson,NJ,07503,40.897548,-74.154121,32,,0.7719,48
1114174687,Sridevi,Yangala,MD,primary-care,Egg Harbor Township,NJ,08234,39.388393,-74.620728,33,,0.8292,203
1114178142,David,Konigsberg,DO,primary-care,Toms River,NJ,08755,40.008534,-74.221768,18,96.09,0.3564,1155
1114182433,Dhyanesh,Pandya,MD,primary-care,Phillipsburg,NJ,08865,40.708226,-75.147073,21,97.13,1.0425,301
1114187465,Mary,Sedarous,MD,neurology,Neptune,NJ,07753,40.210761,-74.074499,19,81.33,0.8379,495
1114188877,Nupur,Ahluwalia,MD,primary-care,Flemington,NJ,08822,40.521995,-74.866644,26,85.54,0.8210,423
1114191699,Kelly,Walsh,DO,primary-care,Morristown,NJ,07960,40.779235,-74.502462,29,,1.0337,455
1114192101,Nickolas,Juliano,MD,cardiology,Berkeley Heights,NJ,07922,40.676590,-74.427022,26,,0.4798,1750
1114192291,Shengxi,Lin,MD,psychiatry,Freehold,NJ,07728,40.225793,-74.285785,40,,0.9656,40
1114193984,Anasse,Souidi,MD,primary-care,Trenton,NJ,08638,40.254018,-74.763385,18,,0.6843,30
1114194610,Rupinder,Chawla,MD,primary-care,Clinton,NJ,08809,40.646036,-74.924609,24,98.51,0.4886,595
1114211190,Isaac,Zaki,MD,primary-care,Hoboken,NJ,07030,40.745251,-74.027926,27,,3.2069,108
1114232428,Sobha,Koduru,MD,primary-care,Livingston,NJ,07039,40.785828,-74.329100,13,87.07,0.4566,19
1114238763,Kulsuma,Ahmed,MD,primary-care,Hackensack,NJ,07601,40.889398,-74.045698,19,,1.4542,507
1114243516,Raghunandan,Dudda Subramanya,MD,cardiology,Voorhees,NJ,08043,39.848570,-74.952843,26,81.15,0.3195,2914
1114243805,Anna,Kravtsov,DO,psychiatry,Wayne,NJ,07470,40.945855,-74.245077,16,,2.4099,16
1114248002,Joel,Alcid,MD,oncology,Rutherford,NJ,07070,40.820314,-74.106041,10,100,6.9895,196
1114267853,Nga,Molte,MD,primary-care,Lakewood,NJ,08701,40.077069,-74.198510,13,98.51,1.0402,649
1114293115,Kaitlin,Reilly,MD,neurology,Hackensack,NJ,07601,40.889398,-74.045698,14,81.33,1.3453,186
1114306347,Preetpaul,Bagi,MD,orthopedics,North Bergen,NJ,07047,40.793644,-74.025027,11,,1.0579,208
1114307105,Priscilla,Miguez,DO,primary-care,Berkeley Heights,NJ,07922,40.676590,-74.427022,18,,0.9786,110
1114309077,Sahil,Shaikh,DO,primary-care,Tuckerton,NJ,08087,39.603959,-74.382181,17,78.15,0.7097,694
1114320942,Lloyd,Webster,MD,primary-care,Plainsboro,NJ,08536,40.333076,-74.586628,12,,0.5955,529
1114326162,Chirag,Patel,MD,cardiology,Maplewood,NJ,07040,40.733607,-74.271159,14,83.14,6.1258,624
1114344108,Kiera,Farry,DO,cardiology,Flemington,NJ,08822,40.521995,-74.866644,12,85.54,0.2968,1968
1114366010,Manan,Parikh,MD,primary-care,Toms River,NJ,08755,40.008534,-74.221768,15,98.51,0.8377,734
1114368974,Monika,Bhalla,MD,primary-care,Turnersville,NJ,08012,39.783815,-75.056068,17,,1.1359,337
1114372166,Ashaki,Martin,MD,psychiatry,Livingston,NJ,07039,40.785828,-74.329100,13,98.51,0.4277,277
1114372760,Srivani,Rachakonda,DO,primary-care,Trenton,NJ,08638,40.254018,-74.763385,10,,0.8032,143
1114372851,Chelsea,Shmuel,MD,primary-care,Voorhees,NJ,08043,39.848570,-74.952843,11,,0.7225,205
1114373917,Jeremy,Miles,MD,cardiology,Woodland Park,NJ,07424,40.882319,-74.205876,10,96.09,0.8802,629
1114374873,Jack,Kurtz,MD,cardiology,Neptune,NJ,07753,40.210761,-74.074499,10,86.51,1.1177,1342
1114384328,Kristi,Kosarin,DO,primary-care,Sea Girt,NJ,08750,40.133372,-74.041501,13,96.09,0.8693,350
1114421575,Krystal,Green,MD,primary-care,Bridgeton,NJ,08302,39.438613,-75.260646,9,,0.5309,94
1114424967,Kristine,Lacuna,MD,oncology,Middletown,NJ,07748,40.396300,-74.115274,8,,0.4031,97
1114508108,Aysha,Azam,DO,primary-care,Somerville,NJ,08876,40.589554,-74.685411,5,,0.5542,48
1114546918,Kristophe,Anderson,MD,primary-care,Montclair,NJ,07042,40.813487,-74.219011,13,,0.5677,801
1114549433,Sahil,Patel,MD,psychiatry,Voorhees,NJ,08043,39.848570,-74.952843,6,,0.6661,15
1114553500,Zachary,Manna,DO,primary-care,Toms River,NJ,08755,40.008534,-74.221768,5,,0.8905,136
1114907557,Hani,Batarseh,MD,primary-care,South Amboy,NJ,08879,40.466447,-74.278639,49,,1.2810,154
1114914389,Mark,Goldberg,MD,cardiology,West Orange,NJ,07052,40.785755,-74.265058,39,98.51,1.0321,1044
1114920451,Emanuel,Maida,MD,primary-care,Livingston,NJ,07039,40.785828,-74.329100,41,,1.7450,140
1114921079,Steven,Pally,DO,primary-care,Florham Park,NJ,07932,40.777461,-74.392845,37,,3.2948,109
1114921582,Harold,Ehrlich,MD,primary-care,Bound Brook,NJ,08805,40.570639,-74.537551,44,,0.5279,62
1114923661,Robert,Schanzer,MD,cardiology,Edison,NJ,08817,40.514655,-74.393104,31,75,1.8995,1471
1114925831,James,Covalesky,DO,primary-care,Morganville,NJ,07751,40.359650,-74.261462,25,,1.0047,628
1114929858,Jack,Goldstein,MD,gastroenterology,Mount Laurel,NJ,08054,39.948992,-74.900247,49,91.83,0.8065,239
1114934007,Robert,Clarke,MD,primary-care,East Orange,NJ,07018,40.755733,-74.217917,26,,3.1280,184
1114938461,Mohammed,Islam,MD,primary-care,Perth Amboy,NJ,08861,40.520494,-74.272943,38,,0.6013,210
1114942075,Carla,Dicenzo-Flynn,MD,primary-care,Morristown,NJ,07960,40.779235,-74.502462,37,,2.0801,120
1114942836,Ruth,Deitz,MD,primary-care,Berkeley Heights,NJ,07922,40.676590,-74.427022,32,,1.7571,208
1114950565,Tittymol,Mathew,MD,primary-care,Toms River,NJ,08755,40.008534,-74.221768,34,,1.3538,692
1114953528,George,Achebe,MD,primary-care,Willingboro,NJ,08046,40.027950,-74.886984,45,81.15,0.7484,177
1114954005,Dory,Altmann,MD,cardiology,East Brunswick,NJ,08816,40.429119,-74.416287,40,98.51,1.0177,1185
1114955846,Crystal,Broussard,MD,gastroenterology,Emerson,NJ,07630,40.974990,-74.023248,34,96.09,0.6534,260
1114955895,Mohamed,Elrafei,MD,psychiatry,Wayne,NJ,07470,40.945855,-74.245077,44,60.73,2.5565,309
1114956505,Russell,Abrams,MD,neurology,Hammonton,NJ,08037,39.631681,-74.773893,35,85.69,1.3216,164
1114968781,Jane,Stone,MD,cardiology,Hackensack,NJ,07601,40.889398,-74.045698,49,81.33,0.5182,730
1114969870,Beatrice,Onyeador,MD,primary-care,Clifton,NJ,07011,40.880427,-74.143246,25,,11.0989,41
1114970225,Steven,Silver,MD,cardiology,Haddon Heights,NJ,08035,39.879127,-75.065918,29,90.34,0.9434,2416
1114971397,Surya,Irakam,MD,gastroenterology,Hackensack,NJ,07601,40.889398,-74.045698,35,,1.1967,197
1114972999,Sean,Goudsward,DO,primary-care,Hammonton,NJ,08037,39.631681,-74.773893,38,,1.1329,221
1114983541,Avais,Masud,MD,primary-care,Jackson,NJ,08527,40.108665,-74.358602,41,,1.9992,488
1114985942,Sandra,Escandon,MD,neurology,Hackensack,NJ,07601,40.889398,-74.045698,36,81.33,0.9196,159
1114986213,Samuel,Ventrella,MD,cardiology,Moorestown,NJ,08057,39.979658,-74.941308,35,81.15,0.6792,1827
1114987351,Anju,Mattoo,MD,primary-care,Bayonne,NJ,07002,40.662495,-74.110201,37,,1.3437,161
1114992773,Gregory,Rihacek,MD,primary-care,Somerset,NJ,08873,40.499667,-74.531844,44,24.11,1.5058,318
1114995826,David,Clements,MD,orthopedics,Camden,NJ,08103,39.935202,-75.112703,44,85.23,0.2796,204
1114995941,Joseph,Wildman,MD,primary-care,Livingston,NJ,07039,40.785828,-74.329100,55,,1.9927,140
1114996477,Anthony,Barravecchio,DO,primary-care,Wayne,NJ,07470,40.945855,-74.245077,31,82.88,2.4501,355
1124000112,Victoria,Triola,MD,primary-care,Shrewsbury,NJ,07702,40.326450,-74.057373,29,81.97,1.0807,1053
1124004346,Paul,Barone,MD,cardiology,Newark,NJ,07112,40.711391,-74.211683,33,,0.6276,1659
1124008651,Larry,Rosenberg,MD,orthopedics,West Berlin,NJ,08091,39.807116,-74.924178,42,,0.7033,18
1124010079,John,Halperin,MD,neurology,Morristown,NJ,07960,40.779235,-74.502462,51,,0.8723,217
1124018270,Steven,Friedel,MD,orthopedics,Red Bank,NJ,07701,40.360509,-74.078952,37,69.28,0.8346,583
1124020052,David,Gallinson,DO,oncology,Belleville,NJ,07109,40.793481,-74.161159,28,,1.7716,460
1124029228,Ricardo,Camacho,MD,primary-care,Berkeley Heights,NJ,07922,40.676590,-74.427022,27,,1.0954,519
1124034897,Dominic,Pamintuan,MD,primary-care,Shrewsbury,NJ,07702,40.326450,-74.057373,27,81.97,1.0563,909
1124035886,Rajendra,Gupta,MD,gastroenterology,Ewing,NJ,08618,40.249340,-74.789968,58,,1.3007,150
1124040316,Jeremiah,Kurz,MD,gastroenterology,Paramus,NJ,07652,40.947299,-74.070169,26,96.09,0.9325,561
1124043930,Jennifer,Igbokwe,MD,primary-care,Berkeley Heights,NJ,07922,40.676590,-74.427022,26,,1.5150,180
1124050570,Suketu,Shah,MD,endocrinology,Morristown,NJ,07960,40.779235,-74.502462,25,,0.8530,428
1124051107,Maurice,Cairoli,MD,oncology,Moorestown,NJ,08057,39.979658,-74.941308,42,89.44,6.5514,452
1124052410,James,Smith,MD,primary-care,Newton,NJ,07860,41.057287,-74.802737,38,,0.5924,316
1124053681,David,Elbaum,DO,cardiology,Berlin,NJ,08009,39.760656,-74.932860,50,,0.7326,1091
1124054200,Robert,Ocasio,MD,primary-care,West Deptford,NJ,08086,39.851212,-75.185663,32,,1.2782,495
1124054747,Baljit,Sappal,MD,primary-care,Elizabeth,NJ,07208,40.672913,-74.224047,32,,3.0083,57
1124058102,Philip,Elgawli,DO,primary-care,Elmer,NJ,08318,39.557653,-75.177717,23,,0.9647,415
1124058367,Claudine,De Dan,MD,primary-care,Mullica Hill,NJ,08062,39.716095,-75.219267,24,,1.5902,81
1124072285,Craig,Wax,DO,primary-care,Mullica Hill,NJ,08062,39.716095,-75.219267,32,,2.2124,208
1124077219,Rey,Ramos,MD,primary-care,Bayonne,NJ,07002,40.662495,-74.110201,36,85.15,0.5516,30
1124078142,Sanjay,Kavathia,MD,primary-care,Hackettstown,NJ,07840,40.860045,-74.831795,32,,3.7734,439
1124079520,Richard,Finkel,MD,primary-care,Teaneck,NJ,07666,40.890317,-74.011478,40,,1.8888,47
1124080619,Andrea,Baratta,DO,dermatology,Mount Laurel,NJ,08054,39.948992,-74.900247,26,100,0.6850,420
1124085766,Augustine,Okpala,MD,primary-care,Hackettstown,NJ,07840,40.860045,-74.831795,34,15.46,5.1229,226
1124089719,Trevor,Layne,MD,oncology,West Orange,NJ,07052,40.785755,-74.265058,38,,4.2019,93
1124090881,Jonathan,Dunn,MD,endocrinology,Edison,NJ,08820,40.576806,-74.365750,43,81.33,0.9900,580
1124091061,Helen,Yi,MD,psychiatry,Bordentown,NJ,08505,40.135589,-74.707255,37,81.15,1.5197,56
1124098678,Machia,Uthappa,MD,primary-care,Brick,NJ,08723,40.038584,-74.111600,40,96.09,1.3657,402
1124099197,Louis,Friedman,DO,primary-care,Woodbridge,NJ,07095,40.552857,-74.286939,34,,0.7801,315
1124100565,Naomi,Lawrence,MD,dermatology,Camden,NJ,08103,39.935202,-75.112703,39,91.83,3.3878,502
1124101654,Peter,Lee,MD,dermatology,Metuchen,NJ,08840,40.543139,-74.358981,35,100,0.5815,644
1124103874,Jean,Pattathil,MD,primary-care,Elizabeth,NJ,07202,40.652464,-74.216853,30,,1.5627,204
1124106380,Valerie,Skrelja,MD,primary-care,Berkeley Heights,NJ,07922,40.676590,-74.427022,24,,1.2581,265
1124106463,Stuart,Belenker,MD,psychiatry,Piscataway,NJ,08854,40.539658,-74.462791,38,,0.4713,80
1124108808,David,Montgomery,MD,cardiology,Oakland,NJ,07436,41.031022,-74.240502,37,,1.1913,1737
1124109178,Mark,Druck,MD,oncology,Bayonne,NJ,07002,40.662495,-74.110201,49,96.09,1.2205,256
1124109319,Richard,Miller,MD,pulmonology,Newark,NJ,07102,40.735659,-74.173605,43,24.91,2.3880,439
1124114343,Mohammed,Nisar,MD,primary-care,Edison,NJ,08820,40.576806,-74.365750,,,4.2536,47
1124116942,Charles,Gellido,MD,neurology,Clifton,NJ,07013,40.869405,-74.173062,38,,1.8109,142
1124131016,Catalino,Dela Cruz,MD,cardiology,Bloomfield,NJ,07003,40.809141,-74.187142,58,,1.0506,498
1124141858,Gino,Chiappetta,MD,orthopedics,Somerset,NJ,08873,40.499667,-74.531844,25,75,1.2060,478
1124164959,Nancy,Mueller,MD,neurology,Englewood Cliffs,NJ,07632,40.884634,-73.944654,50,,32.8382,94
1124165501,Dawn,Calamari-Brinkrode,DO,primary-care,Hoboken,NJ,07030,40.745251,-74.027926,31,,0.6068,51
1124167879,Mamatha,Gadarla,MD,primary-care,Caldwell,NJ,07006,40.851187,-74.282865,27,,1.8746,262
1124175419,Richard,Levandowski,MD,primary-care,Lawrenceville,NJ,08648,40.284490,-74.717487,52,82.51,6.7133,191
1124183694,James,Cahill,MD,orthopedics,Hackensack,NJ,07601,40.889398,-74.045698,36,69.39,1.4382,798
1124192497,Chintan,Parikh,MD,primary-care,Bloomfield,NJ,07003,40.809141,-74.187142,28,,1.2678,102
1124197942,Todd,Lipschultz,MD,orthopedics,West Deptford,NJ,08096,39.829402,-75.129032,42,,0.9704,79
1124204425,Elena,Pappas,DO,primary-care,Toms River,NJ,08755,40.008534,-74.221768,20,,1.2243,185
1124211925,Adib,Chaaya,MD,gastroenterology,Camden,NJ,08103,39.935202,-75.112703,22,,0.8061,437
1124213418,Tara,Vanhise,DO,primary-care,Pennington,NJ,08534,40.329422,-74.792789,21,96.91,1.2579,106
1124217971,Sonyo,Shin,MD,oncology,Bridgewater,NJ,08807,40.592434,-74.618840,28,81.09,0.3557,382
1124249644,Michael,Ehrenreich,MD,dermatology,Millburn,NJ,07041,40.722433,-74.301561,20,,1.2754,128
1124251939,Jonathan,Torres,DO,primary-care,Morristown,NJ,07960,40.779235,-74.502462,17,,0.7115,131
1124253752,Marlyn,Fernandez,MD,endocrinology,Glen Ridge,NJ,07028,40.804798,-74.204569,20,96.09,1.3862,331
1124259460,Crystal,Rivell,DO,primary-care,Camden,NJ,08103,39.935202,-75.112703,17,99.52,1.0306,214
1124280250,Michael,Kasper,MD,cardiology,Saddle River,NJ,07458,41.046658,-74.096482,21,78.79,2.4091,347
1124282033,Roland,Losos,MD,primary-care,Lyndhurst,NJ,07071,40.797113,-74.112980,34,,2.1278,257
1124285176,Kevin,Berg,MD,primary-care,Verona,NJ,07044,40.832468,-74.242863,15,,0.5257,46
1124286356,Christi,Weston,MD,psychiatry,Flemington,NJ,08822,40.521995,-74.866644,20,96.91,1.0944,64
1124286588,Nidhi,Kumar,MD,cardiology,East Brunswick,NJ,08816,40.429119,-74.416287,23,84.37,2.2334,287
1124287412,Dima,Yeshou,MD,endocrinology,Fair Lawn,NJ,07410,40.935830,-74.117505,25,75,1.0639,420
1124287479,Adeyemi,Iyanoye,MD,cardiology,Hackensack,NJ,07601,40.889398,-74.045698,13,75,1.1428,664
1124310370,James,Kimbaris,MD,gastroenterology,Cherry Hill,NJ,08003,39.885852,-74.971145,15,81.15,0.9498,376
1124310404,Ashany,Sundaram,MD,primary-care,West Caldwell,NJ,07006,40.851187,-74.282865,16,,0.7870,229
1124311642,Daniel,Kiss,MD,cardiology,Eatontown,NJ,07724,40.298625,-74.074178,15,82.83,1.6956,1237
1124312277,Sara,Ghotb,MD,primary-care,Long Branch,NJ,07740,40.295372,-73.989899,20,87.07,0.7362,198
1124319397,Omar,Noor,MD,dermatology,Atlantic Highlands,NJ,07716,40.402402,-74.036306,15,,2.5850,440
1124325063,Abigail,Lore,MD,primary-care,Somerset,NJ,08873,40.499667,-74.531844,15,,0.8029,597
1124334347,Hetal,Patel,DO,primary-care,Trenton,NJ,08638,40.254018,-74.763385,16,,0.5036,161
1124351747,Pradip,Bhattacharjee,MD,dermatology,Neptune,NJ,07753,40.210761,-74.074499,28,93.06,0.4732,3614
1124387881,Shalin,Patel,MD,orthopedics,Freehold,NJ,07728,40.225793,-74.285785,14,,0.6451,697
1124409057,Savan,Ghetiya,MD,primary-care,Toms River,NJ,08753,39.979668,-74.150739,15,,1.6425,213
1124412317,Knar,Mesrobian,DO,primary-care,Oakland,NJ,07436,41.031022,-74.240502,11,,1.0781,154
1124414826,Andrew,Mcginniss,MD,orthopedics,Clifton,NJ,07013,40.869405,-74.173062,11,,0.5627,152
1124437314,Ramy,Sedhom,MD,oncology,Plainsboro,NJ,08536,40.333076,-74.586628,12,,1.7417,239
1124439757,Michael,Cosulich,MD,dermatology,Wall,NJ,07719,40.168908,-74.073226,13,95.2,1.9863,1623
1124445200,Katherine,Chiapaikeo-Poco,DO,pulmonology,West Orange,NJ,07052,40.785755,-74.265058,12,100,0.9907,427
1124454822,Andrew,Mostello,DO,orthopedics,Vineland,NJ,08360,39.492354,-75.003447,13,,0.9442,280
1124465927,Parth,Modi,MD,neurology,Voorhees,NJ,08043,39.848570,-74.952843,13,81.15,0.4814,305
1124471156,Manuel,Mendez,MD,primary-care,Millburn,NJ,07041,40.722433,-74.301561,14,,0.7222,285
1124472972,Danny,Markabawi,MD,oncology,Camden,NJ,08103,39.935202,-75.112703,12,91.83,0.4225,209
1124480132,Faiz,Afridi,MD,primary-care,Willingboro,NJ,08046,40.027950,-74.886984,7,,0.8295,209
1124510094,Salvatore,Messina,DO,psychiatry,Mount Laurel,NJ,08054,39.948992,-74.900247,8,81.15,0.5559,22
1124519087,Shravan,Reddy,MD,primary-care,Clifton,NJ,07014,40.831339,-74.135419,10,,0.6821,245
1124552534,Perry,Wengrofsky,MD,cardiology,Hackensack,NJ,07601,40.889398,-74.045698,9,,0.3449,201
1124557285,Martin,Griffis,MD,orthopedics,Princeton,NJ,08540,40.364728,-74.656314,9,,0.5441,467
1124605365,Moyosore,Oluleye,MD,primary-care,Holmdel,NJ,07733,40.374964,-74.173849,5,,0.8766,142
1124606926,Charles,Sonaliya,MD,primary-care,Glassboro,NJ,08028,39.692129,-75.124675,20,,0.9746,104
1124656988,Sara,Ausaf,MD,primary-care,Camden,NJ,08103,39.935202,-75.112703,13,,0.5998,30
1134102106,Jo Ann,Szylit,MD,dermatology,Kinnelon,NJ,07405,40.987841,-74.378188,48,94.63,0.6716,2042
1134104516,Steven,Eisenstat,DO,primary-care,Union,NJ,07083,40.695266,-74.269078,42,,1.5768,500
1134107832,Jonathan,Rosenbluth,MD,oncology,Bridgewater,NJ,08807,40.592434,-74.618840,27,100,7.7026,561
1134108442,Nasser,Chaudhry,MD,cardiology,Cherry Hill,NJ,08034,39.906100,-75.000375,35,81.15,0.5821,1474
1134109895,Ihab,Girgis,MD,cardiology,Neptune,NJ,07753,40.210761,-74.074499,38,86.51,3.8894,1284
1134111248,Vincent,Codella,DO,primary-care,Union,NJ,07083,40.695266,-74.269078,25,,1.8226,309
1134113376,Bhavesh,Balar,MD,oncology,Freehold,NJ,07728,40.225793,-74.285785,28,86.57,12.0865,1422
1134113640,Cherryl,Thomas,MD,primary-care,Dayton,NJ,08810,40.368285,-74.490999,40,,1.1289,226
1134113939,Gloria,Nwankwo,DO,primary-care,Irvington,NJ,07111,40.723859,-74.232522,28,,0.3684,30
1134116148,Peter,Coppola,MD,primary-care,Teaneck,NJ,07666,40.890317,-74.011478,45,,2.4460,228
1134125156,Kevin,Callahan,DO,oncology,Camden,NJ,08103,39.935202,-75.112703,39,91.83,0.3835,278
1134125941,Howard,Rothman,MD,cardiology,Fort Lee,NJ,07024,40.850640,-73.971007,56,96.09,0.3265,526
1134129125,Stephen,Kabel,DO,primary-care,Delran,NJ,08075,40.029676,-74.948997,38,,2.0307,106
1134129232,Robert,Panebianco,MD,cardiology,Livingston,NJ,07039,40.785828,-74.329100,39,98.51,2.1243,482
1134132871,Luis,Vazquez Falcon,MD,primary-care,North Bergen,NJ,07047,40.793644,-74.025027,34,,1.1487,108
1134132889,Jenny,Cam,MD,endocrinology,Jersey City,NJ,07306,40.736294,-74.071128,47,,1.4974,176
1134133481,Lingping,Gu,MD,primary-care,Kendall Park,NJ,08824,40.420727,-74.553458,38,,2.5770,86
1134139710,Lisa,Gualberti-Girgis,MD,primary-care,Colts Neck,NJ,07722,40.287799,-74.166807,31,96.09,1.0113,407
1134140767,Ralph,Guarino,MD,primary-care,Toms River,NJ,08755,40.008534,-74.221768,46,75,1.0144,954
1134143928,Christine,Aquino,MD,primary-care,Berkeley Heights,NJ,07922,40.676590,-74.427022,27,,1.3188,193
1134149909,Viviane,Ackad,MD,primary-care,East Orange,NJ,07018,40.755733,-74.217917,44,,1.0094,35
1134158108,Robert,Stagliano,DO,primary-care,Collingswood,NJ,08108,39.915048,-75.062244,50,92.67,1.7606,170
1134161813,Rudolph,Depersia,MD,primary-care,West Deptford,NJ,08086,39.851212,-75.185663,45,,1.5966,277
1134161987,Bradley,Kline,DO,primary-care,Bernardsville,NJ,07924,40.725770,-74.591213,45,,1.4167,29
1134170608,William,Orsini,MD,dermatology,West Long Branch,NJ,07764,40.287904,-74.020019,54,94.24,0.9583,1048
1134177918,Debra,Margulies,MD,primary-care,Berkeley Heights,NJ,07922,40.676590,-74.427022,22,,0.6005,743
1134185432,Mary,Abed,MD,cardiology,Jersey City,NJ,07307,40.751842,-74.053976,42,,1.3421,225
1134186489,Avtar,Parhar,MD,pulmonology,Holmdel,NJ,07733,40.374964,-74.173849,38,,2.0472,1014
1134190903,Keith,Leibowitz,DO,cardiology,Mountain Lakes,NJ,07046,40.890853,-74.442032,27,,0.6568,1670
1134192552,Gerald,Sotsky,MD,cardiology,Ridgewood,NJ,07450,40.981591,-74.113506,45,95.05,0.9015,575
1134193865,Kenneth,Eng,DO,primary-care,Freehold,NJ,07728,40.225793,-74.285785,30,,0.7662,370
1134197254,Kenneth,Anolik,MD,primary-care,Highland Park,NJ,08904,40.500795,-74.427911,51,,5.5340,25
1134197346,Saleem,Husain,MD,cardiology,Plainfield,NJ,07060,40.616667,-74.422042,36,81.33,1.4191,2438
1134215155,Syeda,Akhtar,MD,psychiatry,Lakewood,NJ,08701,40.077069,-74.198510,35,,0.9446,39
1134216526,Mark,Blum,MD,cardiology,Morristown,NJ,07960,40.779235,-74.502462,43,,0.4073,2442
1134219918,Alexander,Mathew,MD,cardiology,Florham Park,NJ,07932,40.777461,-74.392845,26,,2.5797,351
1134221062,Michael,Maroules,MD,oncology,Clifton,NJ,07013,40.869405,-74.173062,47,,0.6827,340
1134222714,Brian,Roper,MD,primary-care,Neptune,NJ,07753,40.210761,-74.074499,32,,0.5513,107
1134225162,Deepa,Patel,MD,primary-care,Spotswood,NJ,08884,40.393613,-74.392737,33,100,1.8245,400
1134231863,Mangala,Nadkarni,MD,neurology,Livingston,NJ,07039,40.785828,-74.329100,44,,1.0793,454
1134251945,Deborah,Lozito,MD,primary-care,Hawthorne,NJ,07506,40.956957,-74.158561,39,,1.6886,372
1134256936,Sunil,Patel,MD,primary-care,Newark,NJ,07103,40.738852,-74.195264,25,,1.2188,274
1134264740,Michel,Kahaleh,MD,gastroenterology,Rochelle Park,NJ,07662,40.906496,-74.078005,32,,1.0227,182
1134269954,Rajaram,Kandasamy,MD,primary-care,East Windsor,NJ,08512,40.324357,-74.525526,37,,1.1909,208
1134277619,Daniel,Maenner,DO,primary-care,West New York,NJ,07093,40.786704,-74.008909,32,,5.4382,11
1134278526,Yong,Shi,MD,primary-care,Marlboro,NJ,07746,40.323490,-74.254572,42,,1.7405,261
1134285422,Audrey,Radin,MD,primary-care,Livingston,NJ,07039,40.785828,-74.329100,38,98.51,0.9545,127
1134290224,Haresh,Kane,MD,primary-care,Princeton,NJ,08540,40.364728,-74.656314,23,51.39,2.1671,18
1134296288,Dawn,Holder,MD,primary-care,Pennsville,NJ,08070,39.619125,-75.516069,23,99.52,0.7679,341
1134310667,Owen,Carolan,MD,primary-care,Manasquan,NJ,08736,40.120018,-74.053257,23,72.98,0.7546,828
1134311756,Rajiv,Patel,DO,cardiology,Hackensack,NJ,07601,40.889398,-74.045698,22,94.26,1.5575,1416
1134326010,Kafilat,Adewunmi,DO,primary-care,Union,NJ,07083,40.695266,-74.269078,21,,1.2697,28
1134329022,Jonathan,Woo,MD,primary-care,Plainsboro,NJ,08536,40.333076,-74.586628,26,,0.6012,97
1134353964,David,Armstrong,MD,cardiology,Hackensack,NJ,07601,40.889398,-74.045698,17,96.09,0.5309,1194
1134362171,Dongmei,Zhao,MD,primary-care,Hackensack,NJ,07601,40.889398,-74.045698,35,81.33,1.2014,259
1134366958,Justin,Karl,MD,cardiology,Englewood,NJ,07631,40.891197,-73.972515,20,96.09,0.9574,895
1134379340,Ilya,Kupershtein,MD,orthopedics,Summit,NJ,07901,40.714923,-74.366372,22,,1.5195,67
1134380314,Sundip,Kaur,MD,primary-care,Voorhees,NJ,08043,39.848570,-74.952843,19,81.15,0.2853,14
1134428998,Kevin,Wood,MD,oncology,Hoboken,NJ,07030,40.745251,-74.027926,15,95.05,0.7973,593
1134446529,Imran,Ashraf,MD,orthopedics,Hoboken,NJ,07030,40.745251,-74.027926,18,,1.1084,69
1134447493,Niren,Jasutkar,MD,gastroenterology,Clifton,NJ,07012,40.846899,-74.160537,16,85.15,1.0078,50
1134448251,Shiraz,Yussaf,MD,primary-care,Woodland Park,NJ,07424,40.882319,-74.205876,20,,0.9991,425
1134449044,Cynthia,Victor-Prophete,DO,gastroenterology,Paramus,NJ,07652,40.947299,-74.070169,17,,0.7977,90
1134480205,Jeffrey,Selan,MD,cardiology,Eatontown,NJ,07724,40.298625,-74.074178,14,82.83,1.3133,1273
1134480791,Divya,Bhatnagar,MD,dermatology,Holmdel,NJ,07733,40.374964,-74.173849,14,100,0.5273,803
1134482375,Ryan,Tourtellot,DO,primary-care,Neptune,NJ,07753,40.210761,-74.074499,14,81.33,0.7882,317
1134483076,Alexandra,Lane,MD,primary-care,Camden,NJ,08103,39.935202,-75.112703,14,99.52,0.6763,126
1134502545,Shilpa,Odedra,MD,primary-care,Hackensack,NJ,07601,40.889398,-74.045698,11,96.09,0.4672,32
1134514151,Syeda,Hasan,MD,primary-care,Hackensack,NJ,07601,40.889398,-74.045698,14,95.05,0.8337,678
1134514912,Jamie,Moy,DO,primary-care,Berkeley Heights,NJ,07922,40.676590,-74.427022,11,,1.4686,193
1134517121,Mohamad,Ani,MD,cardiology,Hackensack,NJ,07601,40.889398,-74.045698,39,75,0.9730,946
1134544307,Ruby,Kapadia,DO,primary-care,Saddle Brook,NJ,07663,40.903099,-74.093591,13,,7.6524,78
1134549330,Stephen,Lazar,DO,primary-care,Stratford,NJ,08084,39.828990,-75.015536,12,,1.2712,119
1134577166,Nicolas,Patel,MD,gastroenterology,Marlton,NJ,08053,39.856677,-74.900810,10,81.33,0.3593,59
1134578701,Sahil,Patel,DO,primary-care,Woodland Park,NJ,07424,40.882319,-74.205876,10,,7.2822,73
1134589211,Michelle,Quinn,DO,primary-care,Cherry Hill,NJ,08003,39.885852,-74.971145,10,,0.7088,401
1134610686,Yoo-Jin,Baik,MD,neurology,Hackensack,NJ,07601,40.889398,-74.045698,8,,1.4871,45
1134611262,Madaser,Saleem,DO,primary-care,Englewood,NJ,07631,40.891197,-73.972515,8,,1.8838,102
1134612104,Seema,Shekar,DO,psychiatry,Montclair,NJ,07042,40.813487,-74.219011,8,,0.9888,16
1134625221,Leonardo,Oliveira,MD,primary-care,Newark,NJ,07105,40.723066,-74.138636,8,87.07,1.0398,292
1134649353,Matthew,Cohn,MD,orthopedics,Berkeley Heights,NJ,07922,40.676590,-74.427022,9,,1.0270,405
1134654221,Jenna,Presto,MD,dermatology,Berkeley Heights,NJ,07922,40.676590,-74.427022,9,,0.7522,554
1134656630,Waqas,Ullah,MD,cardiology,Egg Harbor Township,NJ,08234,39.388393,-74.620728,13,,0.5937,49
1134681455,Amanda,Dawson,MD,primary-care,Brick,NJ,08724,40.091032,-74.114395,10,96.09,0.4065,961
1134688120,Peymaan,Banankhah,MD,primary-care,Elizabeth,NJ,07202,40.652464,-74.216853,7,87.07,1.0368,170
1134695299,Laura,Torres Cruz,MD,primary-care,West New York,NJ,07093,40.786704,-74.008909,6,,1.3657,54
1134746811,Benjamin,Weber,DO,primary-care,Edison,NJ,08820,40.576806,-74.365750,6,,0.7572,434
1134757834,Rania,Muhieddine,DO,primary-care,Clark,NJ,07066,40.620650,-74.309862,6,,0.5763,58
1134773070,Sumra,Iqbal,MD,psychiatry,Flemington,NJ,08822,40.521995,-74.866644,7,84.94,0.4128,100
1144200080,Adaora,Okoli Umeweni,MD,primary-care,Stratford,NJ,08084,39.828990,-75.015536,34,,1.4427,422
1144208968,George,Seretis,DO,primary-care,Logan Township,NJ,08085,39.753766,-75.331040,32,24.25,1.4074,554
1144209891,Richard,Kovach,MD,cardiology,Browns Mills,NJ,08015,39.931536,-74.543720,44,,2.6431,225
1144213794,Dilip,Desai,MD,primary-care,Toms River,NJ,08755,40.008534,-74.221768,36,,1.2883,1278
1144216342,Paul,Schackman,MD,cardiology,Union,NJ,07083,40.695266,-74.269078,51,94.52,0.6938,911
1144216755,Ravi,Yangala,MD,neurology,Somers Point,NJ,08244,39.315511,-74.598278,42,86.93,0.7727,249
1144218215,Charles,Farber,MD,oncology,Morristown,NJ,07960,40.779235,-74.502462,40,,0.9617,448
1144224510,Neil,Perilstein,MD,primary-care,Iselin,NJ,08830,40.570142,-74.316371,34,,0.7509,360
1144224858,Robert,Gialanella,MD,gastroenterology,Red Bank,NJ,07701,40.360509,-74.078952,33,98.3,0.7936,765
1144225079,David,Harwood,MD,orthopedics,Somerset,NJ,08873,40.499667,-74.531844,42,75,1.1207,578
1144225723,Sheldon,Eisenberg,MD,cardiology,Hoboken,NJ,07030,40.745251,-74.027926,46,95.05,1.0416,676
1144234634,Michael,Molinaro,MD,primary-care,Glen Ridge,NJ,07028,40.804798,-74.204569,26,,0.8930,812
1144246042,Safwat,Shaker,MD,primary-care,Teaneck,NJ,07666,40.890317,-74.011478,44,,2.0879,277
1144248311,Natalya,Kishkareva,MD,psychiatry,Norwood,NJ,07648,40.992046,-73.950551,50,,6.1894,73
1144255498,Stephen,Wallace,MD,oncology,Moorestown,NJ,08057,39.979658,-74.941308,33,87.31,8.6010,401
1144255506,Paul,Madura,MD,primary-care,Hampton,NJ,08827,40.668424,-74.968377,46,,0.7640,311
1144256629,Daniel,Herriman,MD,primary-care,Berlin,NJ,08009,39.760656,-74.932860,40,37.95,0.5811,681
1144259649,Joseph,Shami,MD,gastroenterology,Wayne,NJ,07470,40.945855,-74.245077,48,76.52,1.2835,295
1144262130,Kim,Dixon,MD,primary-care,New Brunswick,NJ,08901,40.483638,-74.442460,29,,0.3621,40
1144264029,Michael,Nicolai,MD,primary-care,Denville,NJ,07834,40.886460,-74.487584,35,,1.4644,482
1144268137,Misha,Basalaev,MD,primary-care,East Brunswick,NJ,08816,40.429119,-74.416287,39,25.1,2.0728,292
1144268426,David,Gabros,MD,primary-care,Brigantine,NJ,08203,39.421713,-74.392873,46,,2.8849,78
1144268871,Maya,Guglin,MD,cardiology,New Brunswick,NJ,08901,40.483638,-74.442460,42,88.4,0.9802,85
1144269440,Jeffrey,Whitworth,MD,dermatology,Woodland Park,NJ,07424,40.882319,-74.205876,33,75,1.3951,505
1144270281,Meena,Murthy,MD,endocrinology,New Brunswick,NJ,08901,40.483638,-74.442460,47,,0.6901,36
1144270323,Alexander,Kasatkin,MD,cardiology,Fair Lawn,NJ,07410,40.935830,-74.117505,30,100,1.7311,750
1144273509,Ronald,Cohen,DO,cardiology,Haddon Heights,NJ,08035,39.879127,-75.065918,47,90.34,3.0749,1991
1144279639,Steven,Kaufman,MD,endocrinology,Cherry Hill,NJ,08034,39.906100,-75.000375,31,91.83,0.7564,187
1144279779,Sara,Wallach,MD,primary-care,Pennington,NJ,08534,40.329422,-74.792789,46,,0.6004,64
1144284134,Rafael,Levin,MD,orthopedics,Westwood,NJ,07675,41.003484,-74.001753,28,,0.7757,81
1144286105,Edward,Boylan,MD,primary-care,Jersey City,NJ,07306,40.736294,-74.071128,39,,0.8745,110
1144291196,Nina,Tubilleja,MD,primary-care,Forked River,NJ,08731,39.859886,-74.292741,36,,1.7097,439
1144293952,David,Rojer,MD,orthopedics,Linden,NJ,07036,40.624711,-74.239362,29,75,1.4444,583
1144294737,Marcia,Liu,MD,cardiology,Eatontown,NJ,07724,40.298625,-74.074178,34,82.83,1.3921,1342
1144295049,Mark,Leone,DO,primary-care,Voorhees,NJ,08043,39.848570,-74.952843,43,99.52,1.4380,236
1144296492,Sung Won,Lee,MD,primary-care,Palisades Park,NJ,07650,40.847017,-73.997061,30,,2.9068,358
1144297318,Warren,Heymann,MD,dermatology,Marlton,NJ,08053,39.856677,-74.900810,47,94.35,0.5854,2062
1144298613,George,Abdelsayed,MD,gastroenterology,New Brunswick,NJ,08901,40.483638,-74.442460,43,88.4,0.7958,215
1144302530,Davonnie,Dunn,MD,primary-care,Haddonfield,NJ,08033,39.892421,-75.036651,28,,1.0267,293
1144304189,Vikranta,Sharma,MD,primary-care,Somerville,NJ,08876,40.589554,-74.685411,32,,0.7360,491
1144306317,Richard,Gallo,MD,primary-care,Teaneck,NJ,07666,40.890317,-74.011478,40,,2.1160,362
1144306556,Holly,Green,MD,primary-care,Voorhees,NJ,08043,39.848570,-74.952843,29,,0.6420,138
1144308115,Donna,Konlian,MD,primary-care,Paterson,NJ,07503,40.897548,-74.154121,42,,0.5004,1410
1144309147,John,Villa,DO,pulmonology,Hackensack,NJ,07601,40.889398,-74.045698,37,81.33,0.6708,1180
1144317439,Sandra,Fahmy,DO,primary-care,Old Bridge,NJ,08857,40.392789,-74.330397,23,96.09,1.1004,228
1144320128,Anjum,Tanwir,MD,cardiology,Union,NJ,07083,40.695266,-74.269078,24,98.51,14.0977,1345
1144321472,Rosario,Hohl Stillwell,MD,primary-care,Trenton,NJ,08618,40.249340,-74.789968,38,,0.5485,151
1144322801,Harry,Snady,MD,gastroenterology,Weehawken,NJ,07086,40.768010,-74.017008,49,,1.7337,108
1144330580,Roman,Finn,MD,primary-care,Paramus,NJ,07652,40.947299,-74.070169,45,,8.9181,88
1144337908,Nabil,Yazgi,MD,neurology,Wayne,NJ,07470,40.945855,-74.245077,47,,1.5212,56
1144338641,Rajendra,Desai,MD,cardiology,Millburn,NJ,07041,40.722433,-74.301561,45,,1.0089,415
1144344649,Raymond,Mero,DO,psychiatry,Phillipsburg,NJ,08865,40.708226,-75.147073,36,,0.7604,59
1144368358,David,Lombardi,MD,primary-care,Howell,NJ,07731,40.149537,-74.203987,35,,0.8727,892
1144379504,Soheila,Vossough,MD,primary-care,Lyndhurst,NJ,07071,40.797113,-74.112980,39,,0.7961,56
1144381005,Maxim,Karabach,MD,primary-care,Whiting,NJ,08759,39.961826,-74.359828,42,25.16,3.5963,231
1144392242,Hazar,Michael,MD,gastroenterology,Berkeley Heights,NJ,07922,40.676590,-74.427022,34,,1.1926,590
1144398835,Carlos,Remolina,MD,pulmonology,Hackensack,NJ,07601,40.889398,-74.045698,51,75,1.2220,325
1144413873,Martin,Schlakman,MD,psychiatry,Edison,NJ,08837,40.514281,-74.343859,34,,2.1389,123
1144425851,Nancy,Castro-Chevere,MD,primary-care,Atlantic City,NJ,08401,39.377337,-74.451070,19,,0.3473,12
1144429697,Zaheer,Husain,MD,primary-care,Willingboro,NJ,08046,40.027950,-74.886984,27,81.15,0.9076,540
1144432576,Beata,Chauhan,DO,primary-care,Morristown,NJ,07960,40.779235,-74.502462,20,,1.2003,387
1144433673,Stacey,Zavala,MD,gastroenterology,Marlton,NJ,08053,39.856677,-74.900810,23,,0.9375,405
1144470600,Robert,Lukenda,DO,primary-care,Cranford,NJ,07016,40.657550,-74.303632,18,,2.3231,762
1144474636,Manuel,Cunanan,MD,pulmonology,Millville,NJ,08332,39.366217,-75.026853,25,78.09,1.2535,694
1144476417,Seema,Dixit,DO,neurology,Somerset,NJ,08873,40.499667,-74.531844,23,84.73,1.1898,976
1144483116,Rebecca,Lu,MD,dermatology,Warren,NJ,07059,40.634588,-74.519044,21,54.18,3.6122,496
1144485152,Jane,Jaffe,DO,gastroenterology,Medford,NJ,08055,39.862695,-74.822311,19,81.15,0.9619,451
1144486200,Rajesh,Pandey,MD,primary-care,Franklin Lakes,NJ,07417,41.007526,-74.205653,20,,7.9575,210
1144486523,Ajay,Shah,MD,cardiology,Livingston,NJ,07039,40.785828,-74.329100,34,98.51,0.5910,1708
1144489022,Marianna,Strakhan,MD,oncology,Berkeley Heights,NJ,07922,40.676590,-74.427022,28,,2.8643,387
1144510298,Neal,Varughese,MD,dermatology,Flemington,NJ,08822,40.521995,-74.866644,15,84.94,3.2702,484
1144518457,Kimberly,Salwitz,MD,oncology,Little Silver,NJ,07739,40.336952,-74.034535,16,80.53,6.2450,615
1144533795,Seena,Shekari,DO,primary-care,Hoboken,NJ,07030,40.745251,-74.027926,17,95.05,0.8054,553
1144553660,Magdalena,Szulc,MD,primary-care,Atlantic City,NJ,08401,39.377337,-74.451070,26,,0.7457,317
1144578311,Amina,Saqib,MD,pulmonology,East Brunswick,NJ,08816,40.429119,-74.416287,20,98.51,1.4844,565
1144587502,Haris,Kalatoudis,MD,primary-care,Paterson,NJ,07503,40.897548,-74.154121,15,,1.3252,304
1144589235,Matthew,Paoli,DO,primary-care,Cherry Hill,NJ,08034,39.906100,-75.000375,14,,0.7612,56
1144589730,Muhammad,Uppal,MD,primary-care,Newark,NJ,07112,40.711391,-74.211683,21,87.07,1.6787,564
1144614249,Michael,Mcentee,MD,primary-care,Newark,NJ,07112,40.711391,-74.211683,12,98.51,1.8746,66
1144630229,Luis,Alzate-Duque,MD,primary-care,Newark,NJ,07103,40.738852,-74.195264,12,,1.2953,13
1144632944,Hinesh,Upadhyay,MD,pulmonology,Cedar Knolls,NJ,07927,40.823725,-74.456354,21,,1.1759,159
1144663352,Akanksha,Kumar,MD,primary-care,Berkeley Heights,NJ,07922,40.676590,-74.427022,12,,1.4275,230
1144669268,Eduard,Koman,MD,cardiology,Moorestown,NJ,08057,39.979658,-74.941308,13,,0.5553,1705
1144674219,Ami,Amin,MD,endocrinology,Turnersville,NJ,08012,39.783815,-75.056068,11,,0.5467,100
1144683442,Xiaowen,Zhang,MD,primary-care,Freehold,NJ,07728,40.225793,-74.285785,27,,0.7082,351
1144714049,Kyle,Gleaves,MD,primary-care,Cherry Hill,NJ,08002,39.934605,-75.025389,8,99.52,0.7267,274
1144724741,Bisma,Rajpar,MD,primary-care,New Brunswick,NJ,08901,40.483638,-74.442460,8,,0.4848,84
1144726712,Joseph,Wooten,MD,primary-care,Voorhees,NJ,08043,39.848570,-74.952843,8,81.15,0.5353,98
1144750217,Emily,Walzer,MD,oncology,Camden,NJ,08103,39.935202,-75.112703,9,91.83,0.4016,191
1144752122,Mitchell,Kim,MD,primary-care,Livingston,NJ,07039,40.785828,-74.329100,9,98.51,1.3728,102
1144753153,Seth,Stake,MD,orthopedics,Cherry Hill,NJ,08034,39.906100,-75.000375,9,81.15,1.1148,361
1144780446,Patrick,Puliti,MD,primary-care,Plainsboro,NJ,08536,40.333076,-74.586628,7,,0.9664,198
1144783226,Ravneet,Kaur,MD,primary-care,Teaneck,NJ,07666,40.890317,-74.011478,8,83.32,0.3593,58
1144807207,Charles,Bond,DO,primary-care,Manahawkin,NJ,08050,39.712132,-74.231888,5,,0.9563,269
1144808064,Minhaz,Murshad,MD,primary-care,Neptune,NJ,07753,40.210761,-74.074499,15,,0.9677,227
1144808973,James,Chan,DO,primary-care,Hoboken,NJ,07030,40.745251,-74.027926,5,,0.6555,119
1144883109,Beenish,Faheem,MD,primary-care,Englewood,NJ,07631,40.891197,-73.972515,20,75,2.4719,204
1154302024,Edred,Shen,MD,primary-care,Westfield,NJ,07076,40.633029,-74.372899,32,,1.1394,232
1154309532,Ronald,Ryder,DO,cardiology,Hamilton,NJ,08690,40.225833,-74.660096,37,75,2.0204,1222
1154310829,James,Gamble,MD,primary-care,Voorhees,NJ,08043,39.848570,-74.952843,41,,0.8859,184
1154311579,Damian,Rigatti,DO,primary-care,Neshanic Station,NJ,08853,40.527314,-74.742043,36,,1.4726,363
1154313526,Alexander,Delgra,MD,primary-care,Morris Plains,NJ,07950,40.846026,-74.482314,46,,0.6303,13
1154321701,David,Bundens,MD,orthopedics,Vineland,NJ,08360,39.492354,-75.003447,48,23.15,1.0822,510
1154327146,Daren,Aita,MD,orthopedics,Marlton,NJ,08053,39.856677,-74.900810,34,92.57,0.9840,466
1154328755,Marta,Meyers,MD,primary-care,Morristown,NJ,07960,40.779235,-74.502462,45,,0.7140,454
1154344646,Andras,Peter,MD,primary-care,Avenel,NJ,07001,40.583961,-74.269704,42,,2.9102,116
1154344786,Muhammad,Rehman,MD,pulmonology,Manahawkin,NJ,08050,39.712132,-74.231888,28,100,2.7723,444
1154351666,John,Passalaris,MD,cardiology,Princeton,NJ,08540,40.364728,-74.656314,32,,0.6546,1325
1154359255,John,Digioia,MD,primary-care,Hackensack,NJ,07601,40.889398,-74.045698,40,92.89,0.9754,162
1154359727,Ara,Ajemian,MD,primary-care,Hoboken,NJ,07030,40.745251,-74.027926,32,95.05,0.8800,526
1154364164,Howard,Weiss,MD,primary-care,Morristown,NJ,07960,40.779235,-74.502462,43,,0.6820,122
1154369346,Dolores,Peterson,MD,primary-care,Mount Laurel,NJ,08054,39.948992,-74.900247,36,81.15,1.0951,151
1154371250,Pandurang,Miskin,MD,neurology,Toms River,NJ,08755,40.008534,-74.221768,51,98.51,0.8919,686
1154372621,Nilay,Shah,MD,neurology,Maywood,NJ,07607,40.902885,-74.063457,28,,2.5528,341
1154375467,Bruce,Aronwald,DO,primary-care,Morristown,NJ,07960,40.779235,-74.502462,40,,1.0049,98
1154376549,Marc,Colmer,MD,cardiology,Neptune,NJ,07753,40.210761,-74.074499,58,80.88,2.2059,482
1154377687,Karen,Calabrese,DO,primary-care,Camden,NJ,08103,39.935202,-75.112703,23,99.52,1.0320,211
1154382224,Thomas,Komorowski,MD,cardiology,Linden,NJ,07036,40.624711,-74.239362,33,75,2.0308,2044
1154382331,Amrit,Grewal,MD,neurology,Ridgewood,NJ,07450,40.981591,-74.113506,26,95.05,1.0132,1147
1154382760,Rodolfo,Munera,MD,primary-care,Clifton,NJ,07013,40.869405,-74.173062,42,,1.6786,139
1154386688,Valerie,Allusson,MD,primary-care,Montclair,NJ,07042,40.813487,-74.219011,35,,0.6795,24
1154387389,Glen,Tonnessen,MD,cardiology,Flemington,NJ,08822,40.521995,-74.866644,39,85.54,3.1793,541
1154391076,Emily,Chung,MD,primary-care,Lawrenceville,NJ,08648,40.284490,-74.717487,28,96.91,1.4707,119
1154395192,Stuti,Agrawal,MD,primary-care,Howell,NJ,07731,40.149537,-74.203987,32,,0.8983,209
1154397214,Jean Paul,Bonnet,DO,primary-care,Lake Hopatcong,NJ,07849,40.964142,-74.612574,45,,1.0228,367
1154406932,Maureen,Keller,DO,primary-care,Medford,NJ,08055,39.862695,-74.822311,28,,0.6795,356
1154408284,Barbara,Armas-Loughram,MD,primary-care,New Brunswick,NJ,08901,40.483638,-74.442460,29,98.51,0.7760,137
1154412187,Andrew,Willis,MD,orthopedics,Cedar Knolls,NJ,07927,40.823725,-74.456354,29,79.23,0.8240,248
1154412914,Mary,Chiorazzi,MD,psychiatry,Englewood,NJ,07631,40.891197,-73.972515,56,,3.3014,19
1154416550,Isabel,Goldfaden,MD,dermatology,Berkeley Heights,NJ,07922,40.676590,-74.427022,36,,0.6397,1042
1154419851,David,Bresch,MD,psychiatry,Matawan,NJ,07747,40.413250,-74.257674,29,,1.1288,326
1154429892,Erev,Tubb,MD,oncology,Mullica Hill,NJ,08062,39.716095,-75.219267,24,,0.6816,390
1154452712,Peter,Litwin,MD,psychiatry,Manasquan,NJ,08736,40.120018,-74.053257,36,,1.8879,17
1154455947,Anthony,Festa,MD,orthopedics,Wayne,NJ,07470,40.945855,-74.245077,24,,0.6679,242
1154460269,Rangaswamy,Lokchander,MD,gastroenterology,Toms River,NJ,08755,40.008534,-74.221768,49,75,0.9579,785
1154461655,Kenji,Fujita,MD,primary-care,New Brunswick,NJ,08901,40.483638,-74.442460,26,87.07,0.5174,61
1154488237,Daniel,Bascara,MD,psychiatry,Cranford,NJ,07016,40.657550,-74.303632,32,,1.7514,21
1154488591,Thomas,Molloy,MD,cardiology,Berkeley Heights,NJ,07922,40.676590,-74.427022,40,,1.5263,565
1154493070,Peter,Wong,MD,cardiology,Jersey City,NJ,07306,40.736294,-74.071128,46,,1.5851,295
1154500304,Shubhamvada,Nihalani,MD,primary-care,New Brunswick,NJ,08901,40.483638,-74.442460,26,,0.9139,63
1154502045,John,Lee,MD,cardiology,Oakland,NJ,07436,41.031022,-74.240502,30,,3.8435,1940
1154518181,Jasvendar,Nandra,MD,primary-care,Randolph,NJ,07869,40.841640,-74.578522,45,96.09,1.9712,77
1154520534,Bharati,Deka,MD,primary-care,Somerset,NJ,08873,40.499667,-74.531844,36,58.53,1.2817,438
1154523959,Nawras,Makhsida,MD,endocrinology,Randolph,NJ,07869,40.841640,-74.578522,23,,1.2038,252
1154529220,Lindsay,Dellavalle,DO,primary-care,Neshanic Station,NJ,08853,40.527314,-74.742043,19,,1.4611,305
1154552917,Priti,Punj,MD,primary-care,Pennington,NJ,08534,40.329422,-74.792789,17,,1.4054,155
1154557460,Sakina,Dinani,DO,primary-care,Montvale,NJ,07645,41.054594,-74.047298,17,,0.8815,37
1154558419,Rizwana,Khan,MD,primary-care,Old Bridge,NJ,08857,40.392789,-74.330397,28,,1.8784,422
1154572436,Saba,Amir,MD,primary-care,Manalapan,NJ,07726,40.286506,-74.342547,20,,0.9782,213
1154573665,Samar,Bursheh,MD,endocrinology,Ventnor City,NJ,08406,39.342046,-74.482626,22,23.05,1.6413,619
1154580694,Ryan,Kaple,MD,cardiology,Hackensack,NJ,07601,40.889398,-74.045698,18,,2.1370,190
1154580751,Matthew,Kleiner,MD,orthopedics,Camden,NJ,08103,39.935202,-75.112703,18,85.23,0.8268,136
1154582377,Raghavendra,Siragavarapu,MD,psychiatry,Cherry Hill,NJ,08034,39.906100,-75.000375,27,,0.7557,22
1154582500,Sadia,Ghaffar,MD,psychiatry,Delran,NJ,08075,40.029676,-74.948997,32,,0.7398,11
1154588937,Richard,Rhim,MD,orthopedics,Berkeley Heights,NJ,07922,40.676590,-74.427022,23,,1.0322,361
1154594224,Kristofer,Hillegas,DO,cardiology,Cherry Hill,NJ,08034,39.906100,-75.000375,20,81.15,0.3527,1346
1154609055,Danielle,Jardine,MD,primary-care,Millburn,NJ,07041,40.722433,-74.301561,23,,0.8638,193
1154612430,Mitesh,Kathrotia,MD,primary-care,Livingston,NJ,07039,40.785828,-74.329100,16,87.07,0.6720,363
1154612901,Laura,Risley,MD,neurology,Neptune,NJ,07753,40.210761,-74.074499,15,81.33,0.7465,552
1154632701,Leonardo,Holguin,MD,primary-care,Montclair,NJ,07042,40.813487,-74.219011,20,,1.0308,682
1154652949,Se Young,Han,MD,oncology,Pompton Plains,NJ,07444,40.967407,-74.306967,24,,0.6318,607
1154684272,Mauresa,Walker,MD,primary-care,Newark,NJ,07105,40.723066,-74.138636,14,,0.9637,103
1154687374,Omega,Ball,MD,primary-care,Trenton,NJ,08638,40.254018,-74.763385,14,,0.3951,213
1154689156,Shipra,Shah,MD,primary-care,Wayne,NJ,07470,40.945855,-74.245077,17,,4.7390,268
1154702249,Anthony,Boniello,MD,orthopedics,Princeton,NJ,08540,40.364728,-74.656314,11,75,1.2508,629
1154707495,Adam,Sagot,DO,psychiatry,Lakewood,NJ,08701,40.077069,-74.198510,13,81.33,0.3704,15
1154715415,Erica,Weitzner,MD,endocrinology,Berkeley Heights,NJ,07922,40.676590,-74.427022,11,,1.6654,226
1154716744,Steven,Torre,MD,primary-care,Montclair,NJ,07042,40.813487,-74.219011,11,68.71,1.0325,503
1154717114,Navjot,Kaur,MD,pulmonology,Freehold,NJ,07728,40.225793,-74.285785,11,,0.5296,299
1154717494,Jieqi,Liu,MD,oncology,Monroe Township,NJ,08831,40.334341,-74.432502,15,100,5.4710,168
1154736502,Xuefen,Xie,MD,primary-care,Hackensack,NJ,07601,40.889398,-74.045698,23,81.33,1.0766,223
1154783678,Monika,Akula,MD,endocrinology,Neptune,NJ,07753,40.210761,-74.074499,13,81.33,1.1549,400
1154785947,Anju,Paul,MD,endocrinology,Voorhees,NJ,08043,39.848570,-74.952843,13,81.15,0.8348,234
1154811388,Bhavna,Verma,MD,primary-care,Toms River,NJ,08755,40.008534,-74.221768,10,98.51,1.2856,154
1154818052,Shereen,Dahab,MD,primary-care,Glen Ridge,NJ,07028,40.804798,-74.204569,8,,1.6430,719
1154818383,Thanh Lam,Tran,MD,neurology,Hackensack,NJ,07601,40.889398,-74.045698,8,,1.1401,221
1154818664,Krystal,Rivera,DO,endocrinology,Cherry Hill,NJ,08002,39.934605,-75.025389,8,91.83,0.7544,192
1154852762,Huazhen,Chen,MD,cardiology,Englewood,NJ,07631,40.891197,-73.972515,9,96.09,1.4739,238
1154854800,Alexander,Smith,MD,cardiology,Haddon Heights,NJ,08035,39.879127,-75.065918,9,,0.3548,32
1154859205,Sharan,Parikh,DO,endocrinology,Sewell,NJ,08080,39.757353,-75.122043,9,,0.6281,245
1154859486,Natalie,Sous,MD,primary-care,Newark,NJ,07103,40.738852,-74.195264,9,,0.7237,29
1154947943,Emmanuel,Demenagas,DO,primary-care,Stratford,NJ,08084,39.828990,-75.015536,10,,1.1073,295
1164083002,Christopher Daniel,Fernandez,MD,primary-care,Camden,NJ,08103,39.935202,-75.112703,11,99.52,0.6752,222
1164086229,Francine,Foo,DO,endocrinology,Neptune,NJ,07753,40.210761,-74.074499,7,,0.7191,27
1164086252,Polina,Aron,MD,endocrinology,Morristown,NJ,07960,40.779235,-74.502462,8,,0.5384,78
1164402814,Robert,Bazzini,MD,orthopedics,Hawthorne,NJ,07506,40.956957,-74.158561,39,35,0.5278,438
1164409538,Clifford,Sebastian,DO,cardiology,Chester,NJ,07930,40.781309,-74.683590,27,87.16,2.9412,771
1164409819,Ronald,Bernardin,MD,dermatology,Voorhees,NJ,08043,39.848570,-74.952843,24,100,1.0371,1302
1164411773,Paul,Derenzi,MD,cardiology,Mountain Lakes,NJ,07046,40.890853,-74.442032,40,,0.7993,1808
1164413076,Rama,Sudhindra,MD,oncology,Camden,NJ,08103,39.935202,-75.112703,56,91.83,0.2880,152
1164417523,Sanjiv,Prasad,MD,cardiology,Springfield,NJ,07081,40.697966,-74.334436,31,,0.4447,1719
1164417580,Michael,Denker,MD,primary-care,Teaneck,NJ,07666,40.890317,-74.011478,44,,1.7817,347
1164422788,Glenn,Osias,MD,gastroenterology,Princeton,NJ,08540,40.364728,-74.656314,32,98.3,0.9801,536
1164423398,Carmen,Renna,MD,primary-care,Morristown,NJ,07960,40.779235,-74.502462,45,,0.7829,587
1164440483,Evren,Burakgazi Dalkilic,MD,neurology,Camden,NJ,08103,39.935202,-75.112703,30,91.83,0.7494,458
1164446472,Martin,Kessler,MD,primary-care,Sicklerville,NJ,08081,39.732848,-74.976641,45,,0.5237,484
1164447470,Maria,Ciminelli,MD,primary-care,Freehold,NJ,07728,40.225793,-74.285785,30,,0.4953,78
1164449724,Sharad,Sahu,MD,primary-care,Hackensack,NJ,07601,40.889398,-74.045698,27,,2.4366,193
1164459962,Alan,Furst,MD,primary-care,Randolph,NJ,07869,40.841640,-74.578522,50,,0.8627,166
1164461356,Steven,Kahn,DO,orthopedics,Cherry Hill,NJ,08002,39.934605,-75.025389,32,73.54,1.3925,294
1164463071,Sudha,Nahar,MD,gastroenterology,Somerset,NJ,08873,40.499667,-74.531844,35,98.3,1.3015,203
1164469540,Jorge,Verea,MD,primary-care,West New York,NJ,07093,40.786704,-74.008909,45,,1.2062,83
1164472023,Elyse,Harrop,MD,dermatology,Medford,NJ,08055,39.862695,-74.822311,31,89.61,0.8426,551
1164472965,Manhong,Ma,MD,dermatology,Jackson,NJ,08527,40.108665,-74.358602,24,94.26,0.6925,1961
1164476495,Howard,Blau,MD,cardiology,North Brunswick,NJ,08902,40.441513,-74.491214,38,,2.3823,640
1164477303,Pratap,Singhal,MD,primary-care,Belleville,NJ,07109,40.793481,-74.161159,,,2.8703,21
1164480372,Jehad,Saliba,MD,primary-care,Kearny,NJ,07032,40.752332,-74.123093,33,,4.2169,1155
1164481032,Anthony,Infantolino,MD,gastroenterology,Mount Laurel,NJ,08054,39.948992,-74.900247,41,,0.9030,305
1164484291,Francisco,Munoz,MD,primary-care,Elizabeth,NJ,07201,40.671272,-74.177358,44,,1.4244,171
1164488417,Kehua,Li,MD,dermatology,Sewell,NJ,08080,39.757353,-75.122043,40,,1.9497,1565
1164489670,Jeffrey,Doskow,MD,cardiology,Union,NJ,07083,40.695266,-74.269078,41,,0.5620,818
1164491346,Baback,Adibi,MD,cardiology,Teaneck,NJ,07666,40.890317,-74.011478,27,81.33,0.5417,1247
1164493086,Tina,Josephson,MD,primary-care,Cherry Hill,NJ,08034,39.906100,-75.000375,28,,0.5544,566
1164496147,Julianne,Lucco,MD,primary-care,Milford,NJ,08848,40.594266,-75.096659,30,,0.4214,164
1164500823,Muhammad,Ahmad,MD,primary-care,Secaucus,NJ,07094,40.781958,-74.067649,55,85.15,1.1034,102
1164502126,John,Kirby,MD,primary-care,Cherry Hill,NJ,08002,39.934605,-75.025389,39,99.52,2.1923,230
1164502183,Mitra,Abessi,MD,primary-care,Flemington,NJ,08822,40.521995,-74.866644,24,,0.9758,403
1164502878,Ri,Cha,MD,cardiology,Camden,NJ,08103,39.935202,-75.112703,49,91.83,0.5936,744
1164503116,Samuel,Suede,MD,cardiology,Englewood,NJ,07631,40.891197,-73.972515,40,96.09,0.9960,1502
1164513354,Brad,Singman,MD,dermatology,Fair Lawn,NJ,07410,40.935830,-74.117505,40,100,0.7562,571
1164514063,Malgorzatam,Ciechanowska,MD,endocrinology,Jersey City,NJ,07306,40.736294,-74.071128,45,27.72,0.9686,253
1164515706,John,Dedousis,MD,primary-care,Englewood,NJ,07631,40.891197,-73.972515,41,,1.3146,194
1164516704,Michael,Scrimenti,MD,neurology,Mahwah,NJ,07430,41.082067,-74.183061,46,,2.6779,198
1164520854,Chirag,Shukla,MD,neurology,Pennington,NJ,08534,40.329422,-74.792789,33,,0.7553,449
1164533659,Shan,Nagendra,MD,neurology,Clifton,NJ,07011,40.880427,-74.143246,56,23.25,2.2227,519
1164567608,Pirouz,Parang,MD,cardiology,Hamilton,NJ,08619,40.242301,-74.696408,27,96.91,0.3085,1720
1164574463,Moustafa,Shafey,MD,psychiatry,Freehold,NJ,07728,40.225793,-74.285785,49,,0.6912,214
1164576872,Rozy,Dunham,MD,cardiology,Cherry Hill,NJ,08034,39.906100,-75.000375,27,81.15,0.3927,1169
1164577227,Kyle,Stiffler,MD,psychiatry,Carneys Point,NJ,08069,39.703142,-75.450676,41,,1.9519,58
1164589255,Christabelle,D'Souza,MD,psychiatry,Summit,NJ,07901,40.714923,-74.366372,38,,0.3531,44
1164594354,Sekar,Natarajan,MD,primary-care,Jersey City,NJ,07306,40.736294,-74.071128,32,,1.5832,364
1164594735,Ellen,Black,MD,primary-care,Bayonne,NJ,07002,40.662495,-74.110201,47,75,1.5713,215
1164606034,Edward,Wingfield,MD,cardiology,Hamilton,NJ,08690,40.225833,-74.660096,23,75,1.4009,1320
1164608816,Marjan,Koch,MD,oncology,Voorhees,NJ,08043,39.848570,-74.952843,22,91.83,0.4334,119
1164626834,Frank,Corrigan,MD,orthopedics,Hackettstown,NJ,07840,40.860045,-74.831795,24,89,1.1891,169
1164635033,Chirayu,Parikh,DO,psychiatry,North Brunswick,NJ,08902,40.441513,-74.491214,22,,0.3374,11
1164644597,Sabeeha,Nisar,MD,primary-care,Marlton,NJ,08053,39.856677,-74.900810,31,81.15,0.8602,322
1164664967,Peter,Clark,DO,psychiatry,Berkeley Heights,NJ,07922,40.676590,-74.427022,17,,1.0857,40
1164665998,Amy,Shriver,MD,gastroenterology,Princeton,NJ,08540,40.364728,-74.656314,17,98.3,1.0045,328
1164670717,Salvatore,Savatta,MD,psychiatry,Cranford,NJ,07016,40.657550,-74.303632,15,,3.3930,114
1164679296,Zankhana,Raval,MD,cardiology,Teaneck,NJ,07666,40.890317,-74.011478,18,,1.1322,453
1164680500,Meetkumar,Sheth,MD,primary-care,Lakewood,NJ,08701,40.077069,-74.198510,22,,1.1465,707
1164681193,Stephanie,Lehrhoff,MD,dermatology,Westfield,NJ,07090,40.651644,-74.343447,19,73.06,0.6692,662
1164686960,Tatyana,Marx,MD,neurology,Morristown,NJ,07960,40.779235,-74.502462,28,96.93,3.2376,1181
1164695011,Boris,Furman,DO,neurology,Manalapan,NJ,07726,40.286506,-74.342547,22,,1.4118,783
1164695722,Jeffrey,Pappert,MD,primary-care,Jersey City,NJ,07302,40.718808,-74.044634,23,,0.5491,226
1164697041,Uzma,Imran,MD,primary-care,Piscataway,NJ,08854,40.539658,-74.462791,36,,0.6090,86
1164698445,Khaula,Khalid,DO,cardiology,Bayonne,NJ,07002,40.662495,-74.110201,22,,3.0009,179
1164733739,Ashish,Kapoor,MD,neurology,Bayonne,NJ,07002,40.662495,-74.110201,21,75,2.4630,433
1164734687,Emad,Nourollah-Zadeh,MD,neurology,New Brunswick,NJ,08901,40.483638,-74.442460,16,,2.8145,108
1164752002,John,Schmidt,MD,primary-care,Spring Lake,NJ,07762,40.153409,-74.033732,50,96.09,1.9797,667
1164768461,Andi,Qipo,MD,primary-care,Clifton,NJ,07012,40.846899,-74.160537,32,,1.1672,97
1164780797,Eugene,Han,MD,gastroenterology,Englewood,NJ,07631,40.891197,-73.972515,8,98.3,1.0894,311
1164782694,David,Kovalsky,DO,primary-care,Turnersville,NJ,08012,39.783815,-75.056068,14,,0.5445,519
1164788501,Eric,Requa,DO,primary-care,Voorhees,NJ,08043,39.848570,-74.952843,14,81.15,1.2142,252
1164803714,Samreen,Tariq,MD,primary-care,Bayonne,NJ,07002,40.662495,-74.110201,15,,1.4461,171
1164818027,Hisham,Mahmoud,DO,primary-care,Cape May Court House,NJ,08210,39.119187,-74.823188,11,,0.7686,387
1164818134,Rebecca,Martz,MD,primary-care,Edgewater,NJ,07020,40.824650,-73.973793,11,85.15,0.6115,168
1164858700,Kristen,Trom,DO,primary-care,Mullica Hill,NJ,08062,39.716095,-75.219267,13,,1.3216,196
1164866547,Marla,Hidalgo,MD,psychiatry,Berkeley Heights,NJ,07922,40.676590,-74.427022,13,,1.4039,40
1164866729,Eric,Molnar,DO,primary-care,Columbia,NJ,07832,40.944578,-75.067346,13,,1.2328,273
1164868535,Tiffany,Tsang,MD,endocrinology,Bernardsville,NJ,07924,40.725770,-74.591213,13,,0.9136,294
1164870242,Ryan,Bhagwandin,MD,primary-care,Piscataway,NJ,08854,40.539658,-74.462791,10,,0.6792,488
1164871455,Harsh,Bhatt,MD,primary-care,New Brunswick,NJ,08901,40.483638,-74.442460,10,,1.0928,151
1164926432,Alexandra,Solomon,MD,primary-care,Flemington,NJ,08822,40.521995,-74.866644,8,,2.0800,154
1164928594,Athena,Huang,MD,cardiology,Berkeley Heights,NJ,07922,40.676590,-74.427022,8,97.28,0.4260,259
1164952818,Sarah,Orfanos,MD,pulmonology,New Brunswick,NJ,08901,40.483638,-74.442460,10,,0.7133,147
1164953303,Israel,Cofsky,MD,primary-care,Lakewood,NJ,08701,40.077069,-74.198510,9,,1.2351,495
1164953667,Andrew,Bensinger,DO,gastroenterology,Marlton,NJ,08053,39.856677,-74.900810,9,,0.9978,322
1164954764,Katherine,Gheysens,MD,gastroenterology,Cherry Hill,NJ,08003,39.885852,-74.971145,9,81.15,0.8308,230
1164955985,Rahul,Yadav,MD,cardiology,Berkeley Heights,NJ,07922,40.676590,-74.427022,9,,0.7729,534
1164962510,Nicole,Kelbon,DO,cardiology,Cherry Hill,NJ,08034,39.906100,-75.000375,9,81.15,0.4255,591
1164963476,Christopher,Nnaoma,MD,primary-care,Newark,NJ,07112,40.711391,-74.211683,13,98.51,0.8929,143
1164982393,Asma,Islam,MD,primary-care,Medford,NJ,08055,39.862695,-74.822311,8,,0.6125,203
1164985032,Olena,Fleury,MD,primary-care,Camden,NJ,08103,39.935202,-75.112703,17,99.52,0.4944,422
1174009849,Manthan,Pandya,MD,endocrinology,Linden,NJ,07036,40.624711,-74.239362,9,98.51,0.7026,69
1174028435,Jake,Gurland,MD,primary-care,Bayonne,NJ,07002,40.662495,-74.110201,8,,3.8474,175
1174029565,Andrew,Chen,MD,psychiatry,Hackensack,NJ,07601,40.889398,-74.045698,8,81.33,1.5648,52
1174039309,Nikunjkumar,Patel,MD,endocrinology,Long Branch,NJ,07740,40.295372,-73.989899,16,,1.3709,1242
1174057020,Aravind,Nagavalli,MD,primary-care,Morristown,NJ,07960,40.779235,-74.502462,9,,0.6839,577
1174076806,Ruth,Perry,MD,primary-care,Hoboken,NJ,07030,40.745251,-74.027926,44,,0.5365,160
1174084933,Fahim,Imtiaz,MD,primary-care,Montclair,NJ,07042,40.813487,-74.219011,12,26.88,0.8386,501
1174100358,Angel,Chen,MD,primary-care,New Brunswick,NJ,08901,40.483638,-74.442460,5,,1.0210,110
1174101414,Dhruv,Patel,DO,primary-care,Paterson,NJ,07503,40.897548,-74.154121,5,,1.4679,17
1174109615,Sammir,Dekowski,MD,primary-care,North Bergen,NJ,07047,40.793644,-74.025027,6,,0.8002,25
1174142731,Jae Hyun,Shim,MD,primary-care,Hackensack,NJ,07601,40.889398,-74.045698,6,96.09,0.7360,35
1174184865,Christie,Richardson,DO,psychiatry,Mount Laurel,NJ,08054,39.948992,-74.900247,7,,0.3939,13
1174502462,Reginald,Blaber,MD,cardiology,Browns Mills,NJ,08015,39.931536,-74.543720,37,81.15,0.5653,106
1174503148,Edward,Barbarito,MD,gastroenterology,Chester,NJ,07930,40.781309,-74.683590,29,87.16,0.8330,645
1174503320,Ephraim,Casper,MD,oncology,Hoboken,NJ,07030,40.745251,-74.027926,52,95.05,1.0144,54
1174507024,Jennifer,Larosa,MD,pulmonology,Summit,NJ,07901,40.714923,-74.366372,30,88.41,2.4230,318
1174507644,Caren,Marks,MD,neurology,Freehold,NJ,07728,40.225793,-74.285785,35,,0.5746,77
1174512776,Philip,Rogers,MD,cardiology,Mountain Lakes,NJ,07046,40.890853,-74.442032,35,,0.7046,1797
1174513345,Izabella,Zathureczky,MD,primary-care,Lawrenceville,NJ,08648,40.284490,-74.717487,46,,0.4930,158
1174517635,John,Farry,MD,cardiology,Morristown,NJ,07960,40.779235,-74.502462,55,,1.0646,332
1174519250,Lalji,Chudasama,MD,cardiology,Ridgefield,NJ,07657,40.832677,-74.014088,58,81.33,1.0435,367
1174521140,Brendan,Sullivan,MD,cardiology,Clifton,NJ,07013,40.869405,-74.173062,28,,3.0461,558
1174523468,Martin,Gizzi,MD,neurology,Hackensack,NJ,07601,40.889398,-74.045698,41,81.33,0.7733,93
1174524045,Emmanuel,Aydin,MD,primary-care,Fair Lawn,NJ,07410,40.935830,-74.117505,40,95.05,1.9505,319
1174537898,Frank,Bain,MD,primary-care,Wayne,NJ,07470,40.945855,-74.245077,51,,0.6740,247
1174539373,Radha,Kumar,MD,primary-care,Edison,NJ,08820,40.576806,-74.365750,37,,1.9708,127
1174547426,Robert,Boyajian,MD,primary-care,Secaucus,NJ,07094,40.781958,-74.067649,44,,6.3422,175
1174551824,Saleh,Khaddash,MD,endocrinology,Paterson,NJ,07503,40.897548,-74.154121,46,96.09,1.3272,361
1174554471,Robert,De Falco,DO,orthopedics,Hackettstown,NJ,07840,40.860045,-74.831795,28,89,0.7701,40
1174554901,Amy,Colcher,MD,neurology,Cherry Hill,NJ,08034,39.906100,-75.000375,37,91.83,2.2415,223
1174558084,Ian,Levy,DO,endocrinology,Ramsey,NJ,07446,41.059136,-74.145931,39,95.05,0.6713,501
1174567010,Michael,Meininger,MD,gastroenterology,Englewood Cliffs,NJ,07632,40.884634,-73.944654,24,98.3,0.9574,648
1174570774,Julie Ann,Juliano,MD,primary-care,Branchburg,NJ,08876,40.589554,-74.685411,46,,1.8991,306
1174576052,Joel,Musicant,MD,gastroenterology,Lakewood,NJ,08701,40.077069,-74.198510,37,85.15,0.8670,322
1174577373,Jacquelin,Holubka,MD,primary-care,West Orange,NJ,07052,40.785755,-74.265058,40,,2.4807,152
1174582720,Agustin,Diaz,MD,primary-care,West New York,NJ,07093,40.786704,-74.008909,45,,1.0864,236
1174582746,Nanditha,Krishnamsetty,MD,psychiatry,Hackensack,NJ,07601,40.889398,-74.045698,29,81.33,0.6536,39
1174585855,Randa,Mina,MD,primary-care,Belle Mead,NJ,08502,40.448217,-74.653244,23,23.52,0.8634,405
1174587661,James,Hoppe,MD,primary-care,South Plainfield,NJ,07080,40.574413,-74.414800,28,72.8,1.3280,266
1174588321,Concettina,Peloro,MD,dermatology,Princeton,NJ,08540,40.364728,-74.656314,33,98.04,3.5226,443
1174589493,Eduardo,Fernandez,MD,oncology,Sewell,NJ,08080,39.757353,-75.122043,37,,0.5028,316
1174590558,Paul,Han,MD,pulmonology,Englewood,NJ,07631,40.891197,-73.972515,28,,1.2659,753
1174592521,Emmanuel,Reyes,MD,primary-care,Clifton,NJ,07013,40.869405,-74.173062,35,,0.7357,49
1174592901,Harold,Leeds,MD,orthopedics,Livingston,NJ,07039,40.785828,-74.329100,55,75,1.7941,260
1174594089,Mitchell,Schwartz,MD,gastroenterology,Long Branch,NJ,07740,40.295372,-73.989899,43,98.3,0.9237,819
1174595037,M. Awais,Sethi,MD,psychiatry,Newark,NJ,07112,40.711391,-74.211683,33,,0.9743,54
1174595466,Kamran,Tasharofi,MD,primary-care,Rahway,NJ,07065,40.607152,-74.280531,26,98.51,2.4827,1338
1174596498,Jesus,Pena,MD,psychiatry,New Brunswick,NJ,08901,40.483638,-74.442460,47,,0.5326,55
1174606495,Anisha,Rodrigues,MD,primary-care,Florham Park,NJ,07932,40.777461,-74.392845,33,,2.6375,469
1174612295,Thomas,Cassidy,MD,primary-care,Edison,NJ,08820,40.576806,-74.365750,29,,2.1829,554
1174615165,Jackson,Okoya,MD,primary-care,Irvington,NJ,07111,40.723859,-74.232522,44,,2.7579,206
1174615355,Karen,Lang,MD,psychiatry,Ocean,NJ,07712,40.246895,-74.054502,36,,3.0206,36
1174626774,Rita,Goradia,MD,primary-care,Rahway,NJ,07065,40.607152,-74.280531,34,,2.0637,62
1174633648,David,Frank,MD,neurology,Freehold,NJ,07728,40.225793,-74.285785,38,81.33,1.6346,535
1174648232,Jacob,Jacoby,MD,psychiatry,Bayonne,NJ,07002,40.662495,-74.110201,46,,1.7909,180
1174649289,Jonathon,Stillman,MD,gastroenterology,Wayne,NJ,07470,40.945855,-74.245077,25,69.75,1.1086,599
1174653331,Maurizio,Cervone,DO,primary-care,Morris Plains,NJ,07950,40.846026,-74.482314,38,,2.5074,61
1174667836,Philip,Woodham,MD,primary-care,Hackensack,NJ,07601,40.889398,-74.045698,30,96.09,1.3845,173
1174674170,Keith,Reinsdorf,MD,primary-care,Monroe,NJ,08831,40.334341,-74.432502,29,,0.7529,322
1174681688,Hidalberto,Curnow,DO,primary-care,Ventnor City,NJ,08406,39.342046,-74.482626,39,81.15,1.0289,240
1174685416,Elizabeth,Egan,MD,gastroenterology,Voorhees,NJ,08043,39.848570,-74.952843,26,81.15,1.5695,490
1174693873,Jeffrey,Carson,MD,primary-care,New Brunswick,NJ,08901,40.483638,-74.442460,49,98.51,1.1793,138
1174706618,Vivian,Shnaidman,MD,psychiatry,Princeton,NJ,08540,40.364728,-74.656314,38,,2.5681,15
1174719124,Samir,Rajan,MD,primary-care,Edison,NJ,08820,40.576806,-74.365750,24,75,1.5693,621
1174720304,Radhika,Remadevi,MD,primary-care,Morristown,NJ,07960,40.779235,-74.502462,22,,1.7144,26
1174720536,Peter,Sarkos,DO,orthopedics,Mullica Hill,NJ,08062,39.716095,-75.219267,23,,1.3859,530
1174728679,Darren,Seril,MD,gastroenterology,New Brunswick,NJ,08901,40.483638,-74.442460,19,88.4,1.4166,233
1174736193,Michelle,Corrales,MD,primary-care,Galloway,NJ,08205,39.482000,-74.452637,26,,1.2478,409
1174750772,Reinerio,Rodriguez,MD,primary-care,Bayonne,NJ,07002,40.662495,-74.110201,17,,2.3758,174
1174755144,Deepa,Iyer,MD,primary-care,New Brunswick,NJ,08901,40.483638,-74.442460,30,88.4,0.5150,183
1174758668,Despina,Psillides,MD,primary-care,Cresskill,NJ,07626,40.940018,-73.958313,20,,1.1916,328
1174768048,Justyna,Obara,MD,primary-care,Woodbury,NJ,08096,39.829402,-75.129032,22,,0.7591,250
1174780829,David,Junkin,MD,orthopedics,Ocean,NJ,07712,40.246895,-74.054502,24,,1.1523,375
1174800197,Kashif,Anwar,MD,primary-care,Pennington,NJ,08534,40.329422,-74.792789,17,96.91,0.7255,147
1174820302,Svetlana,Zakharchenko,DO,primary-care,Cresskill,NJ,07626,40.940018,-73.958313,18,99.04,1.5782,639
1174838130,Kathleen,Pergament,DO,primary-care,Morristown,NJ,07960,40.779235,-74.502462,17,,0.6283,147
1174843510,Susan,Zink,MD,psychiatry,Atlantic City,NJ,08401,39.377337,-74.451070,17,,0.3351,51
1174843528,Michelle,Noreski,DO,orthopedics,Voorhees,NJ,08043,39.848570,-74.952843,16,85.23,0.3948,211
1174844930,Anjali,Patel,MD,neurology,Summit,NJ,07901,40.714923,-74.366372,16,,0.8139,507
1174884779,Sergei,Pushilin,MD,orthopedics,Somerset,NJ,08873,40.499667,-74.531844,9,,1.5774,167
1174885628,Iryna,Rudzinskiy,MD,psychiatry,West Windsor,NJ,08550,40.279953,-74.622116,23,,0.6016,18
1174901110,Nathan,Teich,MD,oncology,Teaneck,NJ,07666,40.890317,-74.011478,11,,0.5700,184
1174903256,Christopher,Struby,DO,primary-care,Bridgeton,NJ,08302,39.438613,-75.260646,11,87.16,0.9134,315
1174905236,Sassine,Ghanem,MD,oncology,Red Bank,NJ,07701,40.360509,-74.078952,13,,0.3127,231
1174917140,Ashley,Michael,MD,primary-care,Haddon Heights,NJ,08035,39.879127,-75.065918,9,99.52,0.8236,218
1174919559,Brian,Salata,MD,cardiology,Edison,NJ,08820,40.576806,-74.365750,11,,0.6030,2240
1174930689,Navinder,Jassil,MD,endocrinology,Cherry Hill,NJ,08002,39.934605,-75.025389,14,91.83,0.8023,186
1174935811,Robin,Mukherjee,DO,primary-care,Raritan,NJ,08869,40.571344,-74.646026,15,,0.6488,363
1174937940,Adil,Pervaiz,MD,cardiology,Cedar Knolls,NJ,07927,40.823725,-74.456354,12,,1.3367,1795
1174943021,Mary Katharine,Emerel,MD,dermatology,Moorestown,NJ,08057,39.979658,-74.941308,12,98.04,3.1502,289
1174961403,Olympia,Sophias,DO,primary-care,Rockaway,NJ,07866,40.954988,-74.488031,13,,0.9505,225
1174962773,Danielle,Carcia,DO,primary-care,Pennington,NJ,08534,40.329422,-74.792789,13,96.91,0.7766,91
1174967426,Michelle,Hoang,MD,primary-care,Union,NJ,07083,40.695266,-74.269078,13,,0.5031,99
1174970966,Adriana,Guido-Rios,DO,primary-care,Morristown,NJ,07960,40.779235,-74.502462,10,,1.0132,184
1174985113,Gennaro,Giustino,MD,cardiology,Morristown,NJ,07960,40.779235,-74.502462,13,,1.6760,90
1174987739,Sumaiya,Iqbal,MD,primary-care,Old Bridge,NJ,08857,40.392789,-74.330397,10,96.09,1.5684,34
1184009888,Mayur,Chalia,MD,neurology,Berkeley Heights,NJ,07922,40.676590,-74.427022,12,,0.5604,285
1184019085,Nitika,Dabas,MD,cardiology,Glen Ridge,NJ,07028,40.804798,-74.204569,11,96.09,1.1830,609
1184023194,Noha,El Torgoman,MD,primary-care,Hackensack,NJ,07601,40.889398,-74.045698,29,81.33,1.2077,208
1184036071,Jason,Mora,DO,orthopedics,Vineland,NJ,08360,39.492354,-75.003447,12,81.15,1.1194,393
1184039554,Christopher,Caruso,MD,orthopedics,Flemington,NJ,08822,40.521995,-74.866644,12,89.99,0.7852,937
1184042392,Afnan,Mossaad Husain,MD,primary-care,New Brunswick,NJ,08901,40.483638,-74.442460,12,87.07,1.0316,178
1184064347,Tanmay,Gosalia,DO,primary-care,North Bergen,NJ,07047,40.793644,-74.025027,13,,1.7011,311
1184068223,Jason,Carness,MD,psychiatry,Parsippany,NJ,07054,40.853767,-74.401574,13,,2.5135,48
1184087249,Rachel,Rosenblum,MD,oncology,Middletown,NJ,07748,40.396300,-74.115274,10,82.85,0.8081,283
1184104911,Christopher,Perez,MD,primary-care,Camden,NJ,08103,39.935202,-75.112703,8,99.52,0.5241,213
1184114316,Harsh,Bhavsar,MD,primary-care,Flemington,NJ,08822,40.521995,-74.866644,9,85.54,0.8094,494
1184121469,Beata,Pazdan,MD,primary-care,Flemington,NJ,08822,40.521995,-74.866644,9,,0.6523,363
1184153496,Anil,Rengan,MD,oncology,Willingboro,NJ,08046,40.027950,-74.886984,9,91.83,0.4074,149
1184163099,Richard,Tangel,MD,cardiology,Eatontown,NJ,07724,40.298625,-74.074178,12,82.83,0.8382,1304
1184187635,Daren,Shiu,DO,primary-care,Teaneck,NJ,07666,40.890317,-74.011478,7,97.13,0.6787,256
1184187890,Maleeha,Memon,MD,primary-care,Wayne,NJ,07470,40.945855,-74.245077,7,,1.4816,30
1184251308,Mardea,Norman,MD,primary-care,Bayonne,NJ,07002,40.662495,-74.110201,12,91.62,0.4057,38
1184603227,Leonard,Sandler,MD,cardiology,Brick,NJ,08723,40.038584,-74.111600,,86.51,1.5610,2306
1184604563,Thomas,Sexton,DO,primary-care,Stratford,NJ,08084,39.828990,-75.015536,30,,0.6298,364
1184607103,Deepa,Shah,DO,primary-care,Cherry Hill,NJ,08034,39.906100,-75.000375,24,81.15,0.3549,36
1184607863,Timothy,Brabston,MD,primary-care,Hoboken,NJ,07030,40.745251,-74.027926,31,,1.3086,930
1184612566,Kenneth,Blankstein,MD,oncology,Flemington,NJ,08822,40.521995,-74.866644,42,100,8.2578,561
1184622151,Michael,Goldberg,MD,gastroenterology,Edison,NJ,08820,40.576806,-74.365750,38,81.33,0.9727,593
1184625287,Peter,Colucio,MD,primary-care,Berkeley Heights,NJ,07922,40.676590,-74.427022,41,,1.3401,407
1184626764,Haydee,Soto,MD,primary-care,Morristown,NJ,07960,40.779235,-74.502462,33,,0.6148,405
1184626772,Rajesh,Shukla,MD,primary-care,Chester,NJ,07930,40.781309,-74.683590,32,75,2.1857,832
1184630907,Irving,Strauchler,MD,orthopedics,West Caldwell,NJ,07006,40.851187,-74.282865,53,,0.8705,105
1184631012,Albert,Belli,DO,pulmonology,Hammonton,NJ,08037,39.631681,-74.773893,46,40.89,1.1966,767
1184635377,Arie,Rave,MD,primary-care,Ridgewood,NJ,07450,40.981591,-74.113506,43,,2.2193,71
1184639940,Frank,Capecci,MD,orthopedics,Cedar Knolls,NJ,07927,40.823725,-74.456354,43,,1.1056,576
1184645608,Louis,Rizio,MD,orthopedics,Millburn,NJ,07041,40.722433,-74.301561,32,,0.8218,238
1184646754,Girija,Bhakey,MD,primary-care,Edison,NJ,08820,40.576806,-74.365750,30,,2.3423,180
1184648149,Jeffrey,Rednor,DO,primary-care,Plainsboro,NJ,08536,40.333076,-74.586628,34,,0.9310,245
1184654931,Patrick,Alcasid,MD,pulmonology,Jackson,NJ,08527,40.108665,-74.358602,25,75,1.1555,1093
1184658494,Toby,Soble,MD,primary-care,Voorhees,NJ,08043,39.848570,-74.952843,36,81.15,1.0265,359
1184662470,Niranjan,Shah,MD,cardiology,Holmdel,NJ,07733,40.374964,-74.173849,51,24.34,0.7381,2265
1184662777,Nora,Tossounian,MD,primary-care,Hackensack,NJ,07601,40.889398,-74.045698,31,81.33,1.1390,324
1184662876,Violeta,Avramov,MD,neurology,Toms River,NJ,08755,40.008534,-74.221768,43,,0.9401,263
1184663239,Emilio,Mazza,MD,pulmonology,Marlton,NJ,08053,39.856677,-74.900810,26,81.15,0.8492,655
1184667693,Ronald,Soucier,DO,primary-care,Egg Harbor Township,NJ,08234,39.388393,-74.620728,44,,0.8066,475
1184670952,Jill,Morrison,MD,oncology,Englewood,NJ,07631,40.891197,-73.972515,35,96.09,0.6882,718
1184671018,Joseph,Derosa,MD,primary-care,Westfield,NJ,07090,40.651644,-74.343447,35,,1.3757,129
1184672172,William,Digiacomo,MD,primary-care,Union,NJ,07083,40.695266,-74.269078,52,,2.1944,266
1184676223,Asit,Shah,MD,orthopedics,Englewood,NJ,07631,40.891197,-73.972515,27,,1.5151,810
1184683146,Alexander,Petcu,MD,primary-care,Hamilton,NJ,08690,40.225833,-74.660096,28,98.51,0.8740,654
1184683690,Gerard,Delmonico,MD,primary-care,Phillipsburg,NJ,08865,40.708226,-75.147073,41,97.13,0.3718,44
1184684268,Michael,Rogers,MD,primary-care,West Deptford,NJ,08096,39.829402,-75.129032,49,,1.0000,448
1184684649,Saeed,Butt,MD,primary-care,Turnersville,NJ,08012,39.783815,-75.056068,25,,0.8293,329
1184690042,Mark,Schwartz,MD,orthopedics,Mt Laurel,NJ,08054,39.948992,-74.900247,42,75,0.8331,478
1184692105,Selwyn,Levine,MD,pulmonology,Englewood,NJ,07631,40.891197,-73.972515,44,,1.2760,597
1184694028,Aristotelis,Vlahos,MD,cardiology,Tinton Falls,NJ,07701,40.360509,-74.078952,38,86.51,1.8462,1919
1184698169,Carla,Jardim,MD,primary-care,Milford,NJ,08848,40.594266,-75.096659,38,,0.5230,318
1184701492,Mark,Reilly,MD,orthopedics,Newark,NJ,07103,40.738852,-74.195264,36,,1.1777,44
1184704934,Jacqueline,Filion,DO,primary-care,Montville,NJ,07045,40.906942,-74.365608,35,,1.4078,224
1184705535,Prahlad,Patel,MD,primary-care,Sicklerville,NJ,08081,39.732848,-74.976641,45,35.37,1.3724,333
1184709206,Marion,Bobb-Mckoy,MD,primary-care,Hackensack,NJ,07601,40.889398,-74.045698,35,,1.2949,161
1184709297,Reza,Farhangfar,MD,pulmonology,Hoboken,NJ,07030,40.745251,-74.027926,40,95.05,1.1708,901
1184715542,Daniel,Jass,MD,primary-care,Ewing,NJ,08628,40.264418,-74.827047,43,96.91,1.1262,152
1184720427,Karlene,Williams,MD,primary-care,Union,NJ,07083,40.695266,-74.269078,28,,0.6791,124
1184720542,Andrew,Blank,DO,primary-care,Burlington,NJ,08016,40.068064,-74.832904,39,,1.2672,810
1184725897,Jeffrey,Miller,MD,pulmonology,East Orange,NJ,07018,40.755733,-74.217917,39,,1.2075,634
1184730632,Juan,Bejaran,MD,primary-care,Hammonton,NJ,08037,39.631681,-74.773893,38,,0.1157,26
1184760811,Peter,Hannoush,MD,endocrinology,Hackensack,NJ,07601,40.889398,-74.045698,34,25.67,0.8491,386
1184765513,Nalini,Shah,MD,primary-care,Wayne,NJ,07470,40.945855,-74.245077,51,,1.0097,196
1184789562,H Mark,Denson,MD,cardiology,Hackensack,NJ,07601,40.889398,-74.045698,43,81.33,0.7955,1276
1184791980,Abraham,Goodgold,MD,endocrinology,Garwood,NJ,07027,40.651331,-74.323152,53,98.51,1.6486,211
1184792814,Barbara,Etheridge,MD,primary-care,Somerset,NJ,08873,40.499667,-74.531844,31,,1.0232,277
1184806309,Jay,Zelinski,DO,gastroenterology,Toms River,NJ,08755,40.008534,-74.221768,41,,0.9854,53
1184814808,Mrunalini,Gopalam,MD,primary-care,Branchburg,NJ,08876,40.589554,-74.685411,24,,0.8127,258
1184820557,Ankitkumar,Patel,MD,cardiology,Hackensack,NJ,07601,40.889398,-74.045698,19,81.79,0.3845,1751
1184821597,Jennifer,Caudle,DO,primary-care,Bordentown,NJ,08505,40.135589,-74.707255,21,81.15,0.9070,97
1184822850,Allen,Silvey,DO,pulmonology,Linwood,NJ,08221,39.339936,-74.564470,19,95.26,2.2890,2550
1184824450,Junsuke,Maki,MD,gastroenterology,Long Branch,NJ,07740,40.295372,-73.989899,22,98.3,0.9226,657
1184845307,John,Covalesky,DO,cardiology,Manalapan,NJ,07726,40.286506,-74.342547,25,23.75,0.9822,2551
1184852626,Imran,Khan,MD,primary-care,Elizabeth,NJ,07202,40.652464,-74.216853,26,,1.0067,406
1184854259,Lloyd,Alcera,MD,psychiatry,Marlton,NJ,08053,39.856677,-74.900810,25,,2.2661,45
1184869414,Nandhini,Veeraraghavan,MD,primary-care,Phillipsburg,NJ,08865,40.708226,-75.147073,33,97.13,0.3575,12
1184869836,Matthew,Yotsuya,MD,primary-care,Edison,NJ,08820,40.576806,-74.365750,19,,0.7129,138
1184872848,Smrita,Sinha,MD,gastroenterology,Toms River,NJ,08755,40.008534,-74.221768,18,,0.9235,199
1184889271,Edwing,Medina Carcamo,MD,primary-care,Pennington,NJ,08534,40.329422,-74.792789,29,,0.7030,322
1184890436,Mark,Famador,MD,psychiatry,Willingboro,NJ,08046,40.027950,-74.886984,27,,0.5253,37
1184898918,Manoj,Patel,MD,primary-care,Toms River,NJ,08755,40.008534,-74.221768,25,,1.2698,565
1184915936,Gulnoza,Agzamova,MD,primary-care,Flemington,NJ,08822,40.521995,-74.866644,26,85.54,0.8612,409
1184918351,Julie,Polisiakiewicz,DO,pulmonology,Voorhees,NJ,08043,39.848570,-74.952843,15,81.15,0.8782,394
1184930794,Shubham,Garg,MD,primary-care,Elizabeth,NJ,07202,40.652464,-74.216853,18,87.07,0.8031,112
1184933293,Ajoa,Amankwaah,DO,primary-care,Lumberton,NJ,08048,39.953850,-74.803026,18,,0.8035,239
1184937930,Anila,Faizan,MD,primary-care,Livingston,NJ,07039,40.785828,-74.329100,22,87.07,0.6358,154
1184940017,Shan,Chen,MD,neurology,New Brunswick,NJ,08901,40.483638,-74.442460,32,96.91,0.8783,324
1184962771,Anita,Mannancheril,MD,primary-care,Randolph,NJ,07869,40.841640,-74.578522,14,,1.2463,176
1184967424,Dennis,Villegas,MD,primary-care,Hackensack,NJ,07601,40.889398,-74.045698,13,81.33,1.2022,198
1184970139,Shahreen,Panarotto,MD,primary-care,Paterson,NJ,07503,40.897548,-74.154121,14,,0.7809,45
1184987372,Rahul,Gokhroo,MD,cardiology,Iselin,NJ,08830,40.570142,-74.316371,16,95.77,0.5574,276
1184987604,Peter,Bulik,DO,cardiology,Cherry Hill,NJ,08034,39.906100,-75.000375,14,81.15,0.3051,1844
1184988453,Hassan,Sajjad,MD,pulmonology,Hackettstown,NJ,07840,40.860045,-74.831795,15,,0.5968,506
1184988628,Santhosh,Chakilam,MD,primary-care,Parsippany,NJ,07054,40.853767,-74.401574,21,,0.9277,520
1194011478,Manish,Dave,MD,oncology,Edison,NJ,08820,40.576806,-74.365750,15,98.51,0.6341,105
1194012856,Latoya,Roberts,DO,primary-care,Red Bank,NJ,07701,40.360509,-74.078952,7,,0.4222,80
1194020164,Orjeta,Kocia,MD,primary-care,Hoboken,NJ,07030,40.745251,-74.027926,24,,0.5988,65
1194036483,Mahmoud,El Banna,MD,primary-care,Somerset,NJ,08873,40.499667,-74.531844,16,,0.9079,305
1194046490,Rifaqat,Baig,MD,primary-care,South Amboy,NJ,08879,40.466447,-74.278639,19,23.02,0.5704,1006
1194082800,Nitin,Patel,MD,primary-care,Neptune,NJ,07753,40.210761,-74.074499,15,96.09,0.6215,263
1194084756,Ravish,Patel,MD,primary-care,Monroe Township,NJ,08831,40.334341,-74.432502,16,,1.7203,333
1194086041,Michael,Gannon,MD,cardiology,Woodbury,NJ,08096,39.829402,-75.129032,14,81.21,0.2884,1563
1194117127,Teresa,Brown,DO,endocrinology,Bernardsville,NJ,07924,40.725770,-74.591213,13,,0.7339,104
1194118794,Elliot,Wiesenfeld,MD,cardiology,Englewood,NJ,07631,40.891197,-73.972515,9,96.09,0.9319,824
1194133710,Deepak,Dhaliwal,MD,primary-care,Edison,NJ,08820,40.576806,-74.365750,13,96.09,1.5152,467
1194139576,Sarah,Sheikh,MD,psychiatry,Morris Plains,NJ,07950,40.846026,-74.482314,27,,0.6425,17
1194145250,Samir,Panvelker,MD,endocrinology,Cherry Hill,NJ,08034,39.906100,-75.000375,12,,0.7876,204
1194169045,Kheng-Jim,Lim,MD,gastroenterology,Woodbury,NJ,08097,39.813290,-75.150650,15,,0.8416,253
1194173815,Justin,Torres,DO,primary-care,Camden,NJ,08103,39.935202,-75.112703,10,,0.4771,226
1194188375,Ryan,Townsend,MD,pulmonology,Marlton,NJ,08053,39.856677,-74.900810,10,81.15,0.7507,426
1194189209,Anitha,Nimma,MD,neurology,Lawrenceville,NJ,08648,40.284490,-74.717487,20,96.91,1.1283,354
1194189290,Aashitha,Alexander,MD,primary-care,Newton,NJ,07860,41.057287,-74.802737,10,,0.5040,294
1194258343,Leena,Shah,MD,endocrinology,Morristown,NJ,07960,40.779235,-74.502462,9,,0.7454,227
1194259168,Leena,Ramadan,MD,primary-care,Camden,NJ,08103,39.935202,-75.112703,9,91.83,0.6183,229
1194283085,George,Sidrak,DO,primary-care,Berkeley Heights,NJ,07922,40.676590,-74.427022,7,,0.4441,359
1194284075,Shivam,Thakur,DO,pulmonology,Brick,NJ,08724,40.091032,-74.114395,7,,0.2522,21
1194381582,Meriam,Khan,DO,primary-care,Ewing,NJ,08628,40.264418,-74.827047,7,96.91,0.9363,140
1194389981,Alessandra,Santamaria,MD,psychiatry,Paramus,NJ,07652,40.947299,-74.070169,9,,0.4941,166
1194704585,Syed,Raza,MD,primary-care,Hackettstown,NJ,07840,40.860045,-74.831795,46,23.01,2.6922,312
1194705533,Han,Xiao,MD,oncology,Basking Ridge,NJ,07920,40.682268,-74.554143,39,81.57,0.7306,283
1194711028,Anthony,Depaola,DO,primary-care,Newton,NJ,07860,41.057287,-74.802737,34,78.05,1.7675,543
1194715516,Carolyn,Gaukler,MD,primary-care,Pennington,NJ,08534,40.329422,-74.792789,42,96.91,0.6709,95
1194718130,Boris,Epstein,DO,primary-care,East Brunswick,NJ,08816,40.429119,-74.416287,30,,2.3791,336
1194720540,Felix,Dailey-Sterling,MD,cardiology,Jersey City,NJ,07306,40.736294,-74.071128,36,,1.5562,422
1194721902,Anna,Dedona,DO,primary-care,Brick,NJ,08724,40.091032,-74.114395,33,96.09,0.9941,1031
1194724195,Rolando,Degoma,MD,cardiology,Trenton,NJ,08638,40.254018,-74.763385,54,,2.1778,107
1194729822,Jonathan,Steinberg,MD,cardiology,Berkeley Heights,NJ,07922,40.676590,-74.427022,46,,0.9388,390
1194731414,Maninder,Abraham,MD,primary-care,Livingston,NJ,07039,40.785828,-74.329100,25,87.07,0.4861,42
1194732982,Michael,Cascarina,MD,primary-care,Brick,NJ,08724,40.091032,-74.114395,35,,0.5935,640
1194738195,Jane,Hoskin,MD,primary-care,Lyndhurst,NJ,07071,40.797113,-74.112980,45,,0.8032,94
1194738203,Lorraine,Depass,MD,primary-care,Somerville,NJ,08876,40.589554,-74.685411,31,,2.0393,117
1194746560,Richard,Schweitzer,MD,primary-care,Mountain Lakes,NJ,07046,40.890853,-74.442032,27,,1.0240,339
1194747725,Gennaro,Rubino,MD,primary-care,Paterson,NJ,07503,40.897548,-74.154121,40,,1.0787,385
1194751891,Peter,Kuzmick,DO,primary-care,Manasquan,NJ,08736,40.120018,-74.053257,46,,0.8742,537
1194753350,Aileen,Chen,MD,oncology,Holmdel,NJ,07733,40.374964,-74.173849,28,84.68,8.7700,987
1194762591,Sanchita,Mandal Singhal,MD,cardiology,Hamilton,NJ,08690,40.225833,-74.660096,34,75,0.7731,509
1194763029,Inderjit,Kainth,MD,primary-care,Kendall Park,NJ,08824,40.420727,-74.553458,32,,1.2559,173
1194763177,Mitchell,Spinnell,MD,gastroenterology,Englewood Cliffs,NJ,07632,40.884634,-73.944654,35,98.3,1.0651,679
1194763474,Kristen,Schwall,MD,primary-care,Livingston,NJ,07039,40.785828,-74.329100,26,,0.5646,308
1194764076,Vladimir,Klinov,MD,neurology,Manahawkin,NJ,08050,39.712132,-74.231888,16,81.33,1.2578,701
1194764126,Steven,Winer,MD,primary-care,Paramus,NJ,07652,40.947299,-74.070169,44,96.09,1.1039,573
1194772095,Peter,Roblejo,MD,neurology,Edison,NJ,08820,40.576806,-74.365750,28,85.15,1.0393,150
1194773192,Yun-Beom,Choi,MD,neurology,Englewood,NJ,07631,40.891197,-73.972515,26,96.09,0.7248,94
1194779371,Alexander,Babayants,MD,psychiatry,Belleville,NJ,07109,40.793481,-74.161159,48,75,2.2199,331
1194779454,Maria,Scibetta,MD,primary-care,Hoboken,NJ,07030,40.745251,-74.027926,36,95.05,1.2876,480
1194779801,Jonathan,Sussman,MD,cardiology,Morristown,NJ,07960,40.779235,-74.502462,28,,0.6195,2171
1194780320,Marie Therese,Saky,MD,endocrinology,Oakhurst,NJ,07755,40.263470,-74.023623,37,,0.9137,419
1194781013,Ravi,Rathi,MD,cardiology,Morristown,NJ,07960,40.779235,-74.502462,44,,0.5281,1479
1194794099,Arun,Nangia,MD,neurology,Teaneck,NJ,07666,40.890317,-74.011478,45,,0.9674,185
1194794396,Victor,Gorloff,MD,pulmonology,Englewood,NJ,07631,40.891197,-73.972515,31,,0.9345,596
1194796953,Joseph,Depasquale,MD,gastroenterology,Fort Lee,NJ,07024,40.850640,-73.971007,43,,0.9905,135
1194799106,Jerrold,Gertzman,MD,primary-care,Lawrenceville,NJ,08648,40.284490,-74.717487,29,96.91,1.0779,82
1194799346,Michael,Greller,MD,orthopedics,Freehold,NJ,07728,40.225793,-74.285785,32,75,0.9585,458
1194799445,Thomas,Rizzo,MD,cardiology,Lakewood,NJ,08701,40.077069,-74.198510,45,,1.2415,384
1194802736,Margarita,Borghini,MD,primary-care,Jersey City,NJ,07306,40.736294,-74.071128,29,,1.5800,167
1194803361,Sanjeev,Patel,MD,cardiology,Saddle Brook,NJ,07663,40.903099,-74.093591,33,91.5,0.4240,1465
1194810895,Edward,Latimer,MD,psychiatry,Montclair,NJ,07042,40.813487,-74.219011,38,,2.4236,129
1194823856,Seth,Uretsky,MD,cardiology,Morristown,NJ,07960,40.779235,-74.502462,25,,0.4212,1741
1194828905,Craig,Wilkenfeld,MD,cardiology,Englewood,NJ,07631,40.891197,-73.972515,40,96.09,0.6115,914
1194829762,Michael,Harrer,MD,orthopedics,Marlton,NJ,08053,39.856677,-74.900810,33,92.57,1.3379,647
1194838060,Christoph,Salerno,DO,primary-care,Willingboro,NJ,08046,40.027950,-74.886984,29,,0.9768,248
1194866194,Giuseppe,Marzella,MD,primary-care,Berkeley Heights,NJ,07922,40.676590,-74.427022,37,,2.1161,547
1194875260,Basma,Khan,MD,primary-care,Old Bridge,NJ,08857,40.392789,-74.330397,31,,1.0524,148
1194878991,Marion,Patterson,MD,primary-care,Cherry Hill,NJ,08002,39.934605,-75.025389,30,,0.4249,347
1194880583,Omobola,Oji,MD,primary-care,North Plainfield,NJ,07060,40.616667,-74.422042,38,,0.9499,291
1194881094,Dennis,Novak,MD,primary-care,Forked River,NJ,08731,39.859886,-74.292741,52,,0.8473,336
1194883421,Marie Claire,Rabanal,MD,psychiatry,Morris Plains,NJ,07950,40.846026,-74.482314,44,,1.0858,19
1194901553,Gregory,Seltzer,MD,gastroenterology,Cherry Hill,NJ,08003,39.885852,-74.971145,23,81.15,0.9813,433
1194902643,Rafia,Hussaini,MD,primary-care,Newark,NJ,07112,40.711391,-74.211683,29,,0.6940,62
1194903203,Farah,Roomi,MD,primary-care,Cherry Hill,NJ,08034,39.906100,-75.000375,22,,0.3265,148
1194917963,Peter,Shin,MD,primary-care,Englewood,NJ,07631,40.891197,-73.972515,21,96.09,0.9571,129
1194919340,Kumar,Sinha,MD,orthopedics,Wayne,NJ,07470,40.945855,-74.245077,23,17.05,1.0432,223
1194925750,Michael,Carlucci,MD,primary-care,Monroe,NJ,08831,40.334341,-74.432502,19,,0.8271,825
1194927863,Gregory,Fernandez,MD,psychiatry,Middletown,NJ,07748,40.396300,-74.115274,23,,0.5013,172
1194928879,Nehaben,Shah,MD,primary-care,Bloomfield,NJ,07003,40.809141,-74.187142,33,,0.9110,204
1194931568,Hongyan,Liang,MD,oncology,Pennington,NJ,08534,40.329422,-74.792789,29,96.91,0.8380,314
1194942805,Sridevi,Kandula,MD,primary-care,Edison,NJ,08820,40.576806,-74.365750,30,96.09,0.4164,28
1194955716,Sirin,Pandey,MD,endocrinology,Mullica Hill,NJ,08062,39.716095,-75.219267,21,78.57,0.8467,356
1194956490,Segun,Simon,MD,primary-care,Union,NJ,07083,40.695266,-74.269078,23,,3.3046,264
1194974162,Maria,Kassab,MD,gastroenterology,West New York,NJ,07093,40.786704,-74.008909,18,,0.8827,148
1194979435,Colin,Harris,MD,orthopedics,Bayonne,NJ,07002,40.662495,-74.110201,22,,1.4978,102
1205008414,Ritu,Sharma,MD,primary-care,Jersey City,NJ,07302,40.718808,-74.044634,21,,1.1171,23
1205031614,Ramneet,Wadehra,DO,cardiology,Sewell,NJ,08080,39.757353,-75.122043,18,81.15,0.5169,1295
1205031911,Jennifer,Zaitz,DO,endocrinology,Red Bank,NJ,07701,40.360509,-74.078952,19,81.33,1.1291,278
1205032224,Adam,Palance,MD,gastroenterology,Teaneck,NJ,07666,40.890317,-74.011478,26,,1.0374,675
1205063914,Marcela,Roger,MD,primary-care,Turnersville,NJ,08012,39.783815,-75.056068,23,,1.1202,249
1205093846,David,James,MD,cardiology,Hackettstown,NJ,07840,40.860045,-74.831795,20,55.5,2.0154,1591
1205102464,Enoc,Fernandez Ginorio,MD,primary-care,Newark,NJ,07103,40.738852,-74.195264,14,,0.9498,135
1205119807,Andrew,Gilmartin,MD,primary-care,Lincoln Park,NJ,07035,40.927501,-74.308334,18,,1.3123,367
1205127503,Christina,Tofani,MD,gastroenterology,Mount Laurel,NJ,08054,39.948992,-74.900247,15,,1.1167,171
1205128220,Ian,Kaye,MD,orthopedics,Marlton,NJ,08053,39.856677,-74.900810,15,92.57,1.1226,458
1205129533,Michael,Galabi,MD,primary-care,Morristown,NJ,07960,40.779235,-74.502462,15,,1.2627,188
1205138500,Jaehoon,Chung,MD,cardiology,Rochelle Park,NJ,07662,40.906496,-74.078005,27,96.09,0.6174,1647
1205141959,Matilda,Mason,MD,primary-care,Hackettstown,NJ,07840,40.860045,-74.831795,24,,0.8718,377
1205173762,John,Mikhail,MD,primary-care,Brick,NJ,08724,40.091032,-74.114395,17,75,0.7649,945
1205178605,Alan,Chu,MD,primary-care,Hackensack,NJ,07601,40.889398,-74.045698,13,81.33,1.4964,233
1205186756,Walid,Elkhalili,MD,primary-care,Fair Lawn,NJ,07410,40.935830,-74.117505,15,,1.0386,543
1205210655,Rashika,Bansal,MD,endocrinology,New Brunswick,NJ,08901,40.483638,-74.442460,13,88.4,0.7036,157
1205226784,Manoj,Patel,MD,primary-care,Atlantic City,NJ,08401,39.377337,-74.451070,16,,0.8132,524
1205235231,Irina,Stojanovska,MD,primary-care,Hackettstown,NJ,07840,40.860045,-74.831795,16,,1.0372,300
1205242096,Zaw Win,Tun,MD,cardiology,Hamilton,NJ,08690,40.225833,-74.660096,19,,1.3109,1285
1205248192,Shaismy,Kudakachira,DO,primary-care,Ewing,NJ,08628,40.264418,-74.827047,12,96.91,1.0718,173
1205249679,Fathima,Sahulhameed,MD,primary-care,Berkeley Heights,NJ,07922,40.676590,-74.427022,15,,0.9509,229
1205256948,Stephanie,Chu,MD,primary-care,Berkeley Heights,NJ,07922,40.676590,-74.427022,12,,0.7296,150
1205270436,Kamleish,Persad,DO,cardiology,Somers Point,NJ,08244,39.315511,-74.598278,13,,0.9382,1388
1205288784,Alisa,Reznikov,MD,primary-care,New Brunswick,NJ,08901,40.483638,-74.442460,10,98.51,1.3555,187
1205298940,Isha,Di Bartolo,MD,primary-care,Haddon Heights,NJ,08035,39.879127,-75.065918,10,99.52,0.8727,66
1205323623,Ammar,Qureshi,MD,gastroenterology,Neptune,NJ,07753,40.210761,-74.074499,16,87.87,0.5820,50
1205338415,Jessica,Shoukry,DO,primary-care,Camden,NJ,08103,39.935202,-75.112703,9,99.52,0.7728,309
1205367711,Jahan,Manjur,MD,cardiology,Jersey City,NJ,07307,40.751842,-74.053976,9,96.09,0.9993,94
1205377561,Omar,Maniya,MD,primary-care,Hamilton,NJ,08610,40.193643,-74.715963,9,,1.0110,438
1205399805,Nagasasikanth,Mopuri,MD,primary-care,Medford,NJ,08055,39.862695,-74.822311,20,,0.4470,70
1205402989,Vamsee,Reddy,MD,primary-care,Denville,NJ,07834,40.886460,-74.487584,5,,0.8490,84
1205416211,Krish,Pillai,DO,primary-care,Pompton Plains,NJ,07444,40.967407,-74.306967,7,,0.9033,158
1205452364,Danika,Chari,MD,primary-care,Hampton,NJ,08827,40.668424,-74.968377,7,97.13,0.7866,161
1205455177,Hannah,Kim,MD,primary-care,Voorhees,NJ,08043,39.848570,-74.952843,6,93.22,0.4006,126
1205497385,Adam,Weaver,MD,primary-care,Turnersville,NJ,08012,39.783815,-75.056068,7,,0.5700,522
1205803152,Thomas,Salazer,MD,primary-care,Hackensack,NJ,07601,40.889398,-74.045698,37,81.33,1.7710,67
1205804127,Shahid,Farooqui,MD,primary-care,Shrewsbury,NJ,07702,40.326450,-74.057373,44,,5.9455,371
1205806015,Vladimir,Berkovich,MD,primary-care,Manasquan,NJ,08736,40.120018,-74.053257,28,87.16,1.6472,326
1205806064,Anthony,Detulio,MD,primary-care,Brick,NJ,08723,40.038584,-74.111600,41,96.09,1.0187,658
1205808300,Jose,Flores,DO,primary-care,Berkeley Heights,NJ,07922,40.676590,-74.427022,38,,1.8760,183
1205810926,Shivaprasad,Marulendra,MD,gastroenterology,Pennington,NJ,08534,40.329422,-74.792789,39,,0.9102,428
1205813391,Ramesh,Gupta,MD,gastroenterology,Paterson,NJ,07503,40.897548,-74.154121,58,96.09,1.2848,133
1205813672,Teresa,Tacopina,MD,gastroenterology,Long Branch,NJ,07740,40.295372,-73.989899,24,98.3,0.8704,614
1205816717,Ahmad,Salloum,MD,cardiology,Brick,NJ,08724,40.091032,-74.114395,34,89.85,1.0347,1561
1205817277,William,Focazio,MD,gastroenterology,Bloomfield,NJ,07003,40.809141,-74.187142,45,,1.2035,138
1205818135,Nazia,Rizvi,MD,primary-care,North Brunswick,NJ,08902,40.441513,-74.491214,32,,3.0570,92
1205828365,David,Shields,MD,gastroenterology,Vineland,NJ,08360,39.492354,-75.003447,37,,0.7705,442
1205831807,Eric,Gomes,MD,primary-care,Lawrenceville,NJ,08648,40.284490,-74.717487,31,,1.0050,224
1205832037,Michael,Pollack,MD,orthopedics,Flemington,NJ,08822,40.521995,-74.866644,29,89.99,1.2666,634
1205842473,John,Kasper,DO,primary-care,Ventnor City,NJ,08406,39.342046,-74.482626,33,,1.8785,1188
1205845427,Joseph,Vitale,MD,primary-care,West Paterson,NJ,07424,40.882319,-74.205876,49,,1.0196,338
1205846680,Ki,Hwang,MD,orthopedics,Wayne,NJ,07470,40.945855,-74.245077,27,,1.0887,169
1205847399,Barbara,Perlmutter,MD,primary-care,Hoboken,NJ,07030,40.745251,-74.027926,50,,3.2984,16
1205849395,Mary Ruth,Buchness,MD,dermatology,Washington,NJ,07882,40.755430,-75.010870,44,90.8,0.5789,307
1205850476,Daniel,Levin,MD,pulmonology,Berkeley Heights,NJ,07922,40.676590,-74.427022,46,,1.3138,378
1205856002,Mahesh,Bikkina,MD,cardiology,Fair Lawn,NJ,07410,40.935830,-74.117505,42,,1.1536,243
1205869989,Fiore,Copare,MD,primary-care,Bridgeton,NJ,08302,39.438613,-75.260646,44,,1.0710,424
1205873064,James,Pasquariello,MD,cardiology,Browns Mills,NJ,08015,39.931536,-74.543720,47,84.95,1.7670,744
1205879525,Jonathan,Archer,MD,orthopedics,Teaneck,NJ,07666,40.890317,-74.011478,40,,1.0194,406
1205879814,Carole,Lytle,MD,primary-care,Berkeley Heights,NJ,07922,40.676590,-74.427022,30,,1.6139,304
1205882578,Joel,Kurtz,MD,gastroenterology,Bayonne,NJ,07002,40.662495,-74.110201,43,85.15,0.9578,209
1205885704,Ammar,Bazerbashi,MD,primary-care,Middletown,NJ,07748,40.396300,-74.115274,33,,8.6865,98
1205892809,David,Schaer,MD,cardiology,East Brunswick,NJ,08816,40.429119,-74.416287,45,98.51,1.0185,799
1205907086,Robert,Wagner,MD,neurology,Wayne,NJ,07470,40.945855,-74.245077,27,89.29,1.5839,829
1205908118,Yatinder,Bains,MD,gastroenterology,Millburn,NJ,07041,40.722433,-74.301561,39,100,1.5216,566
1205914520,Padmaja,Annamaneni,MD,psychiatry,Perth Amboy,NJ,08861,40.520494,-74.272943,33,,0.5898,21
1205918679,Tanuj,Bhatnagar,MD,pulmonology,Jersey City,NJ,07306,40.736294,-74.071128,26,,1.5972,454
1205927191,Ming-Kong,Liu,MD,primary-care,Bergenfield,NJ,07621,40.922334,-73.998001,43,96.09,1.4867,286
1205931797,William,Bromley,DO,primary-care,Audubon,NJ,08106,39.890992,-75.073329,36,33.27,1.5337,241
1205936663,Thuong,Ledinh,MD,primary-care,Iselin,NJ,08830,40.570142,-74.316371,59,,5.2265,13
1205944709,Kenneth,Kopacz,MD,orthopedics,Berkeley Heights,NJ,07922,40.676590,-74.427022,38,,0.6989,270
1205945086,Susan,Fishbein,MD,gastroenterology,Cliffside Park,NJ,07010,40.822052,-73.987938,44,,1.3086,197
1205945623,Joaquim,Correia,MD,cardiology,Newark,NJ,07105,40.723066,-74.138636,40,66.23,1.4994,833
1205947926,Tasneem,Rashid,MD,oncology,Union,NJ,07083,40.695266,-74.269078,46,85.55,2.4839,98
1205949468,Padmavathy,Kurra,MD,psychiatry,Passaic,NJ,07055,40.857552,-74.129089,48,,1.7604,36
1205949567,Kimberly,Ruhl,MD,dermatology,Livingston,NJ,07039,40.785828,-74.329100,32,100,0.5758,1172
1205962297,Zisalo,Wancier,MD,psychiatry,Lyndhurst,NJ,07071,40.797113,-74.112980,,,0.8130,61
1205982949,Tatiana,Krasikov,MD,cardiology,Fort Lee,NJ,07024,40.850640,-73.971007,28,81.33,1.4647,632
1205987021,Ronald,Lis,MD,primary-care,Paterson,NJ,07503,40.897548,-74.154121,42,,1.2714,65
1205989241,Adolfo,Prettelt,MD,primary-care,Sewell,NJ,08080,39.757353,-75.122043,36,99.52,0.9572,257
1205995248,Agnieszka,Palecki,MD,pulmonology,Bayonne,NJ,07002,40.662495,-74.110201,29,85.15,1.0364,917
1215000708,May,Dicola,MD,primary-care,Warren,NJ,07059,40.634588,-74.519044,25,,0.7336,167
1215006275,Sudhir,Agarwal,MD,gastroenterology,Succasunna,NJ,07876,40.854470,-74.657357,40,,0.8629,727
1215016217,David,Orr,DO,pulmonology,Hackensack,NJ,07601,40.889398,-74.045698,39,81.33,1.1455,698
1215025283,Christopher,Trotz,MD,primary-care,Marlton,NJ,08053,39.856677,-74.900810,30,,0.5290,24
1215032156,Vasantha,Perkari,MD,primary-care,Aberdeen,NJ,07747,40.413250,-74.257674,47,,1.9941,1042
1215033030,Sajjad,Sabir,MD,primary-care,Camden,NJ,08103,39.935202,-75.112703,21,91.83,0.6505,133
1215034848,Maritza,Cotto,MD,cardiology,Camden,NJ,08103,39.935202,-75.112703,39,91.83,0.7557,706
1215041140,James,Buirkle,MD,primary-care,River Vale,NJ,07675,41.003484,-74.001753,46,,0.9115,206
1215047386,Ronald,Weiss,MD,primary-care,Long Valley,NJ,07853,40.787399,-74.782130,38,,0.5254,442
1215049630,Kathyann,Duncan,MD,primary-care,Maplewood,NJ,07040,40.733607,-74.271159,32,,1.1827,21
1215052287,Lisa,Mills,MD,oncology,Berkeley Heights,NJ,07922,40.676590,-74.427022,25,,8.1016,563
1215054168,Robert,Goldberg,MD,oncology,Somers Point,NJ,08244,39.315511,-74.598278,51,100,6.8324,266
1215080270,Hee,So,MD,psychiatry,Point Pleasant Boro,NJ,08742,40.080812,-74.059117,56,,1.5795,47
1215085360,Rena,Levykh-Chase,MD,primary-care,Hoboken,NJ,07030,40.745251,-74.027926,30,95.05,1.6517,246
1215106778,Sanja,Kolarov,MD,primary-care,Morristown,NJ,07960,40.779235,-74.502462,29,,0.9067,336
1215167960,Michael,Ngu,MD,primary-care,Cherry Hill,NJ,08034,39.906100,-75.000375,20,,0.8783,310
1215173513,Jacqueline,Riedel,DO,primary-care,Voorhees,NJ,08043,39.848570,-74.952843,18,,0.6756,216
1215182332,Eddie,Wu,DO,orthopedics,Mullica Hill,NJ,08062,39.716095,-75.219267,18,20.77,0.9979,589
1215190178,Ylonka,Garcia Marotta,MD,primary-care,Paterson,NJ,07501,40.911998,-74.170965,23,,1.0190,51
1215251103,Sheila,Sahni,MD,cardiology,Hackensack,NJ,07601,40.889398,-74.045698,16,81.33,1.8917,236
1215273818,Mohamed,Bakr,MD,primary-care,Montclair,NJ,07042,40.813487,-74.219011,20,,0.9682,750
1215291240,Eric,Mittelmann,MD,neurology,Paramus,NJ,07652,40.947299,-74.070169,14,,1.0227,211
1215295118,Curtis,Allumbaugh,MD,neurology,Camden,NJ,08103,39.935202,-75.112703,12,,0.3673,262
1215295316,Elyse,Morel,MD,primary-care,Cherry Hill,NJ,08034,39.906100,-75.000375,14,81.15,0.3280,331
1215295704,Oxana,Ovakimyan,MD,cardiology,Manalapan,NJ,07726,40.286506,-74.342547,16,,0.5651,1356
1215297429,Adnan,Hussain,MD,pulmonology,Morristown,NJ,07960,40.779235,-74.502462,26,,0.8896,560
1215297981,Tina,Sabharwal,MD,primary-care,Union,NJ,07083,40.695266,-74.269078,17,,0.4198,153
1215302112,Junie,Joseph,MD,primary-care,Flemington,NJ,08822,40.521995,-74.866644,11,,0.3549,108
1215318282,Mohammad,Choudhry,MD,primary-care,Toms River,NJ,08755,40.008534,-74.221768,16,,0.9108,147
1215318746,Nazir,Savji,MD,cardiology,Morristown,NJ,07960,40.779235,-74.502462,11,,1.5446,952
1215324330,Matthew,Schaikewitz,MD,primary-care,Morristown,NJ,07960,40.779235,-74.502462,11,,0.5584,1207
1215348370,Janelle,Yee,MD,endocrinology,Emerson,NJ,07630,40.974990,-74.023248,13,96.09,1.6174,269
1215349402,Muhammad,Zeshan,MD,psychiatry,Newark,NJ,07103,40.738852,-74.195264,19,100,0.4961,180
1215370028,Maham,Qureshi,MD,endocrinology,Englewood,NJ,07631,40.891197,-73.972515,13,,1.7147,141
1215377684,Bulland,Zaman,MD,primary-care,Eatontown,NJ,07724,40.298625,-74.074178,13,,0.8230,70
1215379326,Ruby,Mangsatabam,MD,psychiatry,Newark,NJ,07112,40.711391,-74.211683,26,98.51,1.3471,87
1215384656,Andrew,Simon,MD,orthopedics,Glassboro,NJ,08028,39.692129,-75.124675,10,85.23,0.6076,139
1215390083,Taylor,Shaker,MD,primary-care,Hackensack,NJ,07601,40.889398,-74.045698,11,95.05,0.7873,220
1215390877,Jared,Lander,DO,gastroenterology,Marlton,NJ,08053,39.856677,-74.900810,10,,1.0001,329
1215431382,Julee,Song,MD,psychiatry,Hackensack,NJ,07601,40.889398,-74.045698,8,81.33,0.4010,40
1215460019,Alana,Persaud,MD,gastroenterology,Mount Laurel,NJ,08054,39.948992,-74.900247,9,,0.8612,289
1215462957,Lauren,Gotay,MD,primary-care,Marlton,NJ,08053,39.856677,-74.900810,10,84.91,0.5853,268
1215470794,Gabriela,Chaviano,MD,primary-care,Haddonfield,NJ,08033,39.892421,-75.036651,10,,1.3399,93
1215515796,Tehrim,Zahid,MD,primary-care,Montclair,NJ,07042,40.813487,-74.219011,15,,1.3699,79
1215519517,Alan,Tran,DO,primary-care,Voorhees,NJ,08043,39.848570,-74.952843,5,,0.4560,130
1215900774,Abbas,Shehadeh,MD,cardiology,West Orange,NJ,07052,40.785755,-74.265058,39,,2.0445,459
1215901608,Steven,Daniels,MD,cardiology,Eatontown,NJ,07724,40.298625,-74.074178,49,82.83,1.3990,858
1215905070,Parveen,Uppal,MD,cardiology,Hazlet,NJ,07730,40.424164,-74.173732,42,23.53,1.2539,1094
1215906599,Ara,Manougian,MD,primary-care,Paramus,NJ,07652,40.947299,-74.070169,54,,2.3900,83
1215907068,Carlos,Lao,MD,primary-care,West Orange,NJ,07052,40.785755,-74.265058,,,0.6929,263
1215917737,Pedro,Escandon,MD,cardiology,Brick,NJ,08724,40.091032,-74.114395,38,89.85,0.5018,2535
1215932280,Henry,Ryngel,MD,primary-care,Harrison,NJ,07029,40.743620,-74.154901,49,,2.4366,31
1215935333,Timothy,Chen,MD,primary-care,Moorestown,NJ,08057,39.979658,-74.941308,26,81.15,0.4471,408
1215937891,Lawrence,Fabrizio,DO,cardiology,Florham Park,NJ,07932,40.777461,-74.392845,38,,0.9815,1077
1215939061,Donna,Hogue,DO,pulmonology,Voorhees,NJ,08043,39.848570,-74.952843,35,91.83,0.7740,743
1215941000,Leon,Rosenberg,MD,psychiatry,Cherry Hill,NJ,08002,39.934605,-75.025389,48,,4.8424,31
1215944582,John,Dalena,MD,gastroenterology,Berkeley Heights,NJ,07922,40.676590,-74.427022,41,,0.7885,1184
1215949342,Ana,Natale-Pereira,MD,primary-care,Newark,NJ,07103,40.738852,-74.195264,30,,0.8909,28
1215960232,Louise,Ligresti,MD,oncology,Livingston,NJ,07039,40.785828,-74.329100,35,98.51,0.3125,382
1215963673,Devi,Surapanani,MD,primary-care,Flemington,NJ,08822,40.521995,-74.866644,33,85.54,0.8492,455
1215970447,Joseph,Tribuna,MD,primary-care,Chatham,NJ,07928,40.724971,-74.415086,36,,0.5327,177
1215973649,Gary,Brattelli,DO,primary-care,Sicklerville,NJ,08081,39.732848,-74.976641,38,,0.7500,185
1215974225,Ajay,Gupta,MD,cardiology,Wayne,NJ,07470,40.945855,-74.245077,47,96.09,0.4519,1344
1215974902,Edward,Laub,MD,primary-care,Trenton,NJ,08690,40.225833,-74.660096,47,,2.7976,109
1215983382,Helio,Pedro,MD,primary-care,Hackensack,NJ,07601,40.889398,-74.045698,31,81.33,0.5484,19
1215992664,Joseph,Mullane,MD,primary-care,Hamilton,NJ,08690,40.225833,-74.660096,41,,0.8809,67
1215992912,Andre,Goy,MD,oncology,Hackensack,NJ,07601,40.889398,-74.045698,38,91.62,0.7766,284
1215996731,Karen,Hotchkin,MD,primary-care,Phillipsburg,NJ,08865,40.708226,-75.147073,32,97.13,1.2631,457
1225017775,Ramil,Bhatnagar,MD,orthopedics,Manasquan,NJ,08736,40.120018,-74.053257,31,75,1.0004,337
1225021405,Luke,Eyerman,MD,primary-care,Hawthorne,NJ,07506,40.956957,-74.158561,25,,1.1125,26
1225023682,Asma,Ahmed,DO,primary-care,Plainsboro,NJ,08536,40.333076,-74.586628,26,,1.0292,176
1225026834,Mark,Popkin,MD,dermatology,Morristown,NJ,07960,40.779235,-74.502462,41,,0.5438,1475
1225039670,Samantha,Pozner,MD,primary-care,Summit,NJ,07901,40.714923,-74.366372,29,,2.0013,309
1225049505,Gerardo,Capo,MD,oncology,Elizabeth,NJ,07202,40.652464,-74.216853,27,98.51,0.5145,182
1225052111,Joseph,Schwartz,DO,primary-care,Cape May Court House,NJ,08210,39.119187,-74.823188,45,21.47,2.1790,239
1225053846,Arthur,Pacia,MD,primary-care,Trenton,NJ,08610,40.193643,-74.715963,45,75,1.3611,285
1225055262,Aleksander,Lekan,MD,primary-care,South Orange,NJ,07079,40.748811,-74.261512,36,,1.2426,87
1225057045,Stuart,Levine,MD,orthopedics,Princeton,NJ,08540,40.364728,-74.656314,37,75,0.7114,754
1225058423,Subhashini,Gowda,MD,cardiology,Somerset,NJ,08873,40.499667,-74.531844,31,98.51,1.6818,1206
1225063324,John,Andriulli,DO,cardiology,Camden,NJ,08103,39.935202,-75.112703,34,91.83,2.1364,826
1225064546,Mark,Reyn,MD,primary-care,Fair Lawn,NJ,07410,40.935830,-74.117505,52,,1.7615,200
1225065311,Jerry,Horowitz,DO,primary-care,Marmora,NJ,08223,39.269520,-74.657118,35,,0.9541,711
1225065634,Sadhana,Kumar,MD,primary-care,Parsippany,NJ,07054,40.853767,-74.401574,48,,3.3230,185
1225066533,Robert,Harris,MD,primary-care,Paramus,NJ,07652,40.947299,-74.070169,52,,0.4943,54
1225073455,Najeeb,Riaz,MD,psychiatry,Princeton,NJ,08540,40.364728,-74.656314,35,,1.2928,18
1225073505,Cathleen,Mullarkey Desapio,MD,endocrinology,New Brunswick,NJ,08901,40.483638,-74.442460,42,,1.2947,63
1225074701,Haritha,Potluri,MD,pulmonology,North Brunswick,NJ,08902,40.441513,-74.491214,28,74.86,1.7243,304
1225075096,Ronald,Schiavone,DO,primary-care,Clementon,NJ,08021,39.806156,-75.000012,49,99.52,1.2345,240
1225076326,Auguste,Turnier,MD,gastroenterology,Voorhees,NJ,08043,39.848570,-74.952843,40,81.15,2.1972,602
1225077456,William,Hong,MD,cardiology,Bayonne,NJ,07002,40.662495,-74.110201,47,85.15,1.7823,846
1225080229,Irfan,Huq,MD,primary-care,Hamilton,NJ,08619,40.242301,-74.696408,57,,0.8095,244
1225081334,Peter,Lee,MD,primary-care,Lawrenceville,NJ,08648,40.284490,-74.717487,25,,0.9108,181
1225084353,Simon,Topalian,MD,cardiology,Camden,NJ,08103,39.935202,-75.112703,28,,1.0094,572
1225084973,Nancy,Hawkins,MD,primary-care,Cape May Court House,NJ,08210,39.119187,-74.823188,41,23.57,0.4816,503
1225097702,Matthew,Pitera,MD,psychiatry,Toms River,NJ,08753,39.979668,-74.150739,35,,1.8205,173
1225107576,Siriade,Filipe Izaguirre,DO,primary-care,Berkeley Heights,NJ,07922,40.676590,-74.427022,28,,1.3027,204
1225109390,Trevor,Forbes,MD,psychiatry,Springfield,NJ,07081,40.697966,-74.334436,42,,1.0127,58
1225117682,Herman,Barb,MD,psychiatry,Turnersville,NJ,08012,39.783815,-75.056068,44,,0.9385,241
1225119415,Sanjay,Sikand,MD,pulmonology,Brick,NJ,08724,40.091032,-74.114395,37,96.68,1.6803,980
1225122401,Tara,Tomasso,MD,primary-care,Woodbury Heights,NJ,08097,39.813290,-75.150650,28,,0.8228,198
1225124613,Haitham,Dib,MD,cardiology,Galloway,NJ,08205,39.482000,-74.452637,40,,1.6170,1026
1225125347,Patrick,Burnett,MD,dermatology,Chatham,NJ,07928,40.724971,-74.415086,26,,0.7655,68
1225130701,Keith,Sherrow,MD,primary-care,Monroe Township,NJ,08831,40.334341,-74.432502,39,,3.7317,367
1225137797,Anjali,Desai,MD,primary-care,Haddon Heights,NJ,08035,39.879127,-75.065918,25,99.52,0.4510,39
1225143134,Yue,Wang,MD,primary-care,Hamilton Square,NJ,08690,40.225833,-74.660096,40,36.37,3.5928,515
1225148307,Richard,Eisenberg,MD,dermatology,Watchung,NJ,07069,40.642845,-74.436233,44,75,0.8197,1903
1225149693,Renuka,Mapitigama,MD,pulmonology,Paramus,NJ,07652,40.947299,-74.070169,32,81.33,1.7627,354
1225189251,Yevgeniy,Vaysberg,MD,primary-care,Neptune,NJ,07753,40.210761,-74.074499,33,,0.7012,886
1225197320,Joseph,Mathew,MD,pulmonology,Old Bridge,NJ,08857,40.392789,-74.330397,46,96.09,0.7739,808
1225199698,Luis,Gonzalez,MD,cardiology,North Bergen,NJ,07047,40.793644,-74.025027,44,81.33,0.3484,1202
1225204266,Gaurang,Brahmbhatt,MD,primary-care,Secaucus,NJ,07094,40.781958,-74.067649,21,85.15,1.0001,36
1225221278,Gina,Cabela,MD,primary-care,Hoboken,NJ,07030,40.745251,-74.027926,28,95.05,0.8505,125
1225223464,Sadia,Ahmed,MD,primary-care,Somerville,NJ,08876,40.589554,-74.685411,25,87.07,0.9122,442
1225230345,Anamika,Sharma,MD,primary-care,Morristown,NJ,07960,40.779235,-74.502462,28,,0.9785,641
1225251408,Liliana,Cohen,MD,cardiology,Berkeley Heights,NJ,07922,40.676590,-74.427022,24,,0.6601,1796
1225257199,Chirag,Shah,DO,cardiology,Eatontown,NJ,07724,40.298625,-74.074178,26,,0.8434,1797
1225265820,Manpreet,Tiwana,MD,primary-care,Somers Point,NJ,08244,39.315511,-74.598278,22,86.93,1.8065,324
1225284607,Shikha,Chowdhury,MD,primary-care,Lumberton,NJ,08048,39.953850,-74.803026,21,,0.6985,271
1225284706,Demetrios,Panagiotou,MD,cardiology,Maywood,NJ,07607,40.902885,-74.063457,19,96.53,2.1181,2442
1225289903,Robert,Greenleaf,MD,orthopedics,Voorhees,NJ,08043,39.848570,-74.952843,21,81.15,1.0763,607
1225290281,Lorraine,Stern,MD,orthopedics,Wayne,NJ,07470,40.945855,-74.245077,18,,1.1822,249
1225294499,Andrew,Boxer,MD,gastroenterology,Clifton,NJ,07013,40.869405,-74.173062,19,84.12,1.2965,257
1225328701,Huma,Baqui,MD,neurology,Red Bank,NJ,07701,40.360509,-74.078952,22,98.51,0.7916,723
1225342439,Yevgeniy,Latyshev,MD,cardiology,Hackensack,NJ,07601,40.889398,-74.045698,16,81.33,2.0472,731
1225347727,Priyank,Khandelwal,MD,neurology,Newark,NJ,07103,40.738852,-74.195264,19,,2.0926,80
1225364821,Puja,Sharma,MD,primary-care,Manalapan,NJ,07726,40.286506,-74.342547,19,96.09,0.7314,389
1225373111,Adriana,Davis,DO,primary-care,Burlington,NJ,08016,40.068064,-74.832904,15,,0.7095,254
1225410012,Gene,Pacelli,MD,primary-care,Somerville,NJ,08876,40.589554,-74.685411,13,87.07,1.0177,390
1225410152,Prerakkumar,Patel,MD,primary-care,Montclair,NJ,07042,40.813487,-74.219011,12,,0.9984,660
1225418866,Harsh,Parmar,MD,oncology,Hackensack,NJ,07601,40.889398,-74.045698,14,81.1,1.9182,462
1225425614,Marie,Bernardo,MD,cardiology,Hamilton,NJ,08690,40.225833,-74.660096,12,75,1.0810,1228
1225425622,Catherine,Yang,MD,primary-care,Trenton,NJ,08638,40.254018,-74.763385,13,,0.4072,276
1225441215,Michael,Gannon,MD,primary-care,Morristown,NJ,07960,40.779235,-74.502462,15,,0.9021,461
1225441405,Jennifer,Sepede,DO,primary-care,Stratford,NJ,08084,39.828990,-75.015536,12,81.15,0.4782,192
1225445737,Jaclyn,Guliano,MD,primary-care,Marlboro,NJ,07746,40.323490,-74.254572,13,,0.5375,141
1225458607,Alexandra,Khanyutin,MD,psychiatry,Hackensack,NJ,07601,40.889398,-74.045698,12,81.33,0.7092,48
1225460454,Diana,Larrea,DO,primary-care,Eatontown,NJ,07724,40.298625,-74.074178,13,,0.8153,340
1225480668,Vineet,Meghrajani,MD,cardiology,Egg Harbor Township,NJ,08234,39.388393,-74.620728,13,,0.7733,1020
1225485188,Anam,Malik,MD,gastroenterology,Bordentown,NJ,08505,40.135589,-74.707255,12,,0.5125,268
1225491434,Maryann,Parayil,DO,primary-care,Berkeley Heights,NJ,07922,40.676590,-74.427022,10,,1.4517,202
1225491483,Jaclyn,Jankowski,DO,orthopedics,Livingston,NJ,07039,40.785828,-74.329100,10,98.51,1.0730,303
1225499148,Yi,Lai,MD,dermatology,Freehold,NJ,07728,40.225793,-74.285785,10,100,2.6034,759
1225534415,Anthony,Chen,DO,primary-care,Colts Neck,NJ,07722,40.287799,-74.166807,8,,1.0495,244
1225566862,Kevin,Colburn,MD,neurology,Cherry Hill,NJ,08002,39.934605,-75.025389,10,,0.9316,199
1225567720,Vinit,Shah,DO,primary-care,Kearny,NJ,07032,40.752332,-74.123093,9,100,4.6699,236
1225568652,Sean,Wilen,MD,primary-care,Tenafly,NJ,07670,40.918309,-73.950523,9,,1.0617,353
1225599640,Nafee,Talukder,DO,neurology,Brick,NJ,08724,40.091032,-74.114395,7,,0.6306,171
1225610405,Lwoodsky,Charles,MD,primary-care,Lodi,NJ,07644,40.877915,-74.082500,5,,0.3515,29
1225658412,Mohsin,Ali,MD,primary-care,Elizabeth,NJ,07202,40.652464,-74.216853,6,,1.0644,164
1225665359,Andrew,Marcano,DO,primary-care,Camden,NJ,08103,39.935202,-75.112703,6,81.15,0.8271,413
1225691165,Mandeep,Chandi,MD,primary-care,Piscataway,NJ,08854,40.539658,-74.462791,7,87.16,0.4521,318
1235103243,George,Stoupakis,MD,cardiology,Hackensack,NJ,07601,40.889398,-74.045698,28,93.25,1.4484,1300
1235103318,Dario,Lecusay,MD,primary-care,Flemington,NJ,08822,40.521995,-74.866644,28,,0.4744,297
1235103870,Jeffrey,Rosenberg,MD,primary-care,Berkeley Heights,NJ,07922,40.676590,-74.427022,32,,1.3424,321
1235109059,Maria,Alexianu,MD,neurology,Hackensack,NJ,07601,40.889398,-74.045698,37,99.8,0.8304,482
1235111337,Aubrie,Nagy,MD,primary-care,Plainsboro,NJ,08536,40.333076,-74.586628,30,,1.1747,224
1235111436,Grace,Chung,MD,dermatology,Haddon Heights,NJ,08035,39.879127,-75.065918,41,93.06,1.2356,1086
1235115312,Ronak,Chinai,MD,primary-care,Warren,NJ,07059,40.634588,-74.519044,27,98.51,1.2828,133
1235116781,Vickie,Hug,MD,primary-care,Hillsborough,NJ,08844,40.497692,-74.670505,32,,0.6776,284
1235119116,Terry,Rollins,MD,dermatology,Cape May Court House,NJ,08210,39.119187,-74.823188,27,94.05,2.7569,1660
1235120155,Nael,Abutabikh,MD,primary-care,Clifton,NJ,07011,40.880427,-74.143246,38,,3.9535,188
1235129396,David,Richards,MD,oncology,Monroe Township,NJ,08831,40.334341,-74.432502,43,100,6.2651,645
1235131251,Eric,Jackson,MD,primary-care,North Arlington,NJ,07031,40.786256,-74.126220,48,,0.9446,173
1235134297,Sonia,Deora,DO,primary-care,Haddonfield,NJ,08033,39.892421,-75.036651,29,,1.0292,168
1235135229,Rosario,Ligresti,MD,gastroenterology,Hackensack,NJ,07601,40.889398,-74.045698,34,81.33,1.1890,408
1235143926,David,Schaebler,MD,oncology,Pennington,NJ,08534,40.329422,-74.792789,35,96.91,0.3519,148
1235144775,Colleen,Coughlin,MD,cardiology,Morristown,NJ,07960,40.779235,-74.502462,37,,0.5007,736
1235149766,Tatyana,Aliferova,MD,primary-care,Camden,NJ,08103,39.935202,-75.112703,33,99.52,1.5986,304
1235152554,Chang,Lee,MD,primary-care,Englewood,NJ,07632,40.884634,-73.944654,35,,3.1645,272
1235157389,Rakesh,Sharma,MD,pulmonology,Hoboken,NJ,07030,40.745251,-74.027926,31,95.05,1.3643,492
1235158403,Ramesh,Kania,MD,primary-care,East Orange,NJ,07018,40.755733,-74.217917,46,,0.7897,49
1235163833,David,Sokol,MD,oncology,Plainsboro,NJ,08536,40.333076,-74.586628,36,,4.8482,353
1235168386,Cheryl,Citron,MD,dermatology,West Orange,NJ,07052,40.785755,-74.265058,42,75,1.0057,817
1235168709,Thomas,Godleski,DO,primary-care,Bordentown,NJ,08505,40.135589,-74.707255,28,,0.7824,356
1235169558,Sunil,Sapru,MD,primary-care,West Orange,NJ,07052,40.785755,-74.265058,42,98.51,1.2092,68
1235176462,Irina,Anshelevich,MD,primary-care,Paramus,NJ,07652,40.947299,-74.070169,45,96.09,1.2634,460
1235177437,Chukueke,Okezie,MD,orthopedics,Paramus,NJ,07652,40.947299,-74.070169,34,,1.4781,41
1235178872,Michael,Salacz,MD,oncology,Pennington,NJ,08534,40.329422,-74.792789,28,96.91,0.7674,34
1235179813,Ronald,Gerson,MD,orthopedics,Hammonton,NJ,08037,39.631681,-74.773893,42,,0.1921,14
1235180647,Michael,Carson,MD,primary-care,Manasquan,NJ,08736,40.120018,-74.053257,34,96.09,1.2225,344
1235186164,Regina,Rossi,DO,primary-care,Manalapan,NJ,07726,40.286506,-74.342547,35,96.09,0.8115,425
1235191800,Vivian,Bethala,MD,gastroenterology,Emerson,NJ,07630,40.974990,-74.023248,52,92.42,1.8613,554
1235198169,Syed,Jafri,MD,neurology,North Bergen,NJ,07047,40.793644,-74.025027,43,81.33,0.8122,355
1235199449,Urmi,Das,MD,primary-care,Paramus,NJ,07652,40.947299,-74.070169,48,,1.7507,278
1235208794,Marc,Urquhart,MD,orthopedics,Bayonne,NJ,07002,40.662495,-74.110201,33,77.75,1.0461,255
1235211608,Monica,Dhingra,MD,psychiatry,Wyckoff,NJ,07481,40.999093,-74.168849,33,,0.4178,160
1235212879,Stefanos,Pantagis,MD,primary-care,Hackensack,NJ,07601,40.889398,-74.045698,32,94.94,1.1233,684
1235213000,Robert,Rizzo,MD,primary-care,Paterson,NJ,07514,40.924786,-74.144542,40,,1.1771,146
1235221094,Jihad,Moukdad,MD,primary-care,Secaucus,NJ,07094,40.781958,-74.067649,39,,2.0412,424
1235224759,Arlene,Rogachefsky,MD,dermatology,Morristown,NJ,07960,40.779235,-74.502462,30,92.38,1.4813,330
1235225525,Karel,Paul,MD,primary-care,Willingboro,NJ,08046,40.027950,-74.886984,28,81.15,0.8904,283
1235229022,Varsha,Mehta,MD,psychiatry,Hazlet,NJ,07730,40.424164,-74.173732,43,94.17,1.2191,264
1235232497,Chatargy,Kaza,MD,gastroenterology,Phillipsburg,NJ,08865,40.708226,-75.147073,27,97.13,0.8961,706
1235233537,Joseph,Rochford,MD,psychiatry,Hillsborough,NJ,08844,40.497692,-74.670505,57,,1.0713,164
1235236357,Rachel,Altman,MD,dermatology,Livingston,NJ,07039,40.785828,-74.329100,24,100,0.8646,843
1235239013,Swarna,Tammana,DO,primary-care,Flemington,NJ,08822,40.521995,-74.866644,31,,0.8263,166
1235239369,Aida,Capo,MD,pulmonology,Hackensack,NJ,07601,40.889398,-74.045698,38,81.33,1.2699,478
1235242934,Rahul,Shah,MD,orthopedics,Mullica Hill,NJ,08062,39.716095,-75.219267,26,,0.8178,89
1235244609,Michael,Ardito,MD,primary-care,Hoboken,NJ,07030,40.745251,-74.027926,39,95.05,0.7307,488
1235246588,Abaid,Choudry,MD,primary-care,Jersey City,NJ,07306,40.736294,-74.071128,28,,1.4093,102
1235264854,Glenn,Zwerin,MD,primary-care,Long Branch,NJ,07740,40.295372,-73.989899,44,,7.5879,62
1235266867,Richa,Gopal,MD,primary-care,Monroe,NJ,08831,40.334341,-74.432502,25,,1.0364,307
1235286188,Mary,Ludwig-Cilento,DO,primary-care,Toms River,NJ,08753,39.979668,-74.150739,37,80.77,1.5602,249
1235289307,Hemamalini,Dantuluri,MD,primary-care,Edison,NJ,08820,40.576806,-74.365750,29,64.14,0.7749,504
1235295239,Christopher,Doumas,MD,orthopedics,Wall Township,NJ,07753,40.210761,-74.074499,25,75,0.8205,444
1235301706,Kevin,Kavookjian,MD,psychiatry,Princeton Junction,NJ,08550,40.279953,-74.622116,22,,2.3933,59
1235303751,Timothy,Mahoney,MD,cardiology,Morristown,NJ,07960,40.779235,-74.502462,28,,0.7932,2046
1235320870,Hafeza,Shaikh,DO,cardiology,Willingboro,NJ,08046,40.027950,-74.886984,20,81.15,0.3900,1563
1235350075,Joshua,Braun,MD,psychiatry,Morristown,NJ,07960,40.779235,-74.502462,24,,1.0836,147
1235362963,Chidubem,Okafor,DO,psychiatry,Westampton,NJ,08060,40.010005,-74.792207,17,,0.2966,105
1235376864,Saurabh,Kapoor,MD,cardiology,Englewood,NJ,07631,40.891197,-73.972515,22,98.51,1.5389,103
1235380767,Vrishali,Patil,MD,primary-care,Livingston,NJ,07039,40.785828,-74.329100,23,87.07,1.3096,301
1235384405,Joan,Wiley,DO,pulmonology,Turnersville,NJ,08012,39.783815,-75.056068,18,,1.0269,260
1235386574,Marina,Strizhevsky,DO,endocrinology,Clifton,NJ,07011,40.880427,-74.143246,24,,1.1941,291
1235391038,Jonathan,Tardos,MD,cardiology,Linden,NJ,07036,40.624711,-74.239362,19,,1.1428,4235
1235397373,Prathila,Nair,MD,psychiatry,Paramus,NJ,07652,40.947299,-74.070169,25,,0.6389,171
1235399288,Diana,Chan,MD,primary-care,Union,NJ,07083,40.695266,-74.269078,18,,0.5532,249
1235402967,Muhammad,Ijaz,MD,primary-care,Clifton,NJ,07013,40.869405,-74.173062,15,,2.2039,1149
1235404450,Roman,Groisberg,MD,oncology,New Brunswick,NJ,08901,40.483638,-74.442460,14,88.4,0.5895,22
1235405499,Yvonne,Dansoa,DO,oncology,Sewell,NJ,08080,39.757353,-75.122043,14,,0.3487,175
1235417494,Rehan,Malik,MD,psychiatry,Clifton,NJ,07013,40.869405,-74.173062,19,98.51,1.0760,383
1235418468,Apurva,Gandhi,MD,pulmonology,Cherry Hill,NJ,08002,39.934605,-75.025389,19,91.83,0.5849,673
1235421033,Justine,Spisak-Mosher,DO,neurology,Marlton,NJ,08053,39.856677,-74.900810,15,81.15,0.9940,163
1235423807,Nitin,Behl,MD,primary-care,Northfield,NJ,08225,39.358340,-74.536312,23,,1.3270,774
1235426263,Patrick,Michael,MD,primary-care,Paterson,NJ,07503,40.897548,-74.154121,16,,1.4144,114
1235426347,Dani,Korya,MD,neurology,Elmwood Park,NJ,07407,40.904526,-74.119514,16,,3.2585,577
1235445198,Aparna,Raote,MD,psychiatry,Jersey City,NJ,07302,40.718808,-74.044634,25,98.51,0.3687,99
1235450263,Sudarshan,Velpari,MD,primary-care,East Brunswick,NJ,08816,40.429119,-74.416287,17,,1.6466,295
1235462128,Nandini,Ignatius,MD,oncology,Robbinsville,NJ,08691,40.208319,-74.600928,26,100,4.3988,635
1235471624,Kathryn,Waksmundzki-Silva,MD,pulmonology,Cedar Knolls,NJ,07927,40.823725,-74.456354,13,,0.8277,732
1235494923,Bertrand,Parcells,MD,orthopedics,Ocean,NJ,07712,40.246895,-74.054502,14,,1.2524,642
1235498064,Brandis,Belt,MD,primary-care,Somerville,NJ,08876,40.589554,-74.685411,14,,0.5801,126
1235505595,Divya,Shanbhogue,MD,primary-care,Teaneck,NJ,07666,40.890317,-74.011478,17,,1.0349,333
1235525718,Garret,Sobol,MD,orthopedics,Freehold,NJ,07728,40.225793,-74.285785,11,75,0.7586,327
1235550195,Robert,Cole,MD,primary-care,Camden,NJ,08103,39.935202,-75.112703,15,91.83,0.5931,235
1235558362,Jose,Canseco,MD,orthopedics,Marlton,NJ,08053,39.856677,-74.900810,12,92.57,2.0659,123
1235577206,Melissa,Mauro,MD,primary-care,Flemington,NJ,08822,40.521995,-74.866644,18,,0.5942,137
1235621178,Samuel,Sauerwein,MD,cardiology,Moorestown,NJ,08057,39.979658,-74.941308,8,81.15,0.4186,342
1235623752,Caroline,Parpas,MD,primary-care,Englewood,NJ,07631,40.891197,-73.972515,9,96.09,1.3801,189
1235623810,Pamela,Fazio,DO,cardiology,Moorestown,NJ,08057,39.979658,-74.941308,8,81.15,0.5465,379
1235634767,Douglas,Atmatzidis,MD,dermatology,Morristown,NJ,07960,40.779235,-74.502462,8,94.26,1.5877,225
1235636028,Stefan,Mathews,MD,primary-care,Moorestown,NJ,08057,39.979658,-74.941308,8,,0.7950,299
1235636788,Nicole,Kuhar,DO,primary-care,Hammonton,NJ,08037,39.631681,-74.773893,8,,0.8139,263
1235645821,Anthony,Diaz,MD,primary-care,Montclair,NJ,07042,40.813487,-74.219011,10,26.17,0.5513,731
1235652652,Ambreen Fatima,Ali,MD,cardiology,Hackensack,NJ,07601,40.889398,-74.045698,12,81.33,0.4917,62
1235661299,Aristea,Sideri Gugger,MD,endocrinology,Summit,NJ,07901,40.714923,-74.366372,17,,0.9572,128
1235661349,Long,Wang,MD,primary-care,Wayne,NJ,07470,40.945855,-74.245077,9,,0.7355,302
1235711946,Abdullah,Panah,DO,primary-care,Hammonton,NJ,08037,39.631681,-74.773893,5,,0.5748,53
1235758475,Catherine,Guariglia,MD,primary-care,Haddon Heights,NJ,08035,39.879127,-75.065918,6,,0.4428,45
1235768284,Srijana,Poudel,MD,primary-care,Montclair,NJ,07042,40.813487,-74.219011,12,,0.9680,424
1235781972,Paul,Jang,DO,primary-care,Cherry Hill,NJ,08002,39.934605,-75.025389,7,,0.7326,457
1245205145,Sunanda,Krishna,MD,primary-care,Toms River,NJ,08757,39.960591,-74.260843,34,,0.7486,395
1245205558,Bart,De Gregorio,MD,cardiology,Glen Ridge,NJ,07028,40.804798,-74.204569,47,96.09,0.7774,575
1245207901,Jenny,Stone,DO,psychiatry,Newton,NJ,07860,41.057287,-74.802737,32,,7.3928,16
1245209642,Joseph,Morandi,DO,primary-care,Bernardsville,NJ,07924,40.725770,-74.591213,32,,4.6642,183
1245211705,Stephen,Swartz,MD,primary-care,Red Bank,NJ,07701,40.360509,-74.078952,43,,1.7648,443
1245219989,David,Lawrence,MD,cardiology,Cherry Hill,NJ,08034,39.906100,-75.000375,29,81.15,0.3943,3188
1245224039,Rajen,Udani,MD,pulmonology,Cape May Court House,NJ,08210,39.119187,-74.823188,48,,1.2284,487
1245226794,Julius,Gardin,MD,cardiology,Newark,NJ,07103,40.738852,-74.195264,54,,0.5146,228
1245228295,Michael,Scola,MD,oncology,Morristown,NJ,07960,40.779235,-74.502462,33,,0.7798,627
1245228451,Anthony,Cifelli,MD,primary-care,Morris Plains,NJ,07950,40.846026,-74.482314,45,,0.7074,623
1245229913,Annabelle,Dimapilis,MD,primary-care,Delran,NJ,08075,40.029676,-74.948997,38,,0.4069,287
1245233543,Richard,Bezozo,MD,primary-care,Linden,NJ,07036,40.624711,-74.239362,43,,1.4415,316
1245233899,Robert,More,MD,orthopedics,Flemington,NJ,08822,40.521995,-74.866644,43,89.99,1.3013,365
1245235050,Sanjiv,Sobti,MD,cardiology,Toms River,NJ,08755,40.008534,-74.221768,44,98.51,0.4808,1093
1245235126,Srinivas,Mendu,MD,primary-care,Haddonfield,NJ,08033,39.892421,-75.036651,35,,1.2181,107
1245235399,Daniela,Baldi,MD,primary-care,Tinton Falls,NJ,07724,40.298625,-74.074178,35,,0.5931,276
1245238294,Diana,Trusky,MD,dermatology,Red Bank,NJ,07701,40.360509,-74.078952,51,,2.0669,436
1245242510,Gautam,Desai,MD,primary-care,Eatontown,NJ,07724,40.298625,-74.074178,35,98.51,1.2139,253
1245244987,Richard,Berardi,DO,primary-care,Berkeley Hgts,NJ,07922,40.676590,-74.427022,36,,1.2837,215
1245245109,Renato,Alberto,MD,primary-care,Toms River,NJ,08755,40.008534,-74.221768,55,,7.9487,169
1245246982,Nidhi,Agrawal,MD,primary-care,Cherry Hill,NJ,08002,39.934605,-75.025389,29,,0.4075,182
1245251891,Robert,Bock,MD,primary-care,Newfoundland,NJ,07435,41.040778,-74.441910,31,,1.6269,644
1245253442,Teofilo,Dauhajre,MD,orthopedics,Guttenberg,NJ,07093,40.786704,-74.008909,45,,0.8535,24
1245263771,George,Nghiem,DO,primary-care,Cherry Hill,NJ,08002,39.934605,-75.025389,34,,0.8585,262
1245268077,Marc,Scheiner,MD,cardiology,East Brunswick,NJ,08816,40.429119,-74.416287,33,98.51,1.2993,968
1245281773,Joseph,Hyon,DO,primary-care,Westwood,NJ,07675,41.003484,-74.001753,35,,1.8405,490
1245282995,Gregg,Fortino,MD,cardiology,Haddon Heights,NJ,08035,39.879127,-75.065918,39,90.34,1.2971,1867
1245283563,Jon,Green,MD,gastroenterology,West Orange,NJ,07052,40.785755,-74.265058,52,85.15,0.9556,155
1245284074,Vincent,Tran,MD,primary-care,Fort Lee,NJ,07024,40.850640,-73.971007,25,71.15,0.6775,362
1245291277,Melchiorre,Russo,MD,primary-care,Clifton,NJ,07013,40.869405,-74.173062,41,94.94,4.5057,333
1245291996,Nausher,Ahmad,MD,primary-care,Edison,NJ,08820,40.576806,-74.365750,25,96.83,2.0343,205
1245296169,Lisa,Dructor,DO,primary-care,Voorhees,NJ,08043,39.848570,-74.952843,30,,0.9660,730
1245296243,Kenneth,Glazier,MD,gastroenterology,Toms River,NJ,08755,40.008534,-74.221768,31,98.3,0.9484,807
1245308402,Patrick,Demare,MD,primary-care,Lincoln Park,NJ,07035,40.927501,-74.308334,52,,1.4348,56
1245313527,Gilda,Ganzon-Zampino,MD,primary-care,Turnersville,NJ,08012,39.783815,-75.056068,43,,1.0935,180
1245314509,Hitendra,Patel,MD,psychiatry,Elizabeth,NJ,07201,40.671272,-74.177358,30,98.51,1.1480,324
1245314806,Charles,Asta,MD,neurology,Ramsey,NJ,07446,41.059136,-74.145931,29,96.09,2.3422,264
1245314913,Archana,Patel,MD,cardiology,New Brunswick,NJ,08901,40.483638,-74.442460,41,,1.0878,568
1245322866,Antero,Gonzales,MD,primary-care,Freehold,NJ,07728,40.225793,-74.285785,45,,1.0422,199
1245324334,Rose Mary,Fair Covely,DO,endocrinology,Voorhees,NJ,08043,39.848570,-74.952843,35,81.15,0.7092,412
1245324581,Saturnino,Herrera,MD,primary-care,Hoboken,NJ,07030,40.745251,-74.027926,48,,0.6143,91
1245330950,Thomas,Jackson,MD,primary-care,Summit,NJ,07901,40.714923,-74.366372,45,,1.7927,292
1245334721,Zaza,Cohen,MD,pulmonology,Montclair,NJ,07042,40.813487,-74.219011,29,53.67,1.7753,267
1245344886,Sushama,Srivastava,MD,primary-care,Newark,NJ,07112,40.711391,-74.211683,44,,0.9124,100
1245349638,Muhammad,Abbasi,MD,oncology,Morristown,NJ,07960,40.779235,-74.502462,36,73.51,15.0859,490
1245368554,Riva,Kaynan,MD,primary-care,Totowa,NJ,07512,40.903415,-74.219779,31,,0.5234,48
1245370352,Joseph,Lutz,MD,primary-care,Basking Ridge,NJ,07920,40.682268,-74.554143,33,,2.9135,174
1245379387,Frank,Coppolino,MD,pulmonology,Freehold,NJ,07728,40.225793,-74.285785,41,,0.6555,1018
1245387554,Franklin,Chen,MD,orthopedics,Edison,NJ,08837,40.514281,-74.343859,36,36.72,0.9282,446
1245394436,Margaret,Engel,MD,primary-care,Bayonne,NJ,07002,40.662495,-74.110201,43,,3.8607,35
1245400712,Rima,Atiah,MD,primary-care,Voorhees,NJ,08043,39.848570,-74.952843,23,81.15,0.4477,175
1245423854,Patrick,Mcmahon,MD,dermatology,Marlton,NJ,08053,39.856677,-74.900810,21,94.35,0.5851,67
1245437052,Christina,Finamore,MD,dermatology,Red Bank,NJ,07701,40.360509,-74.078952,22,82.52,0.8641,337
1245455799,Sameer,Jamal,MD,cardiology,Hackensack,NJ,07601,40.889398,-74.045698,21,96.09,0.5850,889
1245463520,Alan,Ghaly,DO,cardiology,Browns Mills,NJ,08015,39.931536,-74.543720,17,84.95,1.3673,711
1245464379,Darren,Andrade,MD,gastroenterology,Princeton,NJ,08540,40.364728,-74.656314,17,98.3,1.0347,224
1245472208,Shirin,Hastings,MD,primary-care,New Brunswick,NJ,08901,40.483638,-74.442460,17,98.51,0.8636,213
1245505601,Ori,Rackovsky,MD,primary-care,Woodland Park,NJ,07424,40.882319,-74.205876,14,82.72,0.9414,211
1245525294,Ismar,Dizdarevic,MD,orthopedics,Ridgewood,NJ,07450,40.981591,-74.113506,15,75,1.3503,659
1245528629,Faisal,Nagarwala,MD,primary-care,Clifton,NJ,07013,40.869405,-74.173062,24,,0.6458,3489
1245531680,Manar,Al Asad,MD,pulmonology,Westwood,NJ,07675,41.003484,-74.001753,25,72.77,3.2197,453
1245546142,Matthew,Terranova,DO,primary-care,East Brunswick,NJ,08816,40.429119,-74.416287,18,,0.7022,901
1245578632,Muhammad,Pervez,MD,primary-care,Willingboro,NJ,08046,40.027950,-74.886984,24,,0.6082,404
1245590231,Michael,Genereux,DO,primary-care,Berkeley Heights,NJ,07922,40.676590,-74.427022,14,,1.3797,231
1245595149,Aatish,Garg,MD,cardiology,Cherry Hill,NJ,08034,39.906100,-75.000375,15,81.15,0.9029,1696
1245614692,Kevin,Hosein,MD,cardiology,Fair Lawn,NJ,07410,40.935830,-74.117505,11,96.09,1.4376,698
1245626670,Neal,Carlin,MD,gastroenterology,Fort Lee,NJ,07024,40.850640,-73.971007,15,,0.6715,213
1245632058,Michael,Taylor,MD,primary-care,Haddon Heights,NJ,08035,39.879127,-75.065918,14,99.52,1.1516,422
1245662766,Jonathan,Pinto,MD,gastroenterology,Hoboken,NJ,07030,40.745251,-74.027926,15,95.05,0.9114,529
1245724038,Yin,Chi,DO,primary-care,Flemington,NJ,08822,40.521995,-74.866644,9,,0.7500,200
1245727841,Alberto,Batarseh,MD,cardiology,Morristown,NJ,07960,40.779235,-74.502462,8,,1.0680,252
1245763275,Jonathan,Glatt,MD,pulmonology,Summit,NJ,07901,40.714923,-74.366372,9,,0.8171,647
1245764232,Aissata,Diawara,MD,neurology,Sewell,NJ,08080,39.757353,-75.122043,10,81.15,0.7410,426
1245769942,Jessyca,Campos,DO,primary-care,Union,NJ,07083,40.695266,-74.269078,9,,1.0104,152
1245818707,Wadah,Akroush,MD,primary-care,East Brunswick,NJ,08816,40.429119,-74.416287,11,,0.9926,220
1245819994,Devin,Toledo,DO,primary-care,Hammonton,NJ,08037,39.631681,-74.773893,5,,0.7642,57
1245868363,Brittany,Baptiste,MD,primary-care,Morristown,NJ,07960,40.779235,-74.502462,6,,1.0536,76
1255300141,Richards,Afonja,MD,oncology,Clifton,NJ,07013,40.869405,-74.173062,42,,1.1987,323
1255300588,Robert,Baklajian,MD,cardiology,Paramus,NJ,07652,40.947299,-74.070169,44,23.47,1.1777,665
1255305686,Russell,Gross,MD,primary-care,Tinton Falls,NJ,07724,40.298625,-74.074178,49,,0.6337,340
1255306296,Michael,Wax,MD,oncology,Berkeley Heights,NJ,07922,40.676590,-74.427022,49,,4.9654,900
1255306775,Zhuping,Chang,MD,primary-care,Plainsboro,NJ,08536,40.333076,-74.586628,37,,1.7597,178
1255311445,Israel,Grossman,MD,oncology,Livingston,NJ,07039,40.785828,-74.329100,33,98.51,0.8633,466
1255311627,Meagan,Vermeulen,MD,primary-care,Sewell,NJ,08080,39.757353,-75.122043,27,,1.1275,92
1255312856,Subhash,Mehta,MD,primary-care,Cape May,NJ,08204,38.971748,-74.916127,56,,3.6620,475
1255314175,Steven,Santangelo,DO,primary-care,Pennsauken,NJ,08109,39.949330,-75.049530,25,,1.1265,216
1255331849,Constantinos,Costeas,MD,cardiology,West Orange,NJ,07052,40.785755,-74.265058,37,98.51,0.4928,2140
1255332177,Vicente,Magsino,MD,primary-care,Whiting,NJ,08759,39.961826,-74.359828,31,,0.9602,423
1255332789,Ghassan,Wardeh,MD,primary-care,Wayne,NJ,07470,40.945855,-74.245077,37,,1.6623,153
1255333043,Gustavo,Delaluz,MD,pulmonology,Manasquan,NJ,08736,40.120018,-74.053257,29,75,0.7125,1287
1255336004,Deborah,Cheung,MD,primary-care,Berkeley Heights,NJ,07922,40.676590,-74.427022,29,,1.1481,383
1255336541,Andrew,Sokel,MD,primary-care,Plainsboro,NJ,08536,40.333076,-74.586628,45,,0.7721,320
1255336830,Patricia,Murphy,MD,cardiology,Hoboken,NJ,07030,40.745251,-74.027926,37,95.05,0.9542,815
1255340345,Lukose,Vadakara,MD,primary-care,Hamilton,NJ,08619,40.242301,-74.696408,36,96.91,1.0571,168
1255344818,Eugene,Demorat,MD,orthopedics,Somers Point,NJ,08244,39.315511,-74.598278,29,,1.0183,400
1255353512,Ritu,Anand,MD,endocrinology,Edison,NJ,08820,40.576806,-74.365750,30,85.15,0.5762,359
1255354726,Sunil,Patel,MD,cardiology,Maplewood,NJ,07040,40.733607,-74.271159,30,100,7.7759,214
1255355400,Robert,Malovany,MD,primary-care,Englewood,NJ,07631,40.891197,-73.972515,56,,0.7890,221
1255357349,Beverly,Cornel-Avendano,MD,gastroenterology,Hazlet,NJ,07730,40.424164,-74.173732,44,75,1.4298,218
1255358602,Andro,Zangaladze,MD,neurology,Cherry Hill,NJ,08002,39.934605,-75.025389,33,,0.7622,456
1255360020,Srinivas,Pavuluri,MD,neurology,Hazlet,NJ,07730,40.424164,-74.173732,38,97.28,1.2745,312
1255362463,Machteld,Hillen,MD,neurology,Newark,NJ,07103,40.738852,-74.195264,31,,0.5362,121
1255362604,Edward,Choi,MD,cardiology,Neptune,NJ,07753,40.210761,-74.074499,28,80.88,1.9285,1480
1255363701,Carol,Sgambelluri,MD,primary-care,Green Brook,NJ,08812,40.598731,-74.478793,38,,1.5319,267
1255363719,Renukamba,Gubbi,MD,primary-care,New Brunswick,NJ,08901,40.483638,-74.442460,33,,1.1641,417
1255365912,Carlos,Del Alcazar,MD,primary-care,Old Bridge,NJ,08857,40.392789,-74.330397,44,,0.7659,306
1255369369,Lance,Neveling,DO,primary-care,Collingswood,NJ,08108,39.915048,-75.062244,28,92.67,1.5215,496
1255372892,Anil,Sharma,MD,primary-care,Toms River,NJ,08757,39.960591,-74.260843,40,97.16,1.8013,390
1255378360,Edward,Lundy,DO,primary-care,Gloucester City,NJ,08030,39.889564,-75.118494,49,,2.4299,137
1255384897,Andrey,Espinoza,MD,cardiology,Flemington,NJ,08822,40.521995,-74.866644,29,22.08,5.3557,827
1255385233,Vedat,Obuz,MD,primary-care,Trenton,NJ,08638,40.254018,-74.763385,38,,1.2445,160
1255385845,Tatjana,Sljapic,MD,cardiology,Brick,NJ,08723,40.038584,-74.111600,34,,1.7222,901
1255386850,Cornelio,Porras,MD,primary-care,Berkeley Heights,NJ,07922,40.676590,-74.427022,39,,0.8568,470
1255390944,Gladwyn,Baptist,MD,cardiology,Haddon Heights,NJ,08035,39.879127,-75.065918,50,92.6,0.3977,697
1255399408,Conrado,Boja,MD,primary-care,Union City,NJ,07087,40.767224,-74.032429,46,,1.1216,115
1255404927,Sasan,Parangi,MD,primary-care,Paramus,NJ,07652,40.947299,-74.070169,36,,2.5051,192
1255406443,Brenda,Wu,MD,neurology,New Brunswick,NJ,08901,40.483638,-74.442460,36,,3.7888,274
1255420667,Katherine,Penberthy,MD,primary-care,Haddon Heights,NJ,08035,39.879127,-75.065918,25,99.52,0.9222,144
1255430179,John,Lopez,MD,primary-care,Hazlet,NJ,07730,40.424164,-74.173732,30,,0.4781,79
1255434312,Manal,Sous,MD,psychiatry,Wyckoff,NJ,07481,40.999093,-74.168849,38,,0.5812,67
1255437182,Elizabeth,Siegert,MD,primary-care,Gloucester City,NJ,08030,39.889564,-75.118494,39,91.83,1.5015,71
1255437794,Keerti,Sharma,MD,primary-care,Morristown,NJ,07960,40.779235,-74.502462,33,,0.7588,397
1255440962,Rini,Palathingal,MD,oncology,Jersey City,NJ,07306,40.736294,-74.071128,37,96.09,1.1713,248
1255444329,Priya,Sai,MD,primary-care,Tinton Falls,NJ,07724,40.298625,-74.074178,27,,0.6826,529
1255444394,Beata,Pieczara,MD,oncology,Pompton Plains,NJ,07444,40.967407,-74.306967,33,80.53,12.4984,410
1255447975,Rajesh,Dev,MD,endocrinology,New Brunswick,NJ,08901,40.483638,-74.442460,25,,0.8794,290
1255452132,Lawrence,Shoner,MD,primary-care,Jackson,NJ,08527,40.108665,-74.358602,45,,1.2890,242
1255457552,Jenny Lynn,Cook,DO,primary-care,Turnersville,NJ,08012,39.783815,-75.056068,31,,0.7743,242
1255459475,Ella,Friedman,MD,psychiatry,Bound Brook,NJ,08805,40.570639,-74.537551,47,,0.6010,23
1255460382,Ira,Weisband,DO,orthopedics,Cherry Hill,NJ,08002,39.934605,-75.025389,55,73.54,0.6100,30
1255469904,Timothy,Simpson,MD,cardiology,Hackensack,NJ,07601,40.889398,-74.045698,38,81.33,0.8406,1044
1255469938,Galen,Centeno,MD,primary-care,Old Bridge,NJ,08857,40.392789,-74.330397,40,96.09,0.5739,104
1255482022,Paul,Arias,MD,primary-care,Newark,NJ,07105,40.723066,-74.138636,39,,1.2906,196
1255495123,Chandrika,Nadipuram,MD,psychiatry,Matawan,NJ,07747,40.413250,-74.257674,47,,0.8496,54
1255495495,Joanne,Mazzarelli,MD,primary-care,Voorhees,NJ,08043,39.848570,-74.952843,21,91.83,0.5442,401
1255499109,Beena,Jani,MD,primary-care,Berkeley Heights,NJ,07922,40.676590,-74.427022,26,,1.7588,156
1255503793,Christian,Dort,MD,primary-care,Red Bank,NJ,07701,40.360509,-74.078952,20,,0.3455,162
1255515292,Navtej,Brar,DO,cardiology,Phillipsburg,NJ,08865,40.708226,-75.147073,22,,0.8821,1580
1255518205,Alfredo,Masullo,MD,dermatology,Hackensack,NJ,07601,40.889398,-74.045698,51,,0.6087,83
1255521753,Tianzhong,Yang,MD,primary-care,Montclair,NJ,07042,40.813487,-74.219011,38,,2.1968,390
1255534673,Maria,Vila,DO,primary-care,Cedar Grove,NJ,07009,40.858017,-74.229784,22,,1.8451,18
1255542486,Michael,Russonella,DO,orthopedics,Clifton,NJ,07012,40.846899,-74.160537,30,,1.3905,61
1255582680,Odessa,Hoinkis,MD,primary-care,Oradell,NJ,07649,40.956653,-74.032862,23,,2.8004,610
1255587366,Michael,Silverstein,MD,neurology,Hackensack,NJ,07601,40.889398,-74.045698,22,84.39,1.6566,665
1255589461,Yuli,Fradkin,MD,psychiatry,Montclair,NJ,07042,40.813487,-74.219011,32,,2.6673,38
1255610507,Raffaella,Kalishman,MD,primary-care,Pompton Plains,NJ,07444,40.967407,-74.306967,17,96.09,0.9007,151
1255621447,Hemal,Bhatt,MD,cardiology,Cherry Hill,NJ,08034,39.906100,-75.000375,15,81.15,1.7320,186
1255624896,Carlos,Sanchez,DO,primary-care,Rahway,NJ,07065,40.607152,-74.280531,16,,0.7159,626
1255628707,Joseph,Melograno,DO,primary-care,Morristown,NJ,07960,40.779235,-74.502462,15,,0.7329,115
1255629424,Karen,Dong,MD,primary-care,Voorhees,NJ,08043,39.848570,-74.952843,15,,1.1725,152
1255641163,Gurpreet,Sidhu,MD,cardiology,Chester,NJ,07930,40.781309,-74.683590,19,87.16,2.4452,435
1255651873,Sandra,Gibiezaite,MD,endocrinology,Paterson,NJ,07503,40.897548,-74.154121,24,,0.7707,156
1255652988,Ferhana,Nadeem,MD,psychiatry,Paramus,NJ,07652,40.947299,-74.070169,24,,0.5848,133
1255654752,Tamer,Wassef,MD,psychiatry,East Orange,NJ,07018,40.755733,-74.217917,25,,2.1891,94
1255656344,Fumitaka,Hayashi,MD,psychiatry,Wayne,NJ,07470,40.945855,-74.245077,16,,0.6058,312
1255659835,Manan,Pandya,MD,primary-care,Monroe Township,NJ,08831,40.334341,-74.432502,16,,0.5651,529
1255659868,Mayank,Lahoti,DO,gastroenterology,Lumberton,NJ,08048,39.953850,-74.803026,16,95.33,0.8844,443
1255688925,Victor,Peng,MD,primary-care,Flemington,NJ,08822,40.521995,-74.866644,17,,0.6919,290
1255691135,Trishala,Meghal,MD,oncology,Livingston,NJ,07039,40.785828,-74.329100,24,98.51,0.7248,479
1255691234,Manasa,Ayyala,MD,primary-care,Newark,NJ,07103,40.738852,-74.195264,14,,0.7889,39
1255694402,Ameet,Doshi,MD,primary-care,Kearny,NJ,07032,40.752332,-74.123093,14,,1.4134,154
1255699302,Robert,Borzio,MD,orthopedics,Red Bank,NJ,07701,40.360509,-74.078952,14,69.28,1.0202,609
1255713095,Yan Mei,Luo,MD,primary-care,Madison,NJ,07940,40.760535,-74.419480,12,,0.7596,260
1255726022,Natalia,Levytska,MD,primary-care,Wayne,NJ,07470,40.945855,-74.245077,11,,1.0852,152
1255748547,Sahitya,Posimreddy,MD,cardiology,Paterson,NJ,07503,40.897548,-74.154121,15,96.09,0.9766,429
1255751723,Aadya,Sharma,MD,primary-care,Rockaway,NJ,07866,40.954988,-74.488031,14,,0.8025,148
1255758306,Ada,Davidoff,MD,primary-care,Morristown,NJ,07960,40.779235,-74.502462,12,,0.6361,239
1255780599,Niharika,Sathe,MD,primary-care,Camden,NJ,08103,39.935202,-75.112703,10,99.52,0.6448,114
1255781548,Priya,Sahay,MD,endocrinology,Toms River,NJ,08755,40.008534,-74.221768,10,,0.9525,308
1255782140,Evan,Carabelli,MD,cardiology,Cherry Hill,NJ,08034,39.906100,-75.000375,10,91.83,0.6559,703
1255795365,Christopher,Soriano,MD,gastroenterology,Denville,NJ,07834,40.886460,-74.487584,11,87.16,0.9501,419
1255817649,Leena,Bondili,MD,oncology,Edison,NJ,08820,40.576806,-74.365750,13,81.33,4.2242,81
1255820841,Bethany,Canver,MD,primary-care,Pennsville,NJ,08070,39.619125,-75.516069,8,99.52,0.5841,179
1255823407,Aditi,Patel,DO,primary-care,Bridgewater,NJ,08807,40.592434,-74.618840,8,84.94,0.9465,174
1255834370,Bishoy,Saad,DO,orthopedics,Belleville,NJ,07109,40.793481,-74.161159,8,98.51,0.8781,50
1255835435,Paula,Amin,MD,primary-care,Atlantic City,NJ,08401,39.377337,-74.451070,8,,0.4671,93
1255854717,Vaishali,Patel,MD,primary-care,Camden,NJ,08103,39.935202,-75.112703,9,99.52,0.5308,329
1255855995,Varun,Bhatia,MD,primary-care,Edison,NJ,08820,40.576806,-74.365750,6,75,2.3318,885
1255866000,Andrew,Armanious,MD,cardiology,Pompton Plains,NJ,07444,40.967407,-74.306967,9,,0.8890,1035
1255866406,John,Shin,MD,orthopedics,Livingston,NJ,07039,40.785828,-74.329100,9,98.51,0.6817,240
1255885554,Shashank,Agarwal,MD,neurology,Pompton Plains,NJ,07444,40.967407,-74.306967,16,98.51,0.9468,123
1255891131,Krupa,Gandhi,MD,primary-care,Livingston,NJ,07039,40.785828,-74.329100,7,,0.7309,391
1255892410,Michael,Alvarez,MD,primary-care,Berkeley Heights,NJ,07922,40.676590,-74.427022,7,,1.1731,275
1255907168,Zahra,Beizaeipour,MD,primary-care,Denville,NJ,07834,40.886460,-74.487584,8,,1.5025,14
1255919858,Sahar,Qureshi,DO,primary-care,Lakewood,NJ,08701,40.077069,-74.198510,5,98.51,0.4530,46
1255968202,Christopher,Gebara,MD,primary-care,Camden,NJ,08103,39.935202,-75.112703,6,81.15,0.5568,582
1255969234,Kimberly,Selwood,DO,primary-care,Bridgeton,NJ,08302,39.438613,-75.260646,6,,0.9851,129
1265005953,Mohammad,Abushanab,MD,primary-care,Newark,NJ,07102,40.735659,-74.173605,11,,1.3606,35
1265010367,Tervicine,Noel,MD,primary-care,Lindenwold,NJ,08021,39.806156,-75.000012,5,,0.6562,50
1265015101,Meghan,Mihalik,MD,primary-care,Morristown,NJ,07960,40.779235,-74.502462,5,,0.6282,72
1265095251,Hiran,Patel,MD,primary-care,Branchburg,NJ,08876,40.589554,-74.685411,8,87.07,0.6284,342
1265403935,Jodi,Kaufman,MD,primary-care,Mount Laurel,NJ,08054,39.948992,-74.900247,39,,0.6760,378
1265403984,Randy,Mintz,MD,cardiology,Voorhees,NJ,08043,39.848570,-74.952843,41,81.15,1.2315,281
1265409981,Gerlando,Parisi,MD,primary-care,Long Branch,NJ,07740,40.295372,-73.989899,37,,0.5671,403
1265414312,Joshua,Zimmerman,MD,orthopedics,Hackensack,NJ,07601,40.889398,-74.045698,39,81.33,0.8727,354
1265415798,Sylvester,Hamilton,MD,primary-care,Voorhees,NJ,08043,39.848570,-74.952843,29,81.15,0.7348,178
1265420137,David,Yakobashvili,MD,primary-care,Chester,NJ,07930,40.781309,-74.683590,35,,0.9518,308
1265425342,Michelle,Cajulis,MD,primary-care,Berkeley Heights,NJ,07922,40.676590,-74.427022,28,,1.4649,333
1265427223,Denis,Fitzgerald,MD,oncology,Little Silver,NJ,07739,40.336952,-74.034535,48,80.53,9.6594,1033
1265428874,Deborah,Eisen,MD,pulmonology,Browns Mills,NJ,08015,39.931536,-74.543720,36,84.95,1.3801,756
1265432942,John,Bucek,MD,primary-care,Somerville,NJ,08876,40.589554,-74.685411,33,,0.4237,109
1265434930,Charles,Demarco,MD,orthopedics,Neptune,NJ,07753,40.210761,-74.074499,35,,0.2829,18
1265436638,Joseph,Riggi,DO,primary-care,Atlantic Highlands,NJ,07716,40.402402,-74.036306,28,14.93,1.6369,363
1265441679,Joseph,Cappadona,MD,orthopedics,Berkeley Heights,NJ,07922,40.676590,-74.427022,31,,1.1185,227
1265442875,Babar,Mirza,MD,primary-care,Old Bridge,NJ,08857,40.392789,-74.330397,44,96.09,0.9176,337
1265446405,Muhammad,Abdullah,MD,primary-care,Newark,NJ,07105,40.723066,-74.138636,38,,1.4115,251
1265448237,Francis,Gialanella,MD,primary-care,New Brunswick,NJ,08901,40.483638,-74.442460,31,,0.8249,399
1265449334,Rosaline,Ahkami,MD,dermatology,Woodland Park,NJ,07424,40.882319,-74.205876,32,,0.4702,176
1265460216,Silvia,Cardenas-Crowley,MD,primary-care,New Brunswick,NJ,08901,40.483638,-74.442460,43,98.51,0.8741,27
1265460604,Alexander,Shraga,MD,dermatology,Spotswood,NJ,08884,40.393613,-74.392737,28,,0.8235,467
1265462733,Stephen,Ducey,MD,orthopedics,Nutley,NJ,07110,40.820616,-74.156250,33,,1.2989,370
1265465900,Gilbert,Poon,MD,primary-care,Parsippany,NJ,07054,40.853767,-74.401574,45,,1.8864,533
1265471874,Michael,Robinson,MD,psychiatry,Morristown,NJ,07960,40.779235,-74.502462,47,,1.6016,168
1265472484,Marie,Louis,MD,primary-care,Haddonfield,NJ,08033,39.892421,-75.036651,25,99.52,0.5888,148
1265476576,Rasik,Jivani,MD,primary-care,Cream Ridge,NJ,08514,40.134245,-74.491732,46,22.48,1.0405,310
1265478101,Anthony,Albert-Puleo,MD,primary-care,Medford,NJ,08055,39.862695,-74.822311,43,22.05,1.6939,349
1265482897,Stephen,Koss,MD,orthopedics,Hackettstown,NJ,07840,40.860045,-74.831795,37,89,0.9987,180
1265486294,Dipakkumar,Pandya,MD,neurology,Edison,NJ,08820,40.576806,-74.365750,21,91.25,6.8639,659
1265490072,Madhavi,Pentyala,MD,primary-care,Livingston,NJ,07039,40.785828,-74.329100,27,,2.1973,202
1265495980,Tomasz,Grochowalski,MD,primary-care,Avenel,NJ,07001,40.583961,-74.269704,45,81.33,0.9584,331
1265507461,Nilaya,Bhawsar,DO,neurology,Berkeley Heights,NJ,07922,40.676590,-74.427022,24,,0.9473,475
1265517999,Steve,Paragioudakis,MD,orthopedics,Shrewsbury,NJ,07702,40.326450,-74.057373,28,75,1.0454,287
1265519383,Louis,Amorosa,MD,endocrinology,New Brunswick,NJ,08901,40.483638,-74.442460,57,88.4,0.7087,301
1265523203,Traian,Parvulescu,MD,primary-care,Madison,NJ,07940,40.760535,-74.419480,36,,1.5144,130
1265530091,Dirk,Skinner,MD,neurology,Vineland,NJ,08360,39.492354,-75.003447,47,100,0.8402,456
1265530208,Leah,Schonfield,DO,primary-care,Morristown,NJ,07960,40.779235,-74.502462,38,,1.7681,195
1265531487,Avinash,Gupta,MD,cardiology,Lakewood,NJ,08701,40.077069,-74.198510,46,88.22,1.2097,1437
1265533772,Thomas,Fiest,DO,gastroenterology,Neptune,NJ,07753,40.210761,-74.074499,41,98.3,0.8616,633
1265534820,Suzan,Khalil,MD,primary-care,Green Brook,NJ,08812,40.598731,-74.478793,54,,2.3096,59
1265537773,Ila,Doshi,MD,primary-care,Blackwood,NJ,08012,39.783815,-75.056068,44,,1.4983,47
1265540686,John,Kelly,MD,primary-care,Bloomfield,NJ,07003,40.809141,-74.187142,41,,2.8996,617
1265549042,Randy,Klein,MD,primary-care,Clinton,NJ,08809,40.646036,-74.924609,43,88.2,1.0508,571
1265562862,Yuri,Volk,MD,gastroenterology,Manalapan,NJ,07726,40.286506,-74.342547,38,98.3,1.0466,485
1265569255,Alok,Sharan,MD,orthopedics,Edison,NJ,08820,40.576806,-74.365750,26,,1.3043,104
1265569602,Sneha,Jacob,MD,primary-care,New Brunswick,NJ,08901,40.483638,-74.442460,21,,0.2156,20
1265573166,Timothy,Sass,MD,primary-care,Princeton,NJ,08540,40.364728,-74.656314,42,25.86,2.2544,297
1265574016,Daniel,Goldsmith,MD,primary-care,Trenton,NJ,08638,40.254018,-74.763385,31,,0.7414,84
1265581714,Sofia,Shapiro,MD,primary-care,South Orange,NJ,07079,40.748811,-74.261512,36,,1.6491,167
1265592786,Robert,Gorman,MD,primary-care,Verona,NJ,07044,40.832468,-74.242863,44,,1.1162,501
1265594402,John,Yavorsky,DO,primary-care,Garwood,NJ,07027,40.651331,-74.323152,35,,1.8627,268
1265604565,Jeffrey,Paley,MD,primary-care,Englewood,NJ,07631,40.891197,-73.972515,31,,0.9840,501
1265612949,Arjun,Madhavan,MD,pulmonology,New Brunswick,NJ,08901,40.483638,-74.442460,25,,0.9871,214
1265618920,Aaron,Vanhise,DO,cardiology,Manalapan,NJ,07726,40.286506,-74.342547,21,22.74,0.8341,2055
1265622195,Mohammed,Usman,MD,primary-care,Toms River,NJ,08755,40.008534,-74.221768,25,98.51,1.1086,1030
1265630180,Reyhan,Berkel,MD,primary-care,Paramus,NJ,07652,40.947299,-74.070169,19,43.06,1.6417,362
1265636062,Raymond,Ropiak,MD,orthopedics,Medford,NJ,08055,39.862695,-74.822311,22,81.15,0.6290,645
1265636526,Rakesh,Sahni,MD,cardiology,Bloomfield,NJ,07003,40.809141,-74.187142,45,,2.1220,852
1265665798,Michael,Stabile,MD,primary-care,Hamilton,NJ,08619,40.242301,-74.696408,18,96.91,1.0880,192
1265675516,Samir,Kapadia,MD,gastroenterology,Rahway,NJ,07065,40.607152,-74.280531,17,98.56,0.8111,137
1265677546,Preethi,Dendi,MD,pulmonology,Old Bridge,NJ,08857,40.392789,-74.330397,27,96.09,0.9362,860
1265691471,Satyam,Shah,MD,primary-care,Camden,NJ,08103,39.935202,-75.112703,25,99.52,0.8346,490
1265697528,Jennifer,Roszkowski,DO,primary-care,Cherry Hill,NJ,08002,39.934605,-75.025389,18,,0.9305,207
1265744072,Mary,Tobiasson,DO,primary-care,New Brunswick,NJ,08901,40.483638,-74.442460,19,,1.3719,162
1265773865,Ruchi,Bhatt,DO,oncology,Neptune,NJ,07753,40.210761,-74.074499,13,81.33,0.4522,852
1265775514,Zubair,Khan,DO,psychiatry,Mullica Hill,NJ,08062,39.716095,-75.219267,13,,0.5660,11
1265792444,Rajendrakumar,Patel,MD,primary-care,Somerset,NJ,08873,40.499667,-74.531844,20,,2.2371,1066
1265844872,Adam,Atoot,MD,primary-care,Hackensack,NJ,07601,40.889398,-74.045698,12,85.15,2.6956,212
1265866636,Mark,Weir,MD,pulmonology,Marlton,NJ,08053,39.856677,-74.900810,23,81.15,0.8430,682
1265870299,Forrest,White,MD,dermatology,Bayonne,NJ,07002,40.662495,-74.110201,13,,0.7720,93
1265877161,Sophia,Reid,MD,dermatology,Park Ridge,NJ,07656,41.036183,-74.044293,13,95.7,0.6371,300
1265878185,Arun,Mathew,MD,gastroenterology,Union,NJ,07083,40.695266,-74.269078,13,98.51,1.0153,152
1265922462,Jacqueline,Debenedetto,MD,primary-care,Teaneck,NJ,07666,40.890317,-74.011478,8,90.8,0.8775,526
1265927354,Minal,Patel,DO,neurology,Rockaway,NJ,07866,40.954988,-74.488031,8,,1.4015,90
1265952154,Nermin,Sihly,MD,primary-care,Hoboken,NJ,07030,40.745251,-74.027926,9,95.05,0.5264,61
1265952717,Michelle,Lomotan,MD,primary-care,Edison,NJ,08837,40.514281,-74.343859,9,96.09,0.9872,278
1265954861,Arthur,Kwok,MD,primary-care,Atlantic City,NJ,08401,39.377337,-74.451070,9,,0.7590,309
1265981864,Ishita,Dalal,MD,gastroenterology,New Brunswick,NJ,08901,40.483638,-74.442460,16,,0.8267,239
1265993935,Victoria,Mccarthy,DO,primary-care,Lawrenceville,NJ,08648,40.284490,-74.717487,7,82.51,1.4059,109
1265995286,Mina,Alkomos,MD,primary-care,Passaic,NJ,07055,40.857552,-74.129089,12,,0.5841,27
1275039422,Christa,Mcphee,MD,pulmonology,Marlton,NJ,08053,39.856677,-74.900810,8,,0.7508,326
1275055758,Hafiz,Naeem,MD,primary-care,Edison,NJ,08820,40.576806,-74.365750,14,89.66,0.6839,404
1275060949,Bisrat,Nigussie,MD,primary-care,Newark,NJ,07112,40.711391,-74.211683,10,,0.2970,32
1275094112,Yunyoung,Kim,MD,primary-care,Hackensack,NJ,07601,40.889398,-74.045698,7,81.33,1.0294,205
1275095168,Alex,Chen,MD,neurology,Bayonne,NJ,07002,40.662495,-74.110201,7,98.51,0.3986,49
1275112138,Michael,Salierno,MD,primary-care,West Orange,NJ,07052,40.785755,-74.265058,5,,0.5360,154
1275160749,Miah,Brawley,MD,primary-care,Trenton,NJ,08638,40.254018,-74.763385,6,,0.5477,477
1275161283,Gabrielle,Lobue,MD,primary-care,Lodi,NJ,07644,40.877915,-74.082500,6,96.09,0.5996,170
1275162422,Timothy,Ripley,DO,psychiatry,Manahawkin,NJ,08050,39.712132,-74.231888,6,,0.5086,78
1275188948,Syed,Ammar,MD,psychiatry,Little Egg Harbor Twp,NJ,08087,39.603959,-74.382181,8,,1.0759,49
1275190571,Richard,Wolfe,MD,primary-care,Mullica Hill,NJ,08062,39.716095,-75.219267,7,99.52,0.5299,291
1275196982,Bracha,Robinson,MD,primary-care,Montclair,NJ,07042,40.813487,-74.219011,7,87.07,1.0444,432
1275500852,David,Rosvold,MD,cardiology,Lawrenceville,NJ,08648,40.284490,-74.717487,42,,0.8102,654
1275508392,Christopher,Wong,MD,primary-care,East Windsor,NJ,08520,40.255800,-74.539882,36,,0.7851,297
1275512840,Robert,Rosen,DO,dermatology,Toms River,NJ,08755,40.008534,-74.221768,40,75,1.1850,1547
1275521361,John,Smith,MD,oncology,Phillipsburg,NJ,08865,40.708226,-75.147073,39,97.13,0.4194,489
1275527707,Barry,Cohen,MD,cardiology,Morristown,NJ,07960,40.779235,-74.502462,46,,0.7546,960
1275528143,Christopher,Okechukwu,MD,primary-care,Newton,NJ,07860,41.057287,-74.802737,38,,0.4830,798
1275528564,Joseph,Aloise,DO,primary-care,Bayonne,NJ,07002,40.662495,-74.110201,39,85.15,0.4520,228
1275533440,Michael,Rosenberg,MD,neurology,Edison,NJ,08820,40.576806,-74.365750,50,81.33,0.3804,99
1275534174,Adam,Goldfarb,MD,primary-care,Hackensack,NJ,07601,40.889398,-74.045698,34,,6.0923,563
1275534323,Edward,Dimitry,MD,pulmonology,Rockaway,NJ,07866,40.954988,-74.488031,38,,0.8494,930
1275535064,Jeffrey,Crawford,DO,cardiology,Audubon,NJ,08106,39.890992,-75.073329,43,24.49,3.1982,309
1275535379,Anthony,Delfico,MD,orthopedics,Ridgewood,NJ,07450,40.981591,-74.113506,34,75,1.3877,385
1275540106,Kevin,Gilmour,DO,pulmonology,Hammonton,NJ,08037,39.631681,-74.773893,40,41.04,1.1039,744
1275543027,Padmaja,Isukapalli,MD,primary-care,Colonia,NJ,07067,40.589328,-74.311417,32,,1.8528,127
1275550915,Rakesh,Passi,MD,cardiology,Edison,NJ,08820,40.576806,-74.365750,47,81.33,1.7468,997
1275551947,David,Roeltgen,MD,neurology,Camden,NJ,08103,39.935202,-75.112703,50,78.15,0.6501,108
1275559700,Kenneth,Rieger,MD,orthopedics,Chatham,NJ,07928,40.724971,-74.415086,25,70.01,0.8354,232
1275559718,Neil,Goyal,MD,cardiology,Berkeley Heights,NJ,07922,40.676590,-74.427022,27,,1.1048,1096
1275562811,Suketu,Nanavati,MD,cardiology,Cape May Court House,NJ,08210,39.119187,-74.823188,58,,2.5084,192
1275563934,Rebecca,Varghese,MD,primary-care,Montvale,NJ,07645,41.054594,-74.047298,38,87.93,0.6533,441
1275565475,Cindy,Barter,MD,primary-care,Lambertville,NJ,08530,40.370020,-74.910161,36,,0.4041,200
1275567356,Pierre,Yankovitch,MD,primary-care,Somers Point,NJ,08244,39.315511,-74.598278,39,52.22,0.7616,400
1275567810,Sherif,Latef,MD,primary-care,Jersey City,NJ,07306,40.736294,-74.071128,29,,2.5345,100
1275568446,Stephen,Kocaj,MD,orthopedics,Berkeley Heights,NJ,07922,40.676590,-74.427022,26,,1.3078,441
1275570335,Nina,Logvinenko,MD,primary-care,Fair Lawn,NJ,07410,40.935830,-74.117505,45,,3.1242,293
1275570509,Yasir,Ahmad,MD,psychiatry,Paramus,NJ,07652,40.947299,-74.070169,26,81.33,2.5756,263
1275571515,Tunku,Abubakar,MD,psychiatry,Princeton,NJ,08540,40.364728,-74.656314,39,,0.3614,31
1275573321,Syed,Rizvi,MD,endocrinology,Hamilton,NJ,08690,40.225833,-74.660096,40,23.2,1.4573,199
1275576910,John,Kripsak,DO,primary-care,Bridgewater,NJ,08807,40.592434,-74.618840,39,98.51,1.2173,360
1275578262,Eric,Siegel,MD,dermatology,Livingston,NJ,07039,40.785828,-74.329100,33,100,0.7792,1255
1275579138,David,Rodricks,MD,orthopedics,Brick,NJ,08724,40.091032,-74.114395,28,75,1.1408,1091
1275583379,Gerald,Ferencz,MD,neurology,Toms River,NJ,08755,40.008534,-74.221768,46,98.51,0.5284,301
1275584526,Glen,Bradish,MD,orthopedics,Newton,NJ,07860,41.057287,-74.802737,31,78.05,0.9803,631
1275585846,Vijayendra,Verma,MD,cardiology,Haddon Heights,NJ,08035,39.879127,-75.065918,27,90.34,3.7668,961
1275589202,Ramakrishna,Gudapati,MD,psychiatry,Paramus,NJ,07652,40.947299,-74.070169,22,,2.5761,42
1275596389,Lawrence,Blitz,MD,cardiology,Morristown,NJ,07960,40.779235,-74.502462,36,,0.4389,3094
1275606410,Rany,Saleh,DO,cardiology,Linden,NJ,07036,40.624711,-74.239362,24,,4.4991,83
1275607897,Indu,Gopal,MD,primary-care,Freehold,NJ,07728,40.225793,-74.285785,50,,1.1161,213
1275609885,Francis,Bauer,MD,primary-care,Woodland Park,NJ,07424,40.882319,-74.205876,48,,0.8572,157
1275620650,Smitha,Gubbi,MD,primary-care,Morristown,NJ,07960,40.779235,-74.502462,29,,1.8460,391
1275622540,David,Fischler,MD,pulmonology,East Brunswick,NJ,08816,40.429119,-74.416287,28,98.51,1.1143,836
1275624256,Frank,Victor,MD,dermatology,Manasquan,NJ,08736,40.120018,-74.053257,23,95.58,1.1980,1251
1275625246,Sylvie,Khorenian,MD,dermatology,Englewood Cliffs,NJ,07632,40.884634,-73.944654,35,,0.8746,410
1275629404,Lauren,Cooper,MD,dermatology,Morristown,NJ,07960,40.779235,-74.502462,42,92.38,0.8657,923
1275635070,Ashraf,Faltas,MD,primary-care,Cliffside Park,NJ,07010,40.822052,-73.987938,35,,1.3957,40
1275635849,Siddharth,Kapoor,MD,neurology,Edison,NJ,08820,40.576806,-74.365750,29,85.77,0.4063,74
1275636060,George,Leber,MD,cardiology,Harrington Park,NJ,07640,40.991681,-73.980202,50,96.09,1.0434,989
1275640187,Alvin,Schmidt,MD,primary-care,Livingston,NJ,07039,40.785828,-74.329100,48,,0.5354,796
1275673907,Chika,Kuwama,MD,primary-care,Edgewater,NJ,07020,40.824650,-73.973793,37,60.12,0.5608,22
1275713042,Liesl,Miles,MD,primary-care,Woodbury,NJ,08096,39.829402,-75.129032,17,,0.5443,164
1275723736,Leon,Oneill,DO,cardiology,Eatontown,NJ,07724,40.298625,-74.074178,21,,1.0021,1453
1275726697,Gail,Porat,MD,gastroenterology,Marlton,NJ,08053,39.856677,-74.900810,22,,0.8899,512
1275730053,Sujatha,Muppala,MD,primary-care,Edison,NJ,08817,40.514655,-74.393104,17,,1.1527,70
1275730871,Mona,Walimbe,MD,endocrinology,Morristown,NJ,07960,40.779235,-74.502462,19,,0.7263,334
1275731986,Anthony,Wehbe,DO,primary-care,Deptford,NJ,08096,39.829402,-75.129032,19,,0.9541,108
1275739799,Marielle,Recho,MD,primary-care,Eatontown,NJ,07724,40.298625,-74.074178,28,91.79,4.7471,228
1275748717,Alima,Farooki,MD,psychiatry,Ridgewood,NJ,07450,40.981591,-74.113506,48,,2.2923,11
1275761207,Michael,Kleyn,MD,primary-care,Elizabeth,NJ,07202,40.652464,-74.216853,18,,1.1769,110
1275769978,Omar,Al Ustwani,MD,oncology,Vineland,NJ,08360,39.492354,-75.003447,19,99.06,5.9262,590
1275791386,Jeffrey,Van Gelderen,MD,orthopedics,Red Bank,NJ,07701,40.360509,-74.078952,21,69.28,0.6223,828
1275798357,Cheryl,Ziemba,MD,primary-care,Passaic,NJ,07055,40.857552,-74.129089,40,,0.3767,21
1275809071,Alexander,Browne,MD,gastroenterology,Oakhurst,NJ,07755,40.263470,-74.023623,14,98.3,0.8593,510
1275827651,Christopher,Saslo,DO,psychiatry,Trenton,NJ,08638,40.254018,-74.763385,16,,0.9145,42
1275842288,John,Callaghan,MD,orthopedics,Wayne,NJ,07470,40.945855,-74.245077,17,,1.4152,145
1275842452,Marianna,Shimelfarb,MD,primary-care,Berkeley Heights,NJ,07922,40.676590,-74.427022,19,,1.6548,153
1275845729,Chantal,Lisik,MD,primary-care,Warren,NJ,07059,40.634588,-74.519044,18,,0.9646,100
1275896292,Anna,Sharovetskaya,DO,primary-care,Jersey City,NJ,07302,40.718808,-74.044634,14,87.07,1.3463,212
1275929812,Thomas,Novack,MD,orthopedics,Cherry Hill,NJ,08003,39.885852,-74.971145,11,,0.9002,238
1275943326,Paul,Brown,DO,orthopedics,New Providence,NJ,07974,40.696919,-74.403853,12,,0.8269,144
1275944340,Mark,Dukshtein,MD,primary-care,Morristown,NJ,07960,40.779235,-74.502462,12,,0.3472,659
1275946840,Satvik,Shah,DO,cardiology,Pennington,NJ,08534,40.329422,-74.792789,12,96.91,0.3856,1014
1275947806,Lydia,Winnicka,MD,pulmonology,Hoboken,NJ,07030,40.745251,-74.027926,12,95.05,1.2674,465
1275949539,Rashida,Mengi,DO,primary-care,Mount Holly,NJ,08060,40.010005,-74.792207,13,81.15,0.3410,237
1275952988,Joseph,Forgione,MD,cardiology,Morristown,NJ,07960,40.779235,-74.502462,12,,0.6594,1552
1275971475,Jeanette,Kovtun,MD,oncology,Berkeley Heights,NJ,07922,40.676590,-74.427022,13,,0.8293,257
1275976813,Bradley,Peltzer,MD,cardiology,Berkeley Heights,NJ,07922,40.676590,-74.427022,13,,1.5144,522
1275977555,Harshil,Patel,MD,cardiology,Brick,NJ,08724,40.091032,-74.114395,13,89.85,1.0590,1935
1275980336,Maria,Alne,MD,primary-care,Warren,NJ,07059,40.634588,-74.519044,12,,0.6237,440
1275981060,Ryan,O'Donnell,MD,orthopedics,Phillipsburg,NJ,08865,40.708226,-75.147073,10,97.13,0.8391,355
1275987208,Sheena,Rastogi,MD,cardiology,Browns Mills,NJ,08015,39.931536,-74.543720,10,,0.6912,107
1275989402,Derrick,Heydinger,DO,primary-care,Morristown,NJ,07960,40.779235,-74.502462,10,,1.3567,288
1275995284,Sahar,Rabiei-Samani,MD,pulmonology,Hoboken,NJ,07030,40.745251,-74.027926,10,95.05,0.8743,413
1275997330,Christine,Schafer,MD,dermatology,Little Silver,NJ,07739,40.336952,-74.034535,10,,0.8758,890
1285011189,Louise,Vlachos,DO,primary-care,Cherry Hill,NJ,08003,39.885852,-74.971145,11,,0.4872,177
1285012443,Athena,Brotman,MD,primary-care,Cherry Hill,NJ,08002,39.934605,-75.025389,11,99.52,0.8999,157
1285018499,Ryan,Sahni,MD,primary-care,Hazlet,NJ,07730,40.424164,-74.173732,11,,1.9795,183
1285045419,Anoop,Joseph,MD,primary-care,Morristown,NJ,07960,40.779235,-74.502462,12,,0.7185,370
1285051128,Asya,Wallach,MD,neurology,Teaneck,NJ,07666,40.890317,-74.011478,12,,0.9560,95
1285052225,Justin,Elkrief,DO,orthopedics,Freehold,NJ,07728,40.225793,-74.285785,12,75,0.7391,507
1285077065,Joseph,Negusei,MD,cardiology,Keyport,NJ,07735,40.450022,-74.223500,13,86.51,1.2557,1843
1285084566,Rachel,Frank,MD,gastroenterology,Voorhees,NJ,08043,39.848570,-74.952843,10,91.83,0.7167,177
1285086637,Namrata,Paul,MD,primary-care,Wayne,NJ,07470,40.945855,-74.245077,23,,0.8236,204
1285088823,Anup,Shah,MD,gastroenterology,Lumberton,NJ,08048,39.953850,-74.803026,10,95.33,0.9891,426
1285089243,Mena,Mirhom,MD,psychiatry,Belleville,NJ,07109,40.793481,-74.161159,11,98.51,0.1295,17
1285111393,Garrett,Rossi,MD,psychiatry,Atlantic City,NJ,08401,39.377337,-74.451070,9,,1.6221,54
1285121145,Ashleigh,Lemaire,MD,primary-care,Raritan,NJ,08869,40.571344,-74.646026,8,,0.6393,168
1285130989,Michael,Bogart,MD,pulmonology,Hoboken,NJ,07030,40.745251,-74.027926,8,,0.8503,162
1285139352,Heather,Wurtz,MD,psychiatry,Princeton,NJ,08540,40.364728,-74.656314,8,,1.2379,56
1285154559,Farisa,Ali,MD,primary-care,Neptune,NJ,07753,40.210761,-74.074499,9,78.15,0.7021,749
1285166082,Colleen,Ciccosanti,DO,primary-care,New Brunswick,NJ,08901,40.483638,-74.442460,11,88.4,1.3040,170
1285166264,Jay,Shah,MD,primary-care,Bridgewater,NJ,08807,40.592434,-74.618840,12,98.51,1.2746,101
1285167536,Karan,Kochhar,MD,primary-care,Clark,NJ,07066,40.620650,-74.309862,9,,0.9069,196
1285194308,Arif,Hafeez,DO,primary-care,Lambertville,NJ,08530,40.370020,-74.910161,7,,0.5887,308
1285195263,Rabia,Sarwar,MD,primary-care,Freehold,NJ,07728,40.225793,-74.285785,16,,0.6179,610
1285195313,Safa,Albustani,MD,primary-care,Montclair,NJ,07042,40.813487,-74.219011,15,70.15,0.8509,602
1285262774,Nisha,Bengali,MD,primary-care,Morristown,NJ,07960,40.779235,-74.502462,6,,0.5749,300
1285263392,Faseeha,Rehman,MD,primary-care,Manahawkin,NJ,08050,39.712132,-74.231888,9,,0.8461,170
1285292755,Alexander,Buslov,MD,neurology,Neptune,NJ,07753,40.210761,-74.074499,7,81.33,0.4516,85
1285294926,Arooj,Latif,DO,psychiatry,Camden,NJ,08103,39.935202,-75.112703,7,,0.3812,75
1285297986,Fady,Shafeek,MD,primary-care,Paterson,NJ,07503,40.897548,-74.154121,20,,1.6586,221
1285602383,David,Landers,MD,cardiology,Teaneck,NJ,07666,40.890317,-74.011478,47,81.33,0.9666,403
1285604041,Ann,Dipaolo,DO,primary-care,Forked River,NJ,08731,39.859886,-74.292741,25,,2.2367,267
1285604207,James,Orlando,MD,cardiology,Neptune,NJ,07753,40.210761,-74.074499,29,86.51,3.0291,1766
1285604868,Chandler,Patton,MD,pulmonology,Eatontown,NJ,07724,40.298625,-74.074178,41,98.51,1.3204,287
1285605238,Dvinder,Kaur,MD,primary-care,Somerset,NJ,08873,40.499667,-74.531844,31,,2.1168,167
1285606921,Adriana,Fitzsimmons,MD,psychiatry,Hackensack,NJ,07601,40.889398,-74.045698,28,81.33,0.5745,235
1285607739,Sanjiv,Sharma,MD,primary-care,Toms River,NJ,08755,40.008534,-74.221768,34,,1.8601,137
1285608745,Richard,Olarsch,DO,primary-care,Sewell,NJ,08080,39.757353,-75.122043,34,81.15,0.5571,81
1285609206,Matthew,Barnas,MD,psychiatry,Raritan,NJ,08869,40.571344,-74.646026,26,,1.8844,25
1285613133,Devender,Akula,MD,cardiology,Egg Harbor Township,NJ,08234,39.388393,-74.620728,32,,1.2887,1443
1285629014,Rashpal,Singh,MD,primary-care,Carteret,NJ,07008,40.583790,-74.227457,28,,1.4499,327
1285632950,Thomas,Lee,MD,primary-care,Hackensack,NJ,07601,40.889398,-74.045698,25,,1.7730,2054
1285634501,Peter,Polos,MD,pulmonology,Edison,NJ,08820,40.576806,-74.365750,40,,0.6118,106
1285635201,Mario,Gallardo,MD,primary-care,Whiting,NJ,08759,39.961826,-74.359828,39,,1.2398,338
1285637223,Steven,Lowry,DO,primary-care,Williamstown,NJ,08094,39.650601,-74.959311,30,,1.4736,419
1285639732,Helen,Slone,MD,endocrinology,Vineland,NJ,08360,39.492354,-75.003447,39,24.75,1.2491,926
1285640037,Emilia,Eiras,MD,primary-care,Jackson,NJ,08527,40.108665,-74.358602,47,23.24,1.5196,268
1285651109,Khalil,Kaid,MD,cardiology,East Orange,NJ,07017,40.771918,-74.207082,23,98.51,2.6637,430
1285655274,Scott,Aronson,MD,gastroenterology,East Brunswick,NJ,08816,40.429119,-74.416287,24,98.3,1.0232,528
1285664615,Melissa,Hutchison,MD,primary-care,Little Egg Harbor Twp,NJ,08087,39.603959,-74.382181,35,,0.7096,322
1285665208,Anthony,Oparaji,MD,primary-care,Pompton Plains,NJ,07444,40.967407,-74.306967,33,,0.4440,61
1285669721,Suzanne,Atkin,MD,primary-care,Newark,NJ,07103,40.738852,-74.195264,47,,0.4501,61
1285670059,Haeyang,Chung,MD,primary-care,Palisades Park,NJ,07650,40.847017,-73.997061,44,,2.6079,347
1285672584,Avinash,Kothavale,MD,cardiology,Berkeley Heights,NJ,07922,40.676590,-74.427022,27,,1.0582,1574
1285674010,Peter,Kuponiyi,MD,primary-care,Egg Harbor Township,NJ,08234,39.388393,-74.620728,45,98.62,1.4857,298
1285677427,Vincent,Guida,DO,primary-care,Bayonne,NJ,07002,40.662495,-74.110201,33,85.15,1.1165,493
1285677492,Carl,Schopfer,DO,primary-care,Sewell,NJ,08080,39.757353,-75.122043,50,,0.4631,198
1285686626,Sheera,Siegel,MD,endocrinology,Florham Park,NJ,07932,40.777461,-74.392845,30,88.35,0.8913,660
1285686667,Shufang,Feng,MD,primary-care,Fort Lee,NJ,07024,40.850640,-73.971007,43,71.15,0.8847,318
1285688309,Robert,Alexander,MD,primary-care,Clifton,NJ,07011,40.880427,-74.143246,41,75,1.7196,697
1285689315,Elliot,Brown,MD,cardiology,Hoboken,NJ,07030,40.745251,-74.027926,38,95.05,0.7561,1390
1285689588,Manisha,Parulekar,MD,primary-care,Hackensack,NJ,07601,40.889398,-74.045698,33,96.09,0.9701,307
1285692053,Rocco,Dipaola,MD,neurology,Hackensack,NJ,07601,40.889398,-74.045698,35,81.33,1.2837,788
1285693515,Subasini,Dash,MD,neurology,Hackensack,NJ,07601,40.889398,-74.045698,35,60.12,0.8904,498
1285694794,Kumaraswamy,Ramaswamy,MD,primary-care,Hillsborough,NJ,08844,40.497692,-74.670505,32,,3.2674,520
1285697201,Glen,Berger,MD,primary-care,Ho Ho Kus,NJ,07423,40.999500,-74.096583,37,,1.1864,210
1285702829,Dinesh,Patel,MD,primary-care,South Orange,NJ,07079,40.748811,-74.261512,48,,1.0410,157
1285704486,Haodong,Song,MD,neurology,Old Bridge,NJ,08857,40.392789,-74.330397,36,81.38,2.7296,363
1285705053,Francis,Cancellieri,MD,psychiatry,Red Bank,NJ,07701,40.360509,-74.078952,40,81.33,0.4349,208
1285718239,Marie,Nevin,MD,endocrinology,Berkeley Heights,NJ,07922,40.676590,-74.427022,40,,1.2492,1216
1285719591,Megdad,Zaatreh,MD,neurology,Freehold,NJ,07728,40.225793,-74.285785,32,,1.2837,1350
1285726265,Dwight,Lee,MD,primary-care,Short Hills,NJ,07078,40.742264,-74.327574,40,,0.5879,264
1285729319,Ahab,Gabriel,MD,primary-care,East Brunswick,NJ,08816,40.429119,-74.416287,31,,2.7085,313
1285731745,Kelly,Ussery-Kronhaus,MD,primary-care,Brick,NJ,08724,40.091032,-74.114395,24,96.09,0.5525,217
1285734301,Maya,Shah,MD,primary-care,Newark,NJ,07112,40.711391,-74.211683,46,98.51,1.2231,67
1285735860,Mir,Ahmad,MD,primary-care,Freehold,NJ,07728,40.225793,-74.285785,31,75,11.4712,239
1285736850,Shahjahan,Chaudhry,MD,primary-care,Mount Holly,NJ,08060,40.010005,-74.792207,24,81.15,0.4654,681
1285737080,Jay,Erlebacher,MD,cardiology,Englewood,NJ,07631,40.891197,-73.972515,51,96.09,0.9225,1096
1285740639,Joseph,Savon,MD,gastroenterology,Hammonton,NJ,08037,39.631681,-74.773893,39,81.15,1.5722,475
1285740787,Barry,Gordon,MD,primary-care,Lakewood,NJ,08701,40.077069,-74.198510,47,,0.5421,55
1285743542,Naveed,Jan,MD,oncology,Morristown,NJ,07960,40.779235,-74.502462,36,75.41,14.3464,449
1285769851,Douglas,Borkowski,MD,primary-care,Hillsdale,NJ,07642,41.007127,-74.045119,40,,0.6208,825
1285790782,Thomas,Deblasio,MD,primary-care,Manasquan,NJ,08736,40.120018,-74.053257,41,96.09,0.7132,760
1285805937,Khalaf,Rabadi,MD,primary-care,Hamilton,NJ,08619,40.242301,-74.696408,43,,0.5417,271
1285820274,Ashish,Shah,DO,oncology,Livingston,NJ,07039,40.785828,-74.329100,24,,0.5938,748
1285824839,Donald,Mcmahon,DO,gastroenterology,Turnersville,NJ,08012,39.783815,-75.056068,22,99.52,0.7384,208
1285836296,Zunera,Yaqub,MD,primary-care,Andover,NJ,07821,40.966037,-74.754687,26,,1.4683,287
1285840918,Kim,Palermo,DO,primary-care,Marlton,NJ,08053,39.856677,-74.900810,22,,0.7560,18
1285845941,Rachel,Farley Loftus,MD,dermatology,Short Hills,NJ,07078,40.742264,-74.327574,21,96.62,1.1801,245
1285875633,Aaron,Crookshank,MD,pulmonology,Marlton,NJ,08053,39.856677,-74.900810,23,81.15,0.8878,816
1285880039,Sree Bhavani,Chalasani,MD,oncology,Basking Ridge,NJ,07920,40.682268,-74.554143,27,81.57,0.9464,173
1285883355,Joseph,Mathew,MD,pulmonology,Hoboken,NJ,07030,40.745251,-74.027926,22,,0.8017,146
1285893321,Rini,Abraham,MD,gastroenterology,Montclair,NJ,07042,40.813487,-74.219011,18,83.8,1.1113,253
1285926469,Jared,Radbel,MD,pulmonology,New Brunswick,NJ,08901,40.483638,-74.442460,19,88.4,0.9738,111
1285938431,Rajapriya,Manickam,MD,pulmonology,Fair Lawn,NJ,07410,40.935830,-74.117505,23,,1.0886,289
1285942268,Craig,Wright,MD,orthopedics,Wayne,NJ,07470,40.945855,-74.245077,17,,1.2785,211
1285947689,Peter,Denoble,MD,orthopedics,Wayne,NJ,07470,40.945855,-74.245077,21,,0.7520,226
1285948380,Lalitha,Anand,MD,oncology,Berkeley Heights,NJ,07922,40.676590,-74.427022,17,,8.5950,438
1285952960,Leandro,Lencina,MD,primary-care,Bloomfield,NJ,07003,40.809141,-74.187142,16,,0.5037,51
1285992875,Jasmine,Bajaj,MD,primary-care,Burlington,NJ,08016,40.068064,-74.832904,15,,0.9029,287
1285996439,Joanne,Davine Reicher,MD,primary-care,Morristown,NJ,07960,40.779235,-74.502462,14,,0.9931,125
1295008373,Don,Wijaya,MD,psychiatry,Westampton,NJ,08060,40.010005,-74.792207,55,,0.8653,223
1295014322,Rebecca,Brafman,MD,primary-care,Haddon Heights,NJ,08035,39.879127,-75.065918,15,100,5.6532,606
1295023489,Miguel,Carreno,MD,primary-care,Morris Plains,NJ,07950,40.846026,-74.482314,17,,2.2080,300
1295033819,Lukasz,Polisiakiewicz,DO,pulmonology,Marlton,NJ,08053,39.856677,-74.900810,15,,0.7755,781
1295037356,Adam,Sadler,DO,orthopedics,Phillipsburg,NJ,08865,40.708226,-75.147073,16,97.13,1.1011,695
1295049039,Purviben,Shah,MD,primary-care,Montclair,NJ,07042,40.813487,-74.219011,29,,0.4525,373
1295066181,Peter,Saccone,DO,pulmonology,Sewell,NJ,08080,39.757353,-75.122043,17,94.07,2.1258,361
1295098903,Nazish,Ahmad,MD,primary-care,Pennington,NJ,08534,40.329422,-74.792789,18,96.91,0.8908,211
1295115277,Mabel,Mayorga,MD,endocrinology,South Plainfield,NJ,07080,40.574413,-74.414800,11,,0.7965,261
1295121853,Elizabeth,Tam,MD,primary-care,Hackensack,NJ,07601,40.889398,-74.045698,11,82.32,1.2143,276
1295140382,Mitul,Patel,DO,cardiology,Manalapan,NJ,07726,40.286506,-74.342547,12,52.12,0.6888,1431
1295141448,Alexander,Knihnicky,DO,primary-care,Morristown,NJ,07960,40.779235,-74.502462,12,,1.1072,119
1295155000,Genevieve,Matthews,MD,primary-care,Teaneck,NJ,07666,40.890317,-74.011478,12,,0.4667,315
1295161628,Jacqueline,Rounds,DO,primary-care,Northfield,NJ,08225,39.358340,-74.536312,13,,0.9382,422
1295173185,Gloria,Canizales,DO,primary-care,Hamburg,NJ,07419,41.154156,-74.570010,13,78.05,1.5084,460
1295183549,Juan Paolo,Prudente,MD,primary-care,Rumson,NJ,07760,40.371452,-74.003922,10,96.09,1.4997,170
1295260834,Michael,Brister,MD,oncology,Willingboro,NJ,08046,40.027950,-74.886984,9,91.83,0.4454,126
1295262509,Irene,Lakhiani,DO,psychiatry,Brick,NJ,08724,40.091032,-74.114395,9,81.33,0.5961,102
1295263085,Guenevere,Rosenthal,MD,psychiatry,Maywood,NJ,07607,40.902885,-74.063457,11,81.33,1.0151,34
1295263580,Te,Du,MD,primary-care,Camden,NJ,08103,39.935202,-75.112703,24,81.15,0.9147,437
1295276467,Sonya,Shah,MD,primary-care,Perth Amboy,NJ,08861,40.520494,-74.272943,9,96.09,0.8824,55
1295295186,Brittni,Minafra,DO,primary-care,Summit,NJ,07901,40.714923,-74.366372,7,,0.7135,149
1295295533,Christopher,West,MD,primary-care,Flemington,NJ,08822,40.521995,-74.866644,7,84.94,1.2448,134
1295298594,Ashley,Aya,DO,primary-care,Brick,NJ,08724,40.091032,-74.114395,7,96.09,0.7412,574
1295315711,Brian,Loor,MD,primary-care,Jersey City,NJ,07302,40.718808,-74.044634,6,,1.0985,114
1295354819,Anam,Manzoor,MD,primary-care,Somerville,NJ,08876,40.589554,-74.685411,9,,0.9596,288
1295363604,Kevin,Barretto,DO,primary-care,Bordentown,NJ,08505,40.135589,-74.707255,6,,0.7459,165
1295364636,Kateryna,Branish,MD,primary-care,Berkeley Heights,NJ,07922,40.676590,-74.427022,21,,0.6285,281
1295392108,Susanna,Bomfim,DO,primary-care,Berkeley Heights,NJ,07922,40.676590,-74.427022,7,,1.0159,145
1295700326,Bac,Nguyen,MD,primary-care,Mullica Hill,NJ,08062,39.716095,-75.219267,25,,1.5539,328
1295700359,Richard,Sultan,MD,neurology,Neptune,NJ,07753,40.210761,-74.074499,43,81.33,1.6239,18
1295701688,Michael,Lux,MD,cardiology,Springfield,NJ,07081,40.697966,-74.334436,49,,0.8986,806
1295702884,Lee,Glickman,MD,cardiology,Pennington,NJ,08534,40.329422,-74.792789,40,96.91,0.7293,584
1295706158,Jill,Butler,MD,primary-care,Neptune,NJ,07753,40.210761,-74.074499,34,,0.3778,613
1295709061,Anu,Chaudhry,MD,primary-care,Rahway,NJ,07065,40.607152,-74.280531,30,,3.5806,317
1295712347,Helen,Manalis,DO,primary-care,Bordentown,NJ,08505,40.135589,-74.707255,27,,0.7115,313
1295712446,Parthiv,Raval,MD,primary-care,Clifton,NJ,07013,40.869405,-74.173062,39,,1.1172,224
1295720035,Carolyn,Cavuto Wilson,DO,primary-care,Mount Holly,NJ,08060,40.010005,-74.792207,43,80.44,1.4475,678
1295721108,Linda,Girgis,MD,primary-care,South River,NJ,08882,40.445652,-74.378459,32,,1.2791,103
1295721165,Jeffrey,Merkle,MD,primary-care,Hackettstown,NJ,07840,40.860045,-74.831795,26,,0.9638,182
1295723807,Joseph,Jaskolski,MD,primary-care,Califon,NJ,07830,40.719283,-74.794021,31,,0.6126,387
1295727121,Todd,Schachter,DO,primary-care,Stratford,NJ,08084,39.828990,-75.015536,42,81.15,0.8431,184
1295736577,Anabel,Lucanie,MD,primary-care,Ramsey,NJ,07446,41.059136,-74.145931,40,95.05,2.3843,561
1295745859,Joseph,Deantonio,MD,gastroenterology,Lawrenceville,NJ,08648,40.284490,-74.717487,40,75,0.8973,302
1295750578,Vijay,Marwaha,MD,cardiology,Marlton,NJ,08053,39.856677,-74.900810,27,95.33,2.2220,880
1295754158,Paul,Hriso,MD,psychiatry,Bayonne,NJ,07002,40.662495,-74.110201,20,,1.3396,182
1295756625,Hongya,Song,MD,primary-care,Parsippany,NJ,07054,40.853767,-74.401574,41,,2.8622,303
1295756708,Roger,Klein,MD,gastroenterology,Berkeley Heights,NJ,07922,40.676590,-74.427022,35,,1.4757,688
1295758258,Jeffrey,Kaladas,MD,primary-care,South Bound Brook,NJ,08880,40.553947,-74.527455,34,,1.1764,187
1295761690,Prathibha,Potharlanka,MD,primary-care,Columbus,NJ,08022,40.067590,-74.705741,27,,1.3619,155
1295765188,Sean,Naini,DO,primary-care,Princeton,NJ,08540,40.364728,-74.656314,25,,0.9258,409
1295765527,Sarwan,Seth,MD,primary-care,Belleville,NJ,07109,40.793481,-74.161159,58,96.09,1.3953,147
1295786440,Nishith,Gami,MD,primary-care,Moorestown,NJ,08057,39.979658,-74.941308,37,75,1.4806,279
1295792919,Dhiren,Gandhi,MD,primary-care,Little Egg Harbor Twp,NJ,08087,39.603959,-74.382181,26,75,2.7457,654
1295796134,James,Shammas,MD,neurology,Ridgewood,NJ,07450,40.981591,-74.113506,36,95.05,1.1946,572
1295799153,Andreas,Rotsides,MD,primary-care,Mine Hill,NJ,07803,40.878088,-74.601176,42,,1.8723,163
1295814747,Pradip,Patel,MD,primary-care,Lindenwold,NJ,08021,39.806156,-75.000012,33,,0.5331,65
1295824381,Asghar,Hossain,MD,psychiatry,Paramus,NJ,07652,40.947299,-74.070169,48,,2.3468,209
1295824563,Donna,Klitzman,MD,pulmonology,East Brunswick,NJ,08816,40.429119,-74.416287,43,98.51,1.6996,646
1295831782,Arif,Naseem,MD,primary-care,Brick,NJ,08723,40.038584,-74.111600,36,96.09,0.8501,437
1295836294,Sanjeev,Saksena,MD,cardiology,Warren,NJ,07059,40.634588,-74.519044,46,81.33,0.3001,440
1295840379,Theresa,Redling,DO,primary-care,Livingston,NJ,07039,40.785828,-74.329100,39,,1.1175,475
1295847713,Racquel,San Juan,DO,psychiatry,Warren,NJ,07059,40.634588,-74.519044,28,,7.7763,53
1295849065,Julianne,Kuflik,MD,dermatology,Sea Girt,NJ,08750,40.133372,-74.041501,28,100,3.3803,226
1295850063,Michael,Giuliano,MD,psychiatry,Morristown,NJ,07960,40.779235,-74.502462,56,,7.3662,13
1295872976,Maria,Costea Misthos,MD,primary-care,Berkeley Heights,NJ,07922,40.676590,-74.427022,40,,1.6997,409
1295888030,Mary Ann,Picone,MD,neurology,Teaneck,NJ,07666,40.890317,-74.011478,41,,1.1949,252
1295905370,Malik,Khan,MD,primary-care,Holmdel,NJ,07733,40.374964,-74.173849,26,,1.0355,565
1295934172,Larisa,Rozenberg,MD,primary-care,Camden,NJ,08103,39.935202,-75.112703,45,99.52,1.3764,208
1295935054,Jeffrey,Vanhook,DO,cardiology,Ventnor City,NJ,08406,39.342046,-74.482626,21,,2.3929,330
1295955219,Elena,Nirenberg,MD,primary-care,Secaucus,NJ,07094,40.781958,-74.067649,22,,0.6094,236
1295962728,Seeta,Trivedi,MD,oncology,Parsippany,NJ,07054,40.853767,-74.401574,22,100,4.1414,651
1295964708,William,Sayde,MD,orthopedics,Hackettstown,NJ,07840,40.860045,-74.831795,17,89,0.5749,47
1295994614,Jamie,Koprivnikar,MD,oncology,Hackensack,NJ,07601,40.889398,-74.045698,20,81.1,2.0693,344
1295994853,Jacob,Cogen,MD,primary-care,Glassboro,NJ,08028,39.692129,-75.124675,21,,0.0549,25
1295998532,Michael,Krysko,MD,psychiatry,East Orange,NJ,07017,40.771918,-74.207082,20,,3.6740,54
1306004262,Millee,Singh,DO,cardiology,Somers Point,NJ,08244,39.315511,-74.598278,18,,1.2449,1288
1306005962,Natan,Krohn,MD,gastroenterology,Clifton,NJ,07013,40.869405,-74.173062,18,78.35,1.3561,215
1306006242,Fawad,Mian,MD,neurology,Bernardsville,NJ,07924,40.725770,-74.591213,22,,1.3699,494
1306007133,Ramalakshmi,Nuthi,MD,primary-care,Berkeley Heights,NJ,07922,40.676590,-74.427022,35,,0.4069,455
1306008446,Ariy,Volfson,MD,gastroenterology,Woodland Park,NJ,07424,40.882319,-74.205876,19,88.99,1.0951,335
1306008727,Hormoz,Kianfar,MD,cardiology,Brick,NJ,08724,40.091032,-74.114395,20,75,1.5735,1404
1306009709,Ashley,Coleman,DO,primary-care,Stratford,NJ,08084,39.828990,-75.015536,20,81.15,1.0590,85
1306012182,S.M. Golam,Kibrea,MD,primary-care,Jersey City,NJ,07305,40.693004,-74.069650,28,,1.2472,158
1306037171,Hanan,Morcos,MD,cardiology,Hackensack,NJ,07601,40.889398,-74.045698,26,100,3.1477,231
1306041009,Jonathan,Hugo,MD,endocrinology,Jersey City,NJ,07306,40.736294,-74.071128,19,96.09,0.9873,147
1306098827,Amit,Patel,MD,oncology,Jersey City,NJ,07302,40.718808,-74.044634,21,100,13.3387,162
1306102934,Andrew,Ip,MD,oncology,Hackensack,NJ,07601,40.889398,-74.045698,14,81.1,1.8837,288
1306104419,Brett,Keller,DO,primary-care,Phillipsburg,NJ,08865,40.708226,-75.147073,14,97.13,1.2681,249
1306139159,Jonathan,Galli,MD,pulmonology,Marlton,NJ,08053,39.856677,-74.900810,15,81.15,0.8189,826
1306140793,Jae,Shim,MD,primary-care,Bergenfield,NJ,07621,40.922334,-73.998001,19,,0.8502,413
1306142898,Sheetal,Patel,MD,primary-care,New Brunswick,NJ,08901,40.483638,-74.442460,18,98.51,0.9594,66
1306160338,Michael,Kimball,MD,orthopedics,Camden,NJ,08103,39.935202,-75.112703,18,85.23,0.6131,271
1306191770,Daniel,Landau,MD,neurology,Pennington,NJ,08534,40.329422,-74.792789,14,,0.5699,199
1306195367,Jaclyn,Brancato,DO,primary-care,Lincoln Park,NJ,07035,40.927501,-74.308334,13,,0.9354,148
1306200829,Joseph,Lugo,MD,primary-care,Morristown,NJ,07960,40.779235,-74.502462,10,,0.9140,137
1306225388,Nikhil,Kothari,MD,primary-care,Camden,NJ,08103,39.935202,-75.112703,11,81.21,0.8153,187
1306226121,Clinton,Rebello,MD,primary-care,Cherry Hill,NJ,08003,39.885852,-74.971145,12,,0.7305,406
1306228143,Alexandra,Desimone,MD,primary-care,Marlton,NJ,08053,39.856677,-74.900810,12,,0.6463,236
1306229000,Daniela,Accurso,MD,primary-care,Cedar Knolls,NJ,07927,40.823725,-74.456354,11,,1.0444,131
1306232913,Osman,Jilani,MD,primary-care,Hamilton,NJ,08690,40.225833,-74.660096,11,,0.7806,322
1306238100,Bing,Gong,MD,primary-care,Demarest,NJ,07627,40.954103,-73.954921,39,,1.3635,241
1306253695,Alexander,Sanchez,MD,psychiatry,Cedar Grove,NJ,07009,40.858017,-74.229784,13,,0.4369,20
1306263819,Bingyan,Wang,DO,primary-care,Glassboro,NJ,08028,39.692129,-75.124675,12,,0.4721,151
1306266408,Daniel,Bodek,DO,gastroenterology,Union,NJ,07083,40.695266,-74.269078,12,98.51,1.2722,180
1306273669,Pouja,Ahuja,DO,primary-care,Berkeley Heights,NJ,07922,40.676590,-74.427022,14,,1.7181,370
1306289152,Leonardo,Saraceno,MD,primary-care,Roselle Park,NJ,07204,40.665312,-74.266555,13,,1.2017,307
1306292966,Christopher,Mercogliano,DO,primary-care,Cherry Hill,NJ,08034,39.906100,-75.000375,10,81.15,0.4174,1193
1306296686,Sanket,Patel,DO,gastroenterology,Voorhees,NJ,08043,39.848570,-74.952843,10,81.15,1.5086,152
1306308424,Cathryn,Rapadas,DO,primary-care,Woodland Park,NJ,07424,40.882319,-74.205876,7,,0.8691,90
1306365200,Hamadullah,Shaikh,MD,primary-care,New Brunswick,NJ,08901,40.483638,-74.442460,15,88.4,0.7492,120
1306370770,Ghazal,Kango,MD,oncology,East Brunswick,NJ,08816,40.429119,-74.416287,6,100,1.2266,122
1306371109,Javi,Mashettiwar,DO,primary-care,Mendhaarn,NJ,07945,40.780656,-74.601816,9,,0.7623,328
1306375878,Monika,Finer,DO,primary-care,Point Pleasant Boro,NJ,08742,40.080812,-74.059117,9,96.09,0.7529,241
1306376264,Miguel,Deleon,MD,primary-care,Camden,NJ,08103,39.935202,-75.112703,9,99.52,0.7986,324
1306423090,Daniel,Kifner,MD,primary-care,Livingston,NJ,07039,40.785828,-74.329100,5,,0.9969,158
1306428263,Hiral,Shukla,DO,primary-care,Voorhees,NJ,08043,39.848570,-74.952843,5,,0.7099,83
1306472451,Hyokyung,Sung,MD,primary-care,Hackensack,NJ,07601,40.889398,-74.045698,9,96.09,0.8975,36
1306800859,Marshall,Lauer,MD,primary-care,Collingswood,NJ,08108,39.915048,-75.062244,47,87.16,2.5089,126
1306802988,Sallustio,Del Re,MD,pulmonology,Somers Point,NJ,08244,39.315511,-74.598278,37,,0.7711,704
1306805015,Marc,Feingold,MD,primary-care,Manalapan,NJ,07726,40.286506,-74.342547,27,,1.3074,474
1306805460,Robert,Alter,MD,oncology,Hackensack,NJ,07601,40.889398,-74.045698,38,81.37,2.4522,800
1306809090,Mark,Lehrman,MD,primary-care,Fair Lawn,NJ,07410,40.935830,-74.117505,52,,2.2575,63
1306809314,Stuart,Siepser,MD,cardiology,Morristown,NJ,07960,40.779235,-74.502462,38,,0.4546,2112
1306810726,Gerardo,Goldberger,DO,orthopedics,Monroe,NJ,08831,40.334341,-74.432502,35,,0.9277,138
1306813720,Alan,Miller,MD,orthopedics,Closter,NJ,07624,40.972890,-73.960315,43,,0.5453,127
1306815618,Frederick,Okoye,MD,primary-care,Clifton,NJ,07013,40.869405,-74.173062,42,,4.8350,97
1306816152,Stanley,Parman,MD,primary-care,Linden,NJ,07036,40.624711,-74.239362,48,,0.8213,181
1306817150,Patricia,Kroth,DO,primary-care,Milford,NJ,08848,40.594266,-75.096659,30,,0.3263,48
1306823364,Eric,Hansen,DO,primary-care,Hamburg,NJ,07419,41.154156,-74.570010,31,78.05,1.7263,725
1306824586,Pilar,Sabater,MD,primary-care,Fort Lee,NJ,07024,40.850640,-73.971007,52,,0.7796,320
1306826797,Greg,Taylor,DO,primary-care,Camden,NJ,08103,39.935202,-75.112703,25,99.52,1.1961,208
1306833660,Ricardo,Matienzo,MD,primary-care,Passaic,NJ,07055,40.857552,-74.129089,46,,1.6938,45
1306838164,John,Hamaty,DO,cardiology,Hammonton,NJ,08037,39.631681,-74.773893,38,,1.0181,1109
1306838305,Christian,Ellison,MD,primary-care,Berkeley Heights,NJ,07922,40.676590,-74.427022,31,,1.3234,505
1306838578,Donna,Catanzaro,MD,primary-care,Somerset,NJ,08873,40.499667,-74.531844,36,,0.4991,358
1306839097,Bijal,Mehta,MD,primary-care,Morristown,NJ,07960,40.779235,-74.502462,32,94.4,0.6225,96
1306846647,Philip,Hanna,MD,neurology,Edison,NJ,08820,40.576806,-74.365750,33,81.33,1.2361,265
1306850409,Bhavi,Patel,MD,primary-care,New Brunswick,NJ,08901,40.483638,-74.442460,31,87.07,0.9973,560
1306856448,Laurie,Nemeth,DO,primary-care,Camden,NJ,08103,39.935202,-75.112703,26,99.52,1.4742,238
1306856612,Mia,Strazzeri,DO,primary-care,Edison,NJ,08837,40.514281,-74.343859,30,,0.2708,24
1306856778,Rosanna,Modesto,MD,primary-care,Teaneck,NJ,07666,40.890317,-74.011478,41,,1.0367,188
1306857461,Michael,Deehan,MD,orthopedics,Hackettstown,NJ,07840,40.860045,-74.831795,38,,0.9499,404
1306865571,Pragnesh,Gadhvi,MD,cardiology,Union City,NJ,07087,40.767224,-74.032429,29,98.51,0.4667,1020
1306865613,David,Picascia,MD,dermatology,Hoboken,NJ,07030,40.745251,-74.027926,44,100,0.6914,1533
1306877485,Kathleen,Beebe,MD,orthopedics,Newark,NJ,07103,40.738852,-74.195264,27,,1.0984,40
1306881602,Folarin,Tuboku-Metzger,MD,primary-care,Holmdel,NJ,07733,40.374964,-74.173849,29,,2.8272,576
1306887708,May,Abdo-Matkiwsky,DO,oncology,Sparta,NJ,07871,41.046696,-74.627989,26,80.53,12.3261,1028
1306887880,Steven,Lomazow,MD,neurology,Belleville,NJ,07109,40.793481,-74.161159,50,,1.1607,81
1306888912,Frank,Casella,DO,primary-care,Sparta,NJ,07871,41.046696,-74.627989,40,78.05,1.4701,611
1306888953,Stephanus,Busono,MD,neurology,Somerset,NJ,08873,40.499667,-74.531844,33,84.73,1.8456,606
1306890165,Ivan,Friedrich,MD,gastroenterology,Englewood,NJ,07631,40.891197,-73.972515,50,98.3,2.0572,478
1306890512,Fabio,Orozco,MD,orthopedics,Linwood,NJ,08221,39.339936,-74.564470,33,92.53,1.2714,1164
1306891627,Barry,Gleimer,DO,orthopedics,Cherry Hill,NJ,08002,39.934605,-75.025389,47,73.54,1.2354,185
1306895982,Anjana,Mathur,MD,primary-care,Toms River,NJ,08755,40.008534,-74.221768,32,,2.4161,342
1306914320,Khalid,Bajwa,MD,psychiatry,Hammonton,NJ,08037,39.631681,-74.773893,38,,0.3814,244
1306914825,Dewan,Khan,MD,primary-care,Hopelawn,NJ,08861,40.520494,-74.272943,41,,3.3271,59
1306928791,Donna,Pizzelanti Jaskolski,DO,primary-care,Bound Brook,NJ,08805,40.570639,-74.537551,31,,1.1619,339
1306930920,William,Lou,MD,gastroenterology,Hamilton,NJ,08619,40.242301,-74.696408,47,,0.8647,130
1306931233,Mario,Arena,MD,orthopedics,Haddon Heights,NJ,08035,39.879127,-75.065918,47,,0.9266,47
1306934195,Carl,Raso,MD,gastroenterology,Toms River,NJ,08755,40.008534,-74.221768,44,27.86,0.7909,863
1306934864,Sapna,Singh,MD,primary-care,Hackensack,NJ,07601,40.889398,-74.045698,30,,2.6102,154
1306954730,Rina,Goldberg,MD,neurology,Livingston,NJ,07039,40.785828,-74.329100,34,98.51,1.4658,72
1306964309,Joseph,Strauch,MD,dermatology,Edison,NJ,08820,40.576806,-74.365750,,75,1.2746,341
1306986914,Arvind,Grover,MD,primary-care,Maplewood,NJ,07040,40.733607,-74.271159,45,,1.6537,11
1306998752,Samina,Syed Naqvi,MD,primary-care,Rahway,NJ,07065,40.607152,-74.280531,40,,1.3072,79
1306999768,Carlos,Figarola,MD,psychiatry,Freehold,NJ,07728,40.225793,-74.285785,45,22.91,0.7115,383
1316000540,Parul,Amin,MD,primary-care,Secaucus,NJ,07094,40.781958,-74.067649,42,,1.9222,62
1316006315,Jyoti,Nigam,MD,primary-care,Old Bridge,NJ,08857,40.392789,-74.330397,40,96.09,1.5353,402
1316007651,Sami,Yasin,MD,primary-care,Wantage,NJ,07461,41.247022,-74.610522,41,,1.7079,450
1316008964,Michele,Nitti,DO,primary-care,Berkeley Heights,NJ,07922,40.676590,-74.427022,38,,1.8143,355
1316024946,Bassam,Hajjar,MD,gastroenterology,Clifton,NJ,07011,40.880427,-74.143246,36,75,2.6594,481
1316029689,Toby,Tracy,MD,primary-care,Little Egg Harbor Twp,NJ,08087,39.603959,-74.382181,28,,0.6063,288
1316029796,Penelope,Cohen,MD,dermatology,Hoboken,NJ,07030,40.745251,-74.027926,40,100,0.7031,879
1316029804,Jitendra,Patel,MD,primary-care,Atlantic City,NJ,08401,39.377337,-74.451070,45,,1.2572,97
1316032014,Ramon,Sandoval,MD,primary-care,Elmwood Park,NJ,07407,40.904526,-74.119514,50,96.09,0.9736,98
1316032394,John,Fritz,MD,primary-care,Jersey City,NJ,07306,40.736294,-74.071128,31,,4.4039,79
1316034002,Michael,Goldberger,MD,orthopedics,Cedar Knolls,NJ,07927,40.823725,-74.456354,34,79.23,0.6334,988
1316058852,Alicia,Dermer,MD,primary-care,Freehold,NJ,07728,40.225793,-74.285785,49,,0.5863,52
1316071087,Nivedita,Alla,MD,primary-care,Summit,NJ,07901,40.714923,-74.366372,28,,1.1952,634
1316097223,Mark,Alexander,MD,primary-care,Ventnor City,NJ,08406,39.342046,-74.482626,43,68.03,3.9884,283
1316104466,Tahera,Ali,DO,primary-care,Wayne,NJ,07470,40.945855,-74.245077,19,,0.8473,201
1316106305,Srinivas,Gongireddy,MD,primary-care,Jersey City,NJ,07302,40.718808,-74.044634,29,87.07,0.9174,115
1316106347,Melissa,Diener,MD,gastroenterology,Berlin,NJ,08009,39.760656,-74.932860,22,,0.9371,323
1316108806,Balazs,Galdi,MD,orthopedics,Newark,NJ,07103,40.738852,-74.195264,18,,1.0162,50
1316110422,Cristina,Capanescu,MD,gastroenterology,Mount Laurel,NJ,08054,39.948992,-74.900247,24,91.83,0.6932,339
1316139686,Keith,Brenner,MD,pulmonology,Hackensack,NJ,07601,40.889398,-74.045698,21,81.33,0.8214,558
1316142177,Sarah,Holder,DO,primary-care,Atlantic City,NJ,08401,39.377337,-74.451070,21,,0.4109,60
1316142698,Edward,Rachofsky,MD,cardiology,Bridgewater,NJ,08807,40.592434,-74.618840,24,,0.8316,1278
1316145329,Lenis,Gonzalez,MD,dermatology,West Wood,NJ,07675,41.003484,-74.001753,21,93.65,1.4486,490
1316145808,Vincent,Varghese,DO,cardiology,Marlton,NJ,08053,39.856677,-74.900810,22,,1.7458,150
1316160039,Frederick,Kahn,MD,psychiatry,Paramus,NJ,07652,40.947299,-74.070169,50,,5.4108,75
1316166804,Eleanor,Lam,MD,endocrinology,Voorhees,NJ,08043,39.848570,-74.952843,20,81.15,0.7994,179
1316171473,Ching,Tsao,MD,neurology,Pompton Plains,NJ,07444,40.967407,-74.306967,17,81.21,0.5406,70
1316172182,Conner,O'Keefe,MD,cardiology,Newton,NJ,07860,41.057287,-74.802737,17,88.36,1.1158,2185
1316196165,Amit,Seth,MD,endocrinology,Belleville,NJ,07109,40.793481,-74.161159,20,96.09,1.6370,842
1316208390,Maura,Bucciarelli,DO,primary-care,Willingboro,NJ,08046,40.027950,-74.886984,14,81.15,0.7283,267
1316210990,Ari,Geliebter,MD,endocrinology,Rochelle Park,NJ,07662,40.906496,-74.078005,15,,1.4803,333
1316225659,Sandip,Patel,MD,primary-care,Toms River,NJ,08755,40.008534,-74.221768,15,,1.2105,649
1316231822,Olga,Thon,MD,neurology,Cherry Hill,NJ,08003,39.885852,-74.971145,16,91.83,0.8290,97
1316237159,Rohit,Nijhawan,MD,dermatology,Berkeley Heights,NJ,07922,40.676590,-74.427022,16,,0.8811,674
1316246960,Tara,Kim,MD,endocrinology,Englewood,NJ,07631,40.891197,-73.972515,15,93.07,2.1421,191
1316289754,Brittney,Boykin,MD,psychiatry,Morristown,NJ,07960,40.779235,-74.502462,13,,0.5746,139
1316296544,Vasiliky,Tsirogiannis,MD,primary-care,Secaucus,NJ,07094,40.781958,-74.067649,25,23.94,2.2826,288
1316300742,Amulya,Sirigiri,MD,primary-care,Plainsboro,NJ,08536,40.333076,-74.586628,14,85.76,1.2940,454
1316320237,Ashwin,Chandar,MD,oncology,Sewell,NJ,08080,39.757353,-75.122043,13,,0.3319,57
1316331804,Ajfar,Sherif,MD,primary-care,Kendall Park,NJ,08824,40.420727,-74.553458,12,,1.6953,90
1316339682,Patrick,Gotimer,DO,cardiology,Atlantic City,NJ,08401,39.377337,-74.451070,11,,0.5401,1417
1316340979,Vibu,Varghese,MD,primary-care,Fair Lawn,NJ,07410,40.935830,-74.117505,15,,2.1118,290
1316357486,Qiujie,Jiang,MD,dermatology,Moorestown,NJ,08057,39.979658,-74.941308,8,100,1.0759,686
1316365646,Emmanuelle,Ruocco,MD,primary-care,Morristown,NJ,07960,40.779235,-74.502462,12,,0.6160,120
1316369820,Swetha,Rana,MD,primary-care,New Brunswick,NJ,08901,40.483638,-74.442460,15,87.07,0.9057,117
1316387483,Polydoros,Kampaktsis,MD,cardiology,Red Bank,NJ,07701,40.360509,-74.078952,16,100,0.3291,67
1316388234,Sankalp,Pathak,MD,cardiology,Newton,NJ,07860,41.057287,-74.802737,15,55.5,2.6805,917
1316388556,Michael,Itidiare,DO,gastroenterology,Hamilton,NJ,08619,40.242301,-74.696408,13,96.91,1.1335,97
1316391352,Amee,Dharia,DO,cardiology,Cherry Hill,NJ,08034,39.906100,-75.000375,10,,0.2343,47
1316391907,Stephanie,Duarte,MD,primary-care,Hoboken,NJ,07030,40.745251,-74.027926,10,95.05,0.6264,179
1316392699,Dora,Da Silva,MD,primary-care,Voorhees,NJ,08043,39.848570,-74.952843,11,81.15,0.4567,479
1316393465,Katherine,Fung,DO,primary-care,Newark,NJ,07104,40.767713,-74.168350,10,,0.8812,81
1316397425,Padma,Chamarthy,MD,gastroenterology,Willingboro,NJ,08046,40.027950,-74.886984,12,81.15,0.9200,208
1316408024,Stacy,Galgocy,MD,primary-care,Passaic,NJ,07055,40.857552,-74.129089,7,96.09,1.2662,309
1316427024,Min,Kim,MD,primary-care,Old Bridge,NJ,08857,40.392789,-74.330397,16,,0.9358,177
1316434830,Reema,Aljamal,MD,primary-care,West Orange,NJ,07052,40.785755,-74.265058,9,,1.2428,191
1316441330,Janki,Shah,DO,primary-care,Hackensack,NJ,07601,40.889398,-74.045698,8,81.33,1.0863,290
1316442684,Katherine,Hager,MD,primary-care,Summit,NJ,07901,40.714923,-74.366372,9,,0.2604,125
1316468895,Sean,Sussman,DO,primary-care,Swedesboro,NJ,08085,39.753766,-75.331040,9,,1.0226,278
1316479553,Laith,Qumei,MD,primary-care,Iselin,NJ,08830,40.570142,-74.316371,10,,1.6654,759
1316509342,Ajay,Rajshekar,DO,neurology,Ridgewood,NJ,07450,40.981591,-74.113506,7,,0.7544,269
1316527336,Hasina,Noory,MD,primary-care,Cape May Court House,NJ,08210,39.119187,-74.823188,5,,0.6973,252
1316575301,Corey,Wasser,DO,psychiatry,Marlton,NJ,08053,39.856677,-74.900810,4,,0.8060,74
1316576374,Colin,Scott,MD,primary-care,Shrewsbury,NJ,07702,40.326450,-74.057373,6,,0.4336,273
1316591258,M,Abbasi,MD,psychiatry,Newton,NJ,07860,41.057287,-74.802737,7,84.94,0.5657,200
1316902513,John,Schnell,MD,orthopedics,Bordentown,NJ,08505,40.135589,-74.707255,35,92.57,1.2247,499
1316903818,Umesh,Mehta,MD,psychiatry,Belle Mead,NJ,08502,40.448217,-74.653244,47,,2.4901,49
1316907983,Sarwat,Takla,MD,primary-care,Toms River,NJ,08755,40.008534,-74.221768,42,,1.5744,313
1316910722,David,Kuo,MD,primary-care,Morristown,NJ,07960,40.779235,-74.502462,33,,0.3384,20
1316911282,Jose,Sanchez-Pena,MD,primary-care,Fair Lawn,NJ,07410,40.935830,-74.117505,49,,1.5742,152
1316911845,Marc,Abbate,MD,dermatology,Riverdale,NJ,07457,40.995886,-74.314532,28,100,2.4740,2024
1316912884,Patricio,Grob,DO,orthopedics,Whippany,NJ,07981,40.824413,-74.426241,30,,1.3082,172
1316918618,Sharon,Weiner,MD,pulmonology,Eatontown,NJ,07724,40.298625,-74.074178,41,98.51,1.2179,478
1316918956,Alan,Kramer,MD,cardiology,Woodbury,NJ,08097,39.813290,-75.150650,44,,0.8074,1344
1316921414,Saadia,Rehman,DO,primary-care,"Maple Shade,",NJ,08052,39.952381,-74.994896,27,,0.7363,187
1316924772,Ian,Horkheimer,MD,oncology,Little Silver,NJ,07739,40.336952,-74.034535,27,83.44,11.4362,845
1316931264,Diane,Mackenzie,DO,primary-care,Neptune,NJ,07753,40.210761,-74.074499,27,,0.8621,572
1316939168,Jennifer,May Ortiz,MD,primary-care,Summit,NJ,07901,40.714923,-74.366372,26,,0.9000,70
1316943012,Paul,Teja,MD,orthopedics,Hackettstown,NJ,07840,40.860045,-74.831795,30,89,0.4263,20
1316943483,Dennis,Reison,MD,cardiology,Ridgewood,NJ,07450,40.981591,-74.113506,51,95.05,1.0882,856
1316944051,Adolfo,Fernandez-Obregon,MD,dermatology,Hoboken,NJ,07030,40.745251,-74.027926,48,75,1.2199,271
1316945645,Purnima,Vallabhaneni,MD,primary-care,Edison,NJ,08820,40.576806,-74.365750,33,96.09,0.9053,168
1316946270,Alan,Simon,MD,cardiology,Ridgewood,NJ,07450,40.981591,-74.113506,36,95.05,1.4608,974
1316947856,Stephen,Levy,MD,cardiology,Florham Park,NJ,07932,40.777461,-74.392845,38,,1.6237,429
1316947906,Fadi,Chaaban,MD,cardiology,Kearny,NJ,07032,40.752332,-74.123093,36,,0.8447,1806
1316954555,Susan,Szapiel,MD,neurology,Newark,NJ,07102,40.735659,-74.173605,46,,0.7142,60
1316954563,Edward,Somma,MD,primary-care,Berkeley Heights,NJ,07922,40.676590,-74.427022,42,,1.2765,138
1316954589,Alan,Plauka,MD,primary-care,Elizabeth,NJ,07201,40.671272,-74.177358,42,,1.0774,110
1316958101,Elsa,Ordoukhanian,MD,dermatology,Englewood Cliffs,NJ,07632,40.884634,-73.944654,32,,0.7274,228
1316959976,Richard,Lin,MD,gastroenterology,River Edge,NJ,07661,40.927354,-74.039611,27,84.39,1.2411,312
1316960792,Alina,Staniaszek,MD,psychiatry,Manalapan,NJ,07726,40.286506,-74.342547,37,,3.5237,33
1316965007,Christopher,Sciales,MD,dermatology,Livingston,NJ,07039,40.785828,-74.329100,34,100,0.7409,526
1316973563,Donald,Huston,DO,primary-care,Glassboro,NJ,08028,39.692129,-75.124675,46,,1.0849,634
1316980006,Scott,Gelman,MD,gastroenterology,Berkeley Heights,NJ,07922,40.676590,-74.427022,35,,0.8118,660
1316980527,Jayeshkumar,Patel,MD,primary-care,Willingboro,NJ,08046,40.027950,-74.886984,28,,0.4088,124
1316980782,Seth,Levy,MD,primary-care,Denville,NJ,07834,40.886460,-74.487584,30,,1.6919,806
1316984180,Gary,Heck,DO,primary-care,Clementon,NJ,08021,39.806156,-75.000012,49,99.52,1.3570,193
1316987019,Nicholas,Panagiotou,MD,primary-care,Edgewater,NJ,07020,40.824650,-73.973793,48,75,3.3890,264
1316987480,John,Nevins,DO,primary-care,Chatham,NJ,07928,40.724971,-74.415086,39,,0.5658,229
1316988876,Inga,Robbins,MD,cardiology,Atlantic City,NJ,08401,39.377337,-74.451070,38,,0.4883,188
1316994437,Abu,Ahsan,MD,primary-care,Camden,NJ,08103,39.935202,-75.112703,39,99.52,0.4969,55
1316996853,Gabriela,Bowers,MD,primary-care,East Windsor,NJ,08520,40.255800,-74.539882,26,,1.5079,116
1316996960,Frances,Chang,MD,primary-care,Princeton,NJ,08540,40.364728,-74.656314,27,,1.8744,459
1316998024,Emmanuel,Barias,MD,primary-care,Oakhurst,NJ,07755,40.263470,-74.023623,31,75,1.2022,286
1326000464,Michael,Piscopiello,MD,cardiology,Freehold,NJ,07728,40.225793,-74.285785,26,,0.5939,1313
1326007428,Robert,Schimenti,MD,cardiology,Moorestown,NJ,08057,39.979658,-74.941308,36,81.15,0.6915,1700
1326015199,David,Levin,MD,primary-care,Hackensack,NJ,07601,40.889398,-74.045698,50,81.33,1.5237,347
1326015306,L Steven,Zukerman,MD,cardiology,Neptune,NJ,07753,40.210761,-74.074499,45,82.83,1.0656,3425
1326017799,Arun,Sehgal,MD,primary-care,Ramsey,NJ,07446,41.059136,-74.145931,40,99.79,1.6081,750
1326018433,David,Mccomb,DO,psychiatry,Medford,NJ,08055,39.862695,-74.822311,28,,1.3343,102
1326018805,Mary,Spinosi,DO,primary-care,Hammonton,NJ,08037,39.631681,-74.773893,40,,0.6772,276
1326019175,Manish,Patel,DO,primary-care,Hammonton,NJ,08037,39.631681,-74.773893,25,,1.8730,42
1326029042,Christina,Clay,MD,primary-care,Camden,NJ,08103,39.935202,-75.112703,41,91.83,0.5637,218
1326047572,Robert,Saporito,MD,cardiology,Ridgewood,NJ,07450,40.981591,-74.113506,39,95.05,0.9905,1191
1326049487,Andrew,Beamer,MD,cardiology,Berkeley Heights,NJ,07922,40.676590,-74.427022,44,,0.7485,1397
1326049511,Joseph,Binns,MD,gastroenterology,Red Bank,NJ,07701,40.360509,-74.078952,39,98.3,0.6696,771
1326056284,Dipal,Patel,MD,primary-care,Englewood,NJ,07631,40.891197,-73.972515,23,96.09,1.1195,48
1326059320,Pradip,Shah,MD,primary-care,West Caldwell,NJ,07006,40.851187,-74.282865,44,,2.5624,673
1326060229,Bhanwarlal,Chowdhury,MD,gastroenterology,Ewing,NJ,08618,40.249340,-74.789968,,,1.1910,598
1326073677,Seth,Berk,MD,oncology,Moorestown,NJ,08057,39.979658,-74.941308,32,89.41,7.0545,391
1326084310,Lawrence,Pickover,MD,gastroenterology,Somerset,NJ,08873,40.499667,-74.531844,41,98.3,1.0430,280
1326087032,Jimmie,Young,MD,primary-care,Camden,NJ,08103,39.935202,-75.112703,45,,0.0491,59
1326089004,Somaya,Abboud,MD,primary-care,West Orange,NJ,07052,40.785755,-74.265058,40,,2.5542,146
1326098930,Janey,Hughes,DO,primary-care,Hamilton,NJ,08619,40.242301,-74.696408,31,96.91,0.9286,181
1326103128,Jorge,Quintana,MD,psychiatry,Linden,NJ,07036,40.624711,-74.239362,44,,0.8690,185
1326108879,Carmine,Mazzella,DO,primary-care,Verona,NJ,07044,40.832468,-74.242863,34,,0.9916,420
1326113416,Robert,Doidge,DO,orthopedics,Englewood,NJ,07631,40.891197,-73.972515,40,,0.8372,107
1326119637,Jaffar,Raza,MD,cardiology,Teaneck,NJ,07666,40.890317,-74.011478,33,,3.0215,412
1326132150,Karen,Suchin,MD,dermatology,Haddonfield,NJ,08033,39.892421,-75.036651,29,88.22,2.3699,310
1326133034,Elias,Iliadis,MD,cardiology,Camden,NJ,08103,39.935202,-75.112703,39,,1.0040,959
1326136417,Laura,Chavez,DO,primary-care,Paterson,NJ,07514,40.924786,-74.144542,28,96.09,2.0895,67
1326137407,Wedad,Michael,MD,primary-care,Galloway,NJ,08205,39.482000,-74.452637,52,,2.1801,95
1326145764,Mohammed,Nizam,MD,neurology,Edison,NJ,08820,40.576806,-74.365750,42,96.27,1.1951,363
1326153586,Sheue,Lee,MD,oncology,Passaic,NJ,07055,40.857552,-74.129089,53,,1.4537,51
1326159443,Fred,Rincon,MD,neurology,Camden,NJ,08103,39.935202,-75.112703,30,,0.8239,198
1326166802,Phil,Whang,MD,psychiatry,Norwood,NJ,07648,40.992046,-73.950551,24,,1.3565,152
1326190828,Michael,Matarese,MD,primary-care,Lodi,NJ,07644,40.877915,-74.082500,47,96.09,1.1459,249
1326208620,Aaron,Horne,MD,cardiology,Berkeley Heights,NJ,07922,40.676590,-74.427022,20,,1.1497,492
1326215179,Sugeet,Jagpal,MD,pulmonology,New Brunswick,NJ,08901,40.483638,-74.442460,18,88.4,0.7260,233
1326219023,Tunizia,Ahmed-Flowers,MD,primary-care,Hoboken,NJ,07030,40.745251,-74.027926,25,95.05,0.9614,320
1326219577,Alfonso,Waller,MD,cardiology,Newark,NJ,07103,40.738852,-74.195264,20,98.51,0.1672,1329
1326219924,Svetlana,Fomin,MD,endocrinology,Phillipsburg,NJ,08865,40.708226,-75.147073,29,,0.8398,133
1326231879,Reem,Jaber Iqbal,DO,primary-care,Bernardsville,NJ,07924,40.725770,-74.591213,21,,0.8869,93
1326252941,Elizabeth,Ginn Scott,MD,psychiatry,Red Bank,NJ,07701,40.360509,-74.078952,22,,1.4237,49
1326257668,Amr,Kahf,MD,primary-care,Haledon,NJ,07508,40.955021,-74.183692,25,100,3.1862,198
1326258732,Nawid,Najafi,MD,primary-care,Cherry Hill,NJ,08034,39.906100,-75.000375,24,,0.3441,953
1326287624,Madhurima,Anne,MD,oncology,Hackensack,NJ,07601,40.889398,-74.045698,19,81.33,0.5481,921
1326303835,Ryan,Plyler,MD,orthopedics,Tinton Falls,NJ,07724,40.298625,-74.074178,13,75,1.1018,270
1326319302,Anna,Litvak,MD,oncology,Livingston,NJ,07039,40.785828,-74.329100,17,98.51,0.2848,65
1326320870,Shadi,Zandieh,MD,primary-care,Martinsville,NJ,08836,40.596376,-74.557320,22,,0.8556,267
1326330606,David,Chabbott,MD,cardiology,Fair Lawn,NJ,07410,40.935830,-74.117505,15,,0.9032,737
1326330861,Mamoona,Rashid,MD,primary-care,Newton,NJ,07860,41.057287,-74.802737,24,,0.6785,422
1326367012,Shazad,Shaikh,MD,orthopedics,Bridgewater,NJ,08807,40.592434,-74.618840,16,,0.7293,115
1326367988,Diana,Bush,MD,primary-care,Lawrenceville,NJ,08648,40.284490,-74.717487,16,96.91,1.3091,191
1326369968,Stephanie,Smith,MD,primary-care,Verona,NJ,07044,40.832468,-74.242863,16,,1.2765,342
1326380338,Priyam,Patel,MD,primary-care,Marlton,NJ,08053,39.856677,-74.900810,13,,0.4191,234
1326381203,Nwayieze,Ndukwe,MD,psychiatry,Denville,NJ,07834,40.886460,-74.487584,14,,0.4336,11
1326401282,Metin Bera,Demirci,MD,pulmonology,Eatontown,NJ,07724,40.298625,-74.074178,10,100,1.3019,314
1326401662,Daria,Yunina,MD,gastroenterology,Summit,NJ,07901,40.714923,-74.366372,10,,0.8601,163
1326420266,Eric,Nagele,DO,neurology,Camden,NJ,08103,39.935202,-75.112703,11,,1.1185,528
1326422643,Ellen,Duveneck,MD,primary-care,Flemington,NJ,08822,40.521995,-74.866644,21,,0.4300,160
1326427220,Gerald,Ngo,MD,cardiology,South Plainfield,NJ,07080,40.574413,-74.414800,11,,2.0710,861
1326429614,Tymaz,Adel,MD,psychiatry,Paramus,NJ,07652,40.947299,-74.070169,11,,1.2205,177
1326454638,Robert,Costello,MD,primary-care,Wayne,NJ,07470,40.945855,-74.245077,14,,2.1017,443
1326482837,Elliot,Coburn,MD,gastroenterology,Hackensack,NJ,07601,40.889398,-74.045698,13,89.38,1.0855,471
1326492125,David,Schwartz,MD,psychiatry,Cherry Hill,NJ,08002,39.934605,-75.025389,10,,2.1295,26
1326495920,Jasmine,Baez,MD,primary-care,Metuchen,NJ,08840,40.543139,-74.358981,12,96.09,1.4588,167
1326500372,Chand,Marvania,DO,primary-care,Camden,NJ,08103,39.935202,-75.112703,7,99.52,0.5084,247
1326507229,Annie,Truss,MD,primary-care,New Brunswick,NJ,08901,40.483638,-74.442460,7,,0.7524,129
1326524976,Nicole,Castro,MD,primary-care,Freehold,NJ,07728,40.225793,-74.285785,8,,0.6124,65
1326541251,Dilys,Ngu,MD,psychiatry,Hamilton,NJ,08690,40.225833,-74.660096,19,98.51,0.5496,103
1326571282,Rachel,Ehrman-Dupre,MD,primary-care,Camden,NJ,08102,39.952116,-75.121149,9,91.83,0.4086,16
1326575457,George,Gorgy,MD,orthopedics,Flemington,NJ,08822,40.521995,-74.866644,9,89.99,0.7914,396
1326603762,Christopher,Corcoran,MD,primary-care,Clinton,NJ,08809,40.646036,-74.924609,7,,0.5004,228
1326608365,Michael,Boulos,MD,primary-care,Marlton,NJ,08053,39.856677,-74.900810,10,,0.8272,494
1336101732,Joseph,Riesenman,MD,primary-care,Oak Ridge,NJ,07438,41.029821,-74.521772,26,,1.1225,461
1336103845,Steven,Kernis,MD,cardiology,Turnersville,NJ,08012,39.783815,-75.056068,29,84.66,2.3747,402
1336112390,Maria,Pyontek,MD,primary-care,Wall,NJ,07719,40.168908,-74.073226,33,,1.8470,83
1336114586,Vadim,Oyvin,MD,psychiatry,Rochelle Park,NJ,07662,40.906496,-74.078005,48,,2.4629,19
1336116995,Mark,Finch,MD,cardiology,Columbus,NJ,08022,40.067590,-74.705741,42,81.15,0.4283,626
1336119601,Kenneth,Khaw,MD,cardiology,Cape May Court House,NJ,08210,39.119187,-74.823188,38,,1.2049,521
1336123058,Zafar,Zamir,MD,gastroenterology,Hamilton,NJ,08690,40.225833,-74.660096,43,,0.9444,434
1336125574,John,Laratta,DO,primary-care,Hammonton,NJ,08037,39.631681,-74.773893,33,81.15,0.7955,181
1336127380,Mahmoud,Ghusson,MD,cardiology,Hamilton,NJ,08690,40.225833,-74.660096,45,75,1.4908,1486
1336129071,Michael,Aaron,DO,cardiology,Neptune,NJ,07753,40.210761,-74.074499,40,86.51,2.3368,1673
1336129931,Christie,Prestifilippo,MD,primary-care,Mendham,NJ,07945,40.780656,-74.601816,29,,1.2717,440
1336131176,Paul,Lerer,MD,gastroenterology,Westfield,NJ,07090,40.651644,-74.343447,46,,0.7207,256
1336134253,Nareshkumar,Rana,MD,primary-care,Bloomfield,NJ,07003,40.809141,-74.187142,46,,3.3038,77
1336134600,Michael,Molinaro,MD,dermatology,West Wood,NJ,07675,41.003484,-74.001753,30,93.65,0.9876,1346
1336149707,Michael,Sher,MD,primary-care,Brick,NJ,08723,40.038584,-74.111600,32,,2.9081,197
1336152206,Gabriel,Catalina,DO,primary-care,Absecon,NJ,08201,39.423563,-74.493025,30,,0.8582,675
1336179407,Rosemarie,Villamayor,MD,primary-care,Cherry Hill,NJ,08003,39.885852,-74.971145,27,,0.6047,249
1336182716,Frank,Reda,MD,primary-care,Toms River,NJ,08755,40.008534,-74.221768,33,,1.2039,641
1336185537,Henry,Ratliff,MD,psychiatry,Princeton,NJ,08540,40.364728,-74.656314,53,,2.9652,60
1336189026,Mark,Kasper,MD,orthopedics,Toms River,NJ,08755,40.008534,-74.221768,45,75,0.9340,753
1336189356,Gregory,Charko,MD,orthopedics,Cranford,NJ,07016,40.657550,-74.303632,44,,0.6457,123
1336192913,Albert,Sun,MD,endocrinology,Egg Harbor Township,NJ,08234,39.388393,-74.620728,25,,0.8654,275
1336195056,Marc,Seelagy,MD,pulmonology,Bordentown,NJ,08505,40.135589,-74.707255,40,81.15,1.0044,768
1336219914,Julia,Grimes,DO,primary-care,New Brunswick,NJ,08901,40.483638,-74.442460,32,98.51,0.4425,125
1336219948,Anthony,Inguaggiato,MD,cardiology,Union City,NJ,07087,40.767224,-74.032429,41,,3.8780,153
1336223080,Miriam,Lefkowitz,MD,primary-care,North Brunswick,NJ,08902,40.441513,-74.491214,28,,1.3616,401
1336226463,Gil,Fajardo,MD,primary-care,West New York,NJ,07093,40.786704,-74.008909,45,,1.0018,44
1336227297,Juan,Latorre,MD,primary-care,Hoboken,NJ,07030,40.745251,-74.027926,42,,0.6565,37
1336228550,Tasneem,Shaikh,MD,psychiatry,Bridgewater,NJ,08807,40.592434,-74.618840,38,98.51,0.9714,43
1336235191,Anish,Sheth,MD,gastroenterology,Plainsboro,NJ,08536,40.333076,-74.586628,25,,0.9292,562
1336244540,Anita,Ramsetty,MD,endocrinology,Englewood,NJ,07631,40.891197,-73.972515,26,96.09,0.6385,16
1336245109,Nicholas,Maglaras,MD,primary-care,Roselle Park,NJ,07204,40.665312,-74.266555,39,,0.7844,438
1336247451,Robert,Sammartino,DO,neurology,Sewell,NJ,08080,39.757353,-75.122043,36,23.89,1.0000,583
1336254762,Anna,Kissin,MD,endocrinology,Florham Park,NJ,07932,40.777461,-74.392845,30,88.35,0.7884,715
1336264282,Madhavi,Annavajjula,MD,primary-care,Morristown,NJ,07960,40.779235,-74.502462,31,,0.4397,23
1336296441,James,Patti,MD,orthopedics,Edison,NJ,08837,40.514281,-74.343859,34,,1.0312,19
1336302199,John,Shao,MD,cardiology,Irvington,NJ,07111,40.723859,-74.232522,25,98.51,1.8163,125
1336303890,Fahad,Khan,MD,gastroenterology,Hackensack,NJ,07601,40.889398,-74.045698,18,87.58,1.3515,438
1336307305,Douglas,Weine,MD,gastroenterology,Red Bank,NJ,07701,40.360509,-74.078952,22,98.3,0.8884,575
1336307529,Arkady,Broder,MD,gastroenterology,Lakewood,NJ,08701,40.077069,-74.198510,19,,1.1056,526
1336309673,Brian,Wolfman,MD,gastroenterology,Brick,NJ,08724,40.091032,-74.114395,22,98.3,0.8097,948
1336311661,Robert,Mohapatra,MD,cardiology,Haddon Heights,NJ,08035,39.879127,-75.065918,25,90.34,0.9901,1682
1336311927,Manisha,Grover,MD,primary-care,Livingston,NJ,07039,40.785828,-74.329100,29,87.07,1.2308,364
1336312727,Eric,Gordon,MD,orthopedics,Flemington,NJ,08822,40.521995,-74.866644,24,89.99,1.3429,471
1336318344,Viral,Shah,MD,endocrinology,Oradell,NJ,07649,40.956653,-74.032862,22,86.92,0.9269,534
1336331727,Neelima,Thakur,MD,neurology,Neptune,NJ,07753,40.210761,-74.074499,15,,0.7875,158
1336383637,Ping,Gu,MD,oncology,Montvale,NJ,07645,41.054594,-74.047298,41,80.37,0.9738,299
1336396357,Kevin,David,MD,oncology,Montvale,NJ,07645,41.054594,-74.047298,24,81.57,0.6116,282
1336399963,Sheema,Jalil,MD,primary-care,Pennington,NJ,08534,40.329422,-74.792789,31,,1.4731,366
1336400431,Moizah,Saad,DO,primary-care,Plainsboro,NJ,08536,40.333076,-74.586628,14,90.32,0.9652,328
1336411453,Vivek,Lingiah,MD,gastroenterology,Newark,NJ,07103,40.738852,-74.195264,17,,0.7353,32
1336419191,Jasmeen,Kaur,MD,primary-care,Elizabeth,NJ,07201,40.671272,-74.177358,15,,0.5081,29
1336438969,Kelly,Ayre,MD,primary-care,Morristown,NJ,07960,40.779235,-74.502462,15,,0.5803,711
1336444777,Angel,De La Cruz,MD,primary-care,Clifton,NJ,07011,40.880427,-74.143246,21,97.12,1.2829,187
1336467844,Laith,Zamel,MD,cardiology,Neptune,NJ,07753,40.210761,-74.074499,25,81.97,1.4783,2238
1336470228,Konika,Bose,MD,gastroenterology,Berkeley Heights,NJ,07922,40.676590,-74.427022,19,,2.7186,296
1336503267,Rami,Alrabaa,MD,orthopedics,Englewood,NJ,07631,40.891197,-73.972515,10,96.09,0.9747,348
1336527555,Jiyoung,Wong,DO,primary-care,Teaneck,NJ,07666,40.890317,-74.011478,11,,1.0086,277
1336534858,Matthew,Counihan,MD,orthopedics,Paramus,NJ,07652,40.947299,-74.070169,11,81.33,0.7568,97
1336536705,Jordan,Silver,MD,primary-care,Atlantic City,NJ,08401,39.377337,-74.451070,14,,0.8548,291
1336552397,Scott,Steven,DO,endocrinology,Cherry Hill,NJ,08034,39.906100,-75.000375,12,91.83,0.6559,395
1336568419,Christina,Johnson,MD,primary-care,Chatham,NJ,07928,40.724971,-74.415086,12,,1.0282,70
1336585710,Saadia,Mohsin,MD,primary-care,Pennington,NJ,08534,40.329422,-74.792789,13,,0.4988,321
1336593649,Mohammed,Salem,MD,primary-care,Boonton,NJ,07005,40.930350,-74.411123,10,,0.7169,856
1336597970,Viet,Nguyen,DO,primary-care,Englewood,NJ,07631,40.891197,-73.972515,10,96.09,1.0574,301
1336598713,Antonio,Valone,DO,cardiology,Moorestown,NJ,08057,39.979658,-74.941308,10,,0.5509,1503
1336635085,Sabry,Farook,MD,primary-care,Pennington,NJ,08534,40.329422,-74.792789,21,,0.4578,201
1336675461,Neelam,Upadhyaya,MD,endocrinology,Berkeley Heights,NJ,07922,40.676590,-74.427022,9,,2.0409,355
1336707421,Devon,Stutzman,DO,primary-care,Cherry Hill,NJ,08034,39.906100,-75.000375,7,99.52,1.0175,113
1336718451,Preeti,Badve,MD,primary-care,New Brunswick,NJ,08901,40.483638,-74.442460,5,,1.3699,23
1336791870,Sydney,Asselstine,MD,primary-care,Jersey City,NJ,07305,40.693004,-74.069650,7,98.51,0.6665,23
1346202439,Michele,Donato,MD,oncology,Hackensack,NJ,07601,40.889398,-74.045698,34,81.1,2.0933,340
1346212057,Douglas,Roth,DO,primary-care,Berkeley Heights,NJ,07922,40.676590,-74.427022,39,,1.1892,452
1346213386,Scott,Schlachter,DO,gastroenterology,Brick,NJ,08724,40.091032,-74.114395,35,98.3,0.8357,285
1346214533,Gary,Oxenberg,MD,primary-care,Mays Landing,NJ,08330,39.469094,-74.746992,46,,0.9233,181
1346215126,Lisa,Raacke,MD,primary-care,Hackensack,NJ,07601,40.889398,-74.045698,43,,0.8367,192
1346215225,Srinivasa,Eswarapu,MD,primary-care,Belleville,NJ,07109,40.793481,-74.161159,43,,4.0661,91
1346218856,Alexander,Swan,MD,primary-care,Avenel,NJ,07001,40.583961,-74.269704,38,,2.8542,207
1346220555,Samuel,Weiner,MD,primary-care,Marlton,NJ,08053,39.856677,-74.900810,25,,0.2411,84
1346225885,Ali,Mansour,MD,primary-care,Springfield,NJ,07081,40.697966,-74.334436,29,,1.5440,417
1346226115,William,Marion,DO,primary-care,Vernon,NJ,07462,41.198456,-74.495575,31,,0.9062,150
1346227428,Glenn,Gabisan,MD,orthopedics,Tinton Falls,NJ,07724,40.298625,-74.074178,29,75,0.7655,420
1346229598,Emily,Bahler,DO,primary-care,Livingston,NJ,07039,40.785828,-74.329100,26,,1.4299,651
1346229911,John,Saia,DO,cardiology,Hammonton,NJ,08037,39.631681,-74.773893,51,81.15,1.1883,951
1346232105,Surendra,Bagaria,MD,cardiology,Sewell,NJ,08080,39.757353,-75.122043,48,81.15,0.9198,645
1346240215,Enas,Tuppo,MD,primary-care,Hawthorne,NJ,07506,40.956957,-74.158561,31,,1.5989,453
1346241437,Samantha,Plasner,DO,primary-care,Mount Laurel,NJ,08054,39.948992,-74.900247,24,81.15,0.9558,149
1346245149,Kevin,Clancy,MD,cardiology,Toms River,NJ,08755,40.008534,-74.221768,45,98.51,0.3870,1241
1346245560,Neveen,Elkholy,DO,primary-care,Elizabeth,NJ,07202,40.652464,-74.216853,25,,0.8827,31
1346257508,Joseph,Scalia,DO,primary-care,Fanwood,NJ,07023,40.641701,-74.385692,32,,1.5833,161
1346260999,Robert,Kayser,MD,cardiology,Sea Girt,NJ,08750,40.133372,-74.041501,25,88.85,1.1566,2149
1346266939,Melissa,Carran,MD,neurology,Camden,NJ,08103,39.935202,-75.112703,32,91.83,0.6557,533
1346268521,Swapna,Nair,MD,primary-care,Marlboro,NJ,07746,40.323490,-74.254572,26,96.09,0.7570,420
1346270089,Muhammad,Bokhari,MD,primary-care,Trenton,NJ,08638,40.254018,-74.763385,34,,0.7153,261
1346272002,Yadyra,Rivera,MD,oncology,Teaneck,NJ,07666,40.890317,-74.011478,34,,0.3407,346
1346280567,Anthony,Miccio,MD,primary-care,Flanders,NJ,07836,40.843163,-74.710684,38,,1.2855,520
1346280591,Andrew,Cogan,DO,primary-care,Williamstown,NJ,08094,39.650601,-74.959311,31,,1.3107,230
1346283009,Vallur,Thirumavalava,MD,primary-care,Somerset,NJ,08873,40.499667,-74.531844,49,,2.1395,74
1346284213,Robert,Maro,MD,primary-care,Voorhees,NJ,08043,39.848570,-74.952843,46,,1.9886,462
1346285079,Hammad,Choudhry,MD,primary-care,Bayonne,NJ,07002,40.662495,-74.110201,26,,1.3112,543
1346300852,Angela,Inzerillo,MD,primary-care,Princeton,NJ,08540,40.364728,-74.656314,33,22.15,1.2922,277
1346303047,Sarah,Varkey,MD,primary-care,Somers Point,NJ,08244,39.315511,-74.598278,28,52.22,0.6476,546
1346311073,Noah,Lindenberg,MD,oncology,Marlton,NJ,08053,39.856677,-74.900810,24,95.33,16.9751,638
1346312774,John,Morone,MD,primary-care,Wayne,NJ,07470,40.945855,-74.245077,48,,1.5659,218
1346317013,Matthew,Geller,MD,psychiatry,Toms River,NJ,08753,39.979668,-74.150739,54,98.51,0.7669,71
1346320553,Jajin,Chon,MD,endocrinology,Cliffside Park,NJ,07010,40.822052,-73.987938,29,,1.1201,188
1346321767,Douglas,Richter,MD,cardiology,Cherry Hill,NJ,08002,39.934605,-75.025389,37,91.83,0.6799,744
1346324084,Ruben,Perez,MD,primary-care,Hackensack,NJ,07601,40.889398,-74.045698,42,96.09,1.6761,117
1346326956,Nader,Fahimi,MD,orthopedics,Wayne,NJ,07470,40.945855,-74.245077,29,9.09,1.9347,430
1346331675,Hailing,Zhang,MD,psychiatry,Bridgewater,NJ,08807,40.592434,-74.618840,37,,1.5156,121
1346331717,Susan,Palmer,DO,primary-care,Randolph,NJ,07869,40.841640,-74.578522,38,,1.2462,211
1346332194,Nihir,Shah,MD,cardiology,New Brunswick,NJ,08901,40.483638,-74.442460,37,98.51,1.1187,581
1346335023,Daniel,Hyman,DO,primary-care,Haddon Heights,NJ,08035,39.879127,-75.065918,36,99.52,1.1775,354
1346335874,Steven,Stecker,MD,orthopedics,Dover,NJ,07801,40.901125,-74.564783,33,24.7,1.1690,448
1346356904,Stanley,Marczyk,MD,orthopedics,Galloway,NJ,08205,39.482000,-74.452637,35,,0.9301,575
1346356912,Frederick,Dalzell,MD,orthopedics,Somers Point,NJ,08244,39.315511,-74.598278,47,,1.2586,442
1346376415,John,Russo,MD,primary-care,West Orange,NJ,07052,40.785755,-74.265058,45,,0.5859,272
1346376845,Robert,Allen,MD,dermatology,Mount Laurel,NJ,08054,39.948992,-74.900247,30,100,0.4271,6153
1346401023,Brian,Jaffe,MD,pulmonology,Voorhees,NJ,08043,39.848570,-74.952843,18,81.15,0.9015,698
1346401130,Christopher,Decotiis,MD,pulmonology,Summit,NJ,07901,40.714923,-74.366372,18,,0.8310,692
1346405727,Irene,Mazur,MD,psychiatry,Freehold,NJ,07728,40.225793,-74.285785,34,,0.7644,480
1346408689,Jesus Leandro,Almendral,MD,cardiology,Neptune,NJ,07753,40.210761,-74.074499,34,81.33,2.9687,179
1346408747,Robert,Barrucco,DO,cardiology,Voorhees,NJ,08043,39.848570,-74.952843,21,81.15,0.3017,3182
1346430774,Nudrat,Ayub,MD,primary-care,Irvington,NJ,07111,40.723859,-74.232522,27,,1.4490,402
1346445574,Kunal,Grover,MD,gastroenterology,Union,NJ,07083,40.695266,-74.269078,23,74.47,1.0183,213
1346450723,Kedron,Horvath,MD,primary-care,Haddon Heights,NJ,08035,39.879127,-75.065918,19,99.52,1.2116,137
1346507548,Jaspreet,Uppal,MD,psychiatry,Hazlet,NJ,07730,40.424164,-74.173732,14,,5.5528,36
1346515756,Amit,Patel,MD,primary-care,Lakewood,NJ,08701,40.077069,-74.198510,18,75,1.9814,630
1346516515,Tasneem,Peeraully,MD,neurology,Edison,NJ,08820,40.576806,-74.365750,22,,1.2455,119
1346546462,Reema,Patel,MD,endocrinology,Old Bridge,NJ,08857,40.392789,-74.330397,19,81.33,1.1041,342
1346554110,Jim,Nguyen,DO,primary-care,Morristown,NJ,07960,40.779235,-74.502462,17,,0.5294,992
1346572260,Lara,Mor Zilberstein,MD,primary-care,Englewood,NJ,07631,40.891197,-73.972515,27,96.09,1.3452,194
1346582277,Tom,Noff,MD,neurology,Camden,NJ,08103,39.935202,-75.112703,15,,0.8660,218
1346600749,Stephen,Rossman,DO,orthopedics,Hackensack,NJ,07601,40.889398,-74.045698,16,81.33,1.0851,236
1346602562,Ketan,Hirapara,MD,psychiatry,Edison,NJ,08837,40.514281,-74.343859,16,75,4.5576,445
1346627957,Jacquelyn,Bradley,DO,primary-care,Newark,NJ,07103,40.738852,-74.195264,11,,1.1358,72
1346629227,Amanda,Shukla,DO,primary-care,Union City,NJ,07087,40.767224,-74.032429,11,,1.7897,170
1346638350,Andrew,Parziale,MD,endocrinology,Berkeley Heights,NJ,07922,40.676590,-74.427022,14,,0.8348,449
1346656568,Sherin,Elsa Mathews,MD,endocrinology,Princeton,NJ,08540,40.364728,-74.656314,15,,1.5689,183
1346667599,Anton,Svetlanov,DO,neurology,Edison,NJ,08820,40.576806,-74.365750,12,81.33,0.8083,358
1346669686,Cindy,Wassef,MD,dermatology,Randolph,NJ,07869,40.841640,-74.578522,12,88.4,0.6470,246
1346669728,Courtney,Cunningham,MD,primary-care,Oakhurst,NJ,07755,40.263470,-74.023623,12,,0.8190,499
1346681681,Aamir,Malik,MD,endocrinology,Old Bridge,NJ,08857,40.392789,-74.330397,15,81.33,1.2065,220
1346683224,Kinjal,Dargan,MD,oncology,Camden,NJ,08103,39.935202,-75.112703,13,91.83,0.5262,139
1346684883,Lila,Bingham,DO,psychiatry,Paramus,NJ,07652,40.947299,-74.070169,13,,0.3698,27
1346689403,Yingzi,Deng,MD,primary-care,Pennington,NJ,08534,40.329422,-74.792789,31,,0.9410,281
1346691185,Amina,Mehrab,MD,primary-care,Marlton,NJ,08053,39.856677,-74.900810,13,,0.8955,101
1346695467,Emily,Silverman,MD,endocrinology,Bayonne,NJ,07002,40.662495,-74.110201,10,,0.7554,120
1346696499,Siddharth,Mahure,MD,orthopedics,Berkeley Heights,NJ,07922,40.676590,-74.427022,13,,1.2264,385
1346734332,Afrasiab,Khan,MD,primary-care,Newton,NJ,07860,41.057287,-74.802737,13,,0.6378,391
1346744604,Hely,Shah,MD,primary-care,Vineland,NJ,08360,39.492354,-75.003447,8,,0.7627,227
1346771599,Jeffin,Mathew,DO,primary-care,Hackensack,NJ,07601,40.889398,-74.045698,9,,0.9184,231
1346775335,Helen,Han,MD,neurology,New Brunswick,NJ,08901,40.483638,-74.442460,9,88.4,0.7867,334
1346794815,Elizabeth,John,MD,gastroenterology,West Caldwell,NJ,07006,40.851187,-74.282865,11,96.09,1.7030,79
1346803301,Arpita,Suri,MD,primary-care,Paterson,NJ,07503,40.897548,-74.154121,12,,1.2412,17
1346818770,Yonatan,Akivis,MD,primary-care,Morristown,NJ,07960,40.779235,-74.502462,5,,0.4514,38
1346821048,Nazia,Nawreen,MD,primary-care,Hamilton,NJ,08619,40.242301,-74.696408,14,,0.5033,48
1346821410,Momina,Ayub,MD,primary-care,Jackson,NJ,08527,40.108665,-74.358602,6,,0.3941,45
1346827953,Elena,Merino,MD,primary-care,Morristown,NJ,07960,40.779235,-74.502462,9,,0.4127,76
1346829918,David,Elson,MD,primary-care,Paramus,NJ,07652,40.947299,-74.070169,5,,0.6057,29
1346877115,Jonathan,Briganti,DO,primary-care,Belleville,NJ,07109,40.793481,-74.161159,6,,1.3525,45
1356302186,Julio,Urena,MD,primary-care,Secaucus,NJ,07094,40.781958,-74.067649,50,85.15,1.1661,68
1356302483,Eduard,Tapliga,MD,primary-care,Toms River,NJ,08753,39.979668,-74.150739,36,96.09,1.3039,146
1356303390,Constantine,Rossakis,MD,cardiology,Maywood,NJ,07607,40.902885,-74.063457,43,75,8.0870,276
1356303648,Victor,Frankel,MD,orthopedics,Linwood,NJ,08221,39.339936,-74.564470,45,,0.6823,184
1356310692,Paul,Morris,DO,primary-care,Carlstadt,NJ,07072,40.826431,-74.062335,48,,1.9672,137
1356311328,Arthur,Paulina,MD,primary-care,Florham Park,NJ,07932,40.777461,-74.392845,51,,21.3971,45
1356313878,Jason,Hall,MD,cardiology,Bridgewater,NJ,08807,40.592434,-74.618840,41,,0.8541,1445
1356314280,Elie,Mansour,MD,pulmonology,Holmdel,NJ,07733,40.374964,-74.173849,36,90.36,1.2881,218
1356314751,Angela,Adelizzi,DO,primary-care,Toms River,NJ,08755,40.008534,-74.221768,38,,0.6789,89
1356315519,James,Cozzarelli,MD,orthopedics,Ocean,NJ,07712,40.246895,-74.054502,27,72.19,0.6824,331
1356315873,Michael,Wappel,MD,cardiology,Eatontown,NJ,07724,40.298625,-74.074178,45,82.83,1.1411,1986
1356316020,Otter,Aspen,MD,dermatology,Northfield,NJ,08225,39.358340,-74.536312,21,100,4.4893,1062
1356317523,Scott,Berk,MD,primary-care,Hampton,NJ,08827,40.668424,-74.968377,30,,1.0030,110
1356319180,Mark,Zucker,MD,cardiology,Turnersville,NJ,08012,39.783815,-75.056068,45,,1.2710,164
1356321780,Michael,Dara,MD,primary-care,Morristown,NJ,07960,40.779235,-74.502462,45,,1.5202,329
1356324263,Mary,Monari-Sparks,MD,primary-care,Runnemede,NJ,08078,39.853411,-75.075502,28,99.52,1.2053,433
1356325088,Zahid,Baig,MD,gastroenterology,Hamilton,NJ,08690,40.225833,-74.660096,38,,0.9342,514
1356327183,Gary,Ciambotti,MD,gastroenterology,Hillsborough,NJ,08844,40.497692,-74.670505,32,100,1.9977,767
1356330534,Martin,Blackwell,DO,dermatology,Newton,NJ,07860,41.057287,-74.802737,38,,0.6569,152
1356337810,Dhiren,Shah,MD,pulmonology,Jackson,NJ,08527,40.108665,-74.358602,31,75,1.2955,1245
1356340780,John,Mondelli,MD,cardiology,Morristown,NJ,07960,40.779235,-74.502462,36,,0.7769,1679
1356341473,Bharat,Jhaveri,MD,primary-care,Galloway,NJ,08205,39.482000,-74.452637,55,,1.4243,15
1356348551,Thomas,Obade,MD,orthopedics,West Deptford,NJ,08096,39.829402,-75.129032,58,,1.2408,109
1356349625,David,Polizzi,MD,primary-care,Phillipsburg,NJ,08865,40.708226,-75.147073,39,,0.5340,373
1356357420,David,Feigenblum,MD,cardiology,Englewood,NJ,07631,40.891197,-73.972515,29,96.09,0.8935,1165
1356357479,Arvind,Kumar,MD,oncology,Hackensack,NJ,07601,40.889398,-74.045698,41,80.53,3.6197,62
1356361133,Kurt,Stuebben,MD,psychiatry,Princeton,NJ,08540,40.364728,-74.656314,36,,4.8438,100
1356362180,Carla,Germinario,MD,primary-care,Hackensack,NJ,07601,40.889398,-74.045698,26,,1.9903,206
1356363352,Samuel,Friedman,MD,primary-care,Hackensack,NJ,07601,40.889398,-74.045698,47,81.33,0.5981,638
1356366124,Dana,Banu,MD,primary-care,Chester,NJ,07930,40.781309,-74.683590,31,,1.3715,441
1356368823,Deepak,Jain,MD,primary-care,Somerset,NJ,08873,40.499667,-74.531844,28,,1.0796,589
1356372080,Jill,Hup,MD,primary-care,Berkeley Heights,NJ,07922,40.676590,-74.427022,30,,1.8078,169
1356372536,Anthony,De Lillo,MD,gastroenterology,Emerson,NJ,07630,40.974990,-74.023248,32,96.09,0.7829,577
1356378517,Xiaowei,Zhang,MD,primary-care,Denville,NJ,07834,40.886460,-74.487584,38,,0.7034,407
1356378574,Dordaneh,Maleki,MD,gastroenterology,Linwood,NJ,08221,39.339936,-74.564470,36,75,1.1827,387
1356379457,Keshav,Prasad,MD,primary-care,Monroe,NJ,08831,40.334341,-74.432502,49,,1.7476,161
1356381388,Richard,Golden,DO,primary-care,Haddonfield,NJ,08033,39.892421,-75.036651,42,,1.0711,14
1356382600,Priti,Gujar,MD,primary-care,Lawrence Township,NJ,08648,40.284490,-74.717487,34,75,3.7939,262
1356383863,Mario,Capio,MD,primary-care,Pompton Plains,NJ,07444,40.967407,-74.306967,31,,1.8979,659
1356384705,Ricardo,Calvo,MD,cardiology,Edison,NJ,08820,40.576806,-74.365750,45,81.33,0.3585,418
1356389860,Daniel,Manske,MD,primary-care,Bridgeton,NJ,08302,39.438613,-75.260646,37,,1.8457,24
1356392088,Sarah,Timmapuri,MD,cardiology,Hackensack,NJ,07601,40.889398,-74.045698,35,81.33,0.0450,326
1356393458,Devraj,Lahiri,MD,primary-care,Somerset,NJ,08873,40.499667,-74.531844,28,,1.0677,408
1356405419,Mona,Awad,MD,pulmonology,Hazlet,NJ,07730,40.424164,-74.173732,38,84.77,2.1796,571
1356406631,Syed,Asghar,MD,pulmonology,Hamilton,NJ,08619,40.242301,-74.696408,41,96.91,0.7080,309
1356413645,Andrew,Martin,MD,pulmonology,Browns Mills,NJ,08015,39.931536,-74.543720,42,95.33,0.3214,922
1356417794,Sylvia,Coscia,MD,primary-care,Little Falls,NJ,07424,40.882319,-74.205876,44,,2.3050,525
1356432678,Adeniyi,Ogunkoya,MD,primary-care,Irvington,NJ,07111,40.723859,-74.232522,45,,3.5042,156
1356434591,Jolanta,Kibilska-Borowski,MD,primary-care,Morristown,NJ,07960,40.779235,-74.502462,45,,1.2411,101
1356440747,Dhirendra,Das,MD,cardiology,Pompton Plains,NJ,07444,40.967407,-74.306967,55,96.09,3.2701,476
1356442602,Patrick,Lee,MD,oncology,West Long Branch,NJ,07764,40.287904,-74.020019,23,98.51,0.8438,671
1356449177,James,Ware,MD,neurology,Hamilton,NJ,08610,40.193643,-74.715963,38,,0.8030,677
1356452312,Marcia,Dover,MD,neurology,Dover,NJ,07801,40.901125,-74.564783,28,71.8,0.9926,657
1356457246,James,Charles,MD,neurology,Bayonne,NJ,07002,40.662495,-74.110201,47,,1.7210,152
1356486518,Cara,Barlis,MD,primary-care,Lawrenceville,NJ,08648,40.284490,-74.717487,40,82.51,1.0399,184
1356492433,Madhuri,Gadiyaram,MD,primary-care,Hillsborough,NJ,08844,40.497692,-74.670505,29,87.07,1.1360,372
1356508741,Daniel,Berlin,MD,neurology,Ridgewood,NJ,07450,40.981591,-74.113506,20,95.05,0.9688,678
1356517593,Guha,Venkatraman,MD,neurology,Livingston,NJ,07039,40.785828,-74.329100,20,,1.8064,550
1356521587,Deepali,Shah,DO,primary-care,Berkeley Heights,NJ,07922,40.676590,-74.427022,20,,1.3295,270
1356531768,Pallavi,Jadhav,MD,primary-care,Voorhees,NJ,08043,39.848570,-74.952843,26,81.15,0.8052,367
1356533889,Jeffrey,Lander,MD,cardiology,West Orange,NJ,07052,40.785755,-74.265058,22,98.51,0.9998,803
1356541320,Rajat,Kumar,MD,neurology,Plainsboro,NJ,08536,40.333076,-74.586628,20,96.95,0.5181,111
1356543276,Isaac,Galandauer,MD,gastroenterology,Berkeley Heights,NJ,07922,40.676590,-74.427022,24,,0.8344,502
1356573646,Talha,Khan,MD,pulmonology,New Brunswick,NJ,08901,40.483638,-74.442460,22,,1.0030,209
1356574099,Steven,Kim,MD,primary-care,Piscataway,NJ,08854,40.539658,-74.462791,30,,0.5046,389
1356580054,Sucharitha,Kankanala,MD,endocrinology,Voorhees,NJ,08043,39.848570,-74.952843,23,81.15,0.8853,278
1356585681,Jake,Zarah,MD,orthopedics,Teaneck,NJ,07666,40.890317,-74.011478,17,,1.3165,350
1356587828,Yelena,Galumyan,MD,primary-care,Englewood,NJ,07631,40.891197,-73.972515,30,96.09,0.8241,337
1356596761,Rohail,Asrar,MD,primary-care,Elizabeth,NJ,07202,40.652464,-74.216853,24,,0.9549,378
1356599294,Estela,Wajcberg,MD,primary-care,Berkeley Heights,NJ,07922,40.676590,-74.427022,17,,1.3016,297
1356620447,Monica,Barrientos,MD,primary-care,West New York,NJ,07093,40.786704,-74.008909,25,,5.6046,36
1356630172,Rowland,Chavez,MD,primary-care,Berkeley Heights,NJ,07922,40.676590,-74.427022,19,,1.8290,358
1356640239,Ankita,Sagar,MD,primary-care,Manalapan,NJ,07726,40.286506,-74.342547,15,,0.6944,26
1356650311,Tania,Ghosh,MD,primary-care,Elizabeth,NJ,07202,40.652464,-74.216853,23,,1.9108,202
1356703409,Basel,Baghal,DO,primary-care,Bayonne,NJ,07002,40.662495,-74.110201,10,85.15,1.0294,131
1356703557,Melinda,Darnell,MD,pulmonology,Turnersville,NJ,08012,39.783815,-75.056068,10,,0.6715,249
1356705180,Rachit,Vakil,MD,cardiology,Voorhees,NJ,08043,39.848570,-74.952843,10,91.83,1.2311,83
1356705727,Thomas,Haggerty,DO,primary-care,Randolph,NJ,07869,40.841640,-74.578522,10,,0.6544,295
1356723084,Vishal,Phakey,DO,primary-care,Voorhees,NJ,08043,39.848570,-74.952843,11,,1.3230,204
1356728869,Gautam,Gupta,MD,primary-care,North Bergen,NJ,07047,40.793644,-74.025027,12,,1.7269,161
1356729602,Edward,Appelbaum,DO,orthopedics,Cherry Hill,NJ,08002,39.934605,-75.025389,11,73.54,0.9956,215
1356737167,Yekaterina,Kim,MD,cardiology,Newark,NJ,07112,40.711391,-74.211683,11,98.51,0.3424,366
1356737324,Hussam,Eltoukhy,MD,oncology,West Long Branch,NJ,07764,40.287904,-74.020019,11,98.51,0.5352,491
1356739338,Megha,Chitkara,MD,primary-care,Holmdel,NJ,07733,40.374964,-74.173849,15,,0.9999,360
1356751135,Ghadier,Al Saoudi,MD,pulmonology,Brick,NJ,08724,40.091032,-74.114395,17,75,0.7214,1105
1356766489,Rubneet,Arora,MD,primary-care,Elizabeth,NJ,07202,40.652464,-74.216853,18,87.07,1.2521,363
1356784003,B'Jaun,Howard,MD,primary-care,Atlantic City,NJ,08401,39.377337,-74.451070,13,,0.8201,90
1356788160,John,Jennings,MD,orthopedics,Sewell,NJ,08080,39.757353,-75.122043,13,81.15,0.8875,448
1356789747,Jesse,Thon,MD,neurology,Camden,NJ,08103,39.935202,-75.112703,13,,0.5014,239
1356791503,Jad,Donato,MD,neurology,Hackensack,NJ,07601,40.889398,-74.045698,10,77.52,1.6134,529
1356845366,Zuhdi,Abdo,MD,orthopedics,Newark,NJ,07103,40.738852,-74.195264,8,,1.0730,12
1356845770,Ryan,Devenyi,MD,neurology,Cherry Hill,NJ,08002,39.934605,-75.025389,8,91.83,0.7277,47
1356872972,Donald,Chuang,MD,orthopedics,Englewood Cliffs,NJ,07632,40.884634,-73.944654,10,96.09,0.6601,311
1356873376,John,Sobotka,MD,psychiatry,Morristown,NJ,07960,40.779235,-74.502462,9,,0.3421,80
1356876023,Veiamin,Mayevskiy,MD,psychiatry,Somerville,NJ,08876,40.589554,-74.685411,9,98.51,1.1415,73
1356876791,Alison,Greidinger,MD,oncology,Willingboro,NJ,08046,40.027950,-74.886984,9,91.83,0.3817,129
1356879977,Katherine,Hu,DO,primary-care,Neptune,NJ,07753,40.210761,-74.074499,9,81.33,1.1637,332
1356889422,Carolyn,Peart,MD,primary-care,River Vale,NJ,07675,41.003484,-74.001753,12,,0.4177,77
1356890560,Andrew,Lu,MD,oncology,Berkeley Heights,NJ,07922,40.676590,-74.427022,12,,4.7912,244
1356911002,Akanksha,Kapoor-Bhatt,DO,primary-care,Robbinsville,NJ,08691,40.208319,-74.600928,5,,0.4661,74
1356927909,Michael,Germain,DO,primary-care,Morristown,NJ,07960,40.779235,-74.502462,5,,0.6278,241
1356979660,Paramjit,Singh,MD,primary-care,Elizabeth,NJ,07202,40.652464,-74.216853,6,87.07,1.3294,169
1366021446,Amina,Sosic,MD,primary-care,Voorhees,NJ,08043,39.848570,-74.952843,5,,0.8116,170
1366022816,Samantha,Salomon,MD,primary-care,West Orange,NJ,07052,40.785755,-74.265058,5,,0.4552,84
1366049330,Shafaq,Tarar,MD,primary-care,Clifton,NJ,07011,40.880427,-74.143246,11,,0.5070,23
1366070187,Frederick,Acquah,MD,primary-care,Toms River,NJ,08753,39.979668,-74.150739,7,96.09,0.7708,601
1366070807,Gagan,Malhi,DO,primary-care,Tinton Falls,NJ,07701,40.360509,-74.078952,6,96.09,0.6609,261
1366079659,Jessa,Hernandez,MD,primary-care,Haddon Heights,NJ,08035,39.879127,-75.065918,7,,0.5793,118
1366405813,Joshua,Hornstein,MD,orthopedics,Pennington,NJ,08534,40.329422,-74.792789,30,92.57,1.0431,148
1366408056,Hasmukh,Sutaria,MD,neurology,East Orange,NJ,07018,40.755733,-74.217917,54,,1.0993,72
1366413056,Joseph,Romanella,DO,primary-care,Manalapan,NJ,07726,40.286506,-74.342547,36,96.09,0.7489,636
1366413494,Rajney,Bais,MD,primary-care,Atlantic Highlands,NJ,07716,40.402402,-74.036306,32,96.09,0.7049,354
1366414427,Cindy,Codispoti,DO,cardiology,Hackettstown,NJ,07840,40.860045,-74.831795,26,,0.5455,1064
1366416240,Hubert,Franke,MD,primary-care,Wall Township,NJ,07719,40.168908,-74.073226,30,75,9.4324,746
1366416398,Neil,Agrawal,MD,primary-care,Howell,NJ,07731,40.149537,-74.203987,31,,0.8326,187
1366419145,Sylva,Takvorian,MD,primary-care,Emerson,NJ,07630,40.974990,-74.023248,26,,0.5411,261
1366428567,Razia,Awan,MD,primary-care,Newark,NJ,07104,40.767713,-74.168350,39,,0.5386,58
1366430209,Berton,Taffet,MD,orthopedics,Morristown,NJ,07960,40.779235,-74.502462,48,,0.7528,297
1366435216,Brenda,Matti Orozco,MD,primary-care,Morristown,NJ,07960,40.779235,-74.502462,41,,0.6587,253
1366443780,Gary,Schwartz,MD,primary-care,Hackensack,NJ,07601,40.889398,-74.045698,37,,1.5768,145
1366444002,Kevin,Mccoach,MD,cardiology,New Providence,NJ,07974,40.696919,-74.403853,44,,1.0261,406
1366449795,Iza,Boesler,MD,primary-care,Little Silver,NJ,07739,40.336952,-74.034535,40,15.37,1.9279,224
1366451098,Maithili,Rao,MD,oncology,Pompton Plains,NJ,07444,40.967407,-74.306967,27,,0.5991,617
1366473654,Aliya,Khan,MD,primary-care,Piscataway,NJ,08854,40.539658,-74.462791,36,99.52,0.9447,304
1366477697,Benjamin,Negin,MD,oncology,Vineland,NJ,08360,39.492354,-75.003447,22,99.06,7.1245,632
1366478844,Tiberiu,Gross,MD,primary-care,Brick,NJ,08723,40.038584,-74.111600,43,,0.5696,204
1366480352,Andrew,Rudnick,MD,cardiology,Flemington,NJ,08822,40.521995,-74.866644,27,85.54,0.9898,1720
1366481343,Steven,Furer,MD,cardiology,Springfield,NJ,07081,40.697966,-74.334436,26,,0.8590,1668
1366481962,Daniel,Casey,MD,primary-care,Marlton,NJ,08053,39.856677,-74.900810,24,,0.6302,441
1366482630,Mark,Ricigliano,DO,primary-care,Pennsauken,NJ,08109,39.949330,-75.049530,41,,0.9737,210
1366483380,Andrew,Fink,MD,primary-care,Hackensack,NJ,07601,40.889398,-74.045698,30,28.91,1.1752,240
1366491110,Rami,Geffner,MD,dermatology,Bayonne,NJ,07002,40.662495,-74.110201,47,94.26,2.4882,274
1366493942,Sanford,Gips,MD,cardiology,Haddon Heights,NJ,08035,39.879127,-75.065918,37,90.34,1.1623,1160
1366502163,Anshu,Bhalla,MD,primary-care,Monroe,NJ,08831,40.334341,-74.432502,23,,1.5181,33
1366510927,Marianna,Kiselev,MD,psychiatry,Freehold,NJ,07728,40.225793,-74.285785,42,,1.3000,54
1366516544,Joanne,Lundholm,MD,primary-care,Somerville,NJ,08876,40.589554,-74.685411,23,,0.6896,133
1366523011,Regis,Acosta,MD,psychiatry,Sicklerville,NJ,08081,39.732848,-74.976641,33,,1.5887,30
1366524761,Joseph,Smith,MD,primary-care,Hillsborough,NJ,08844,40.497692,-74.670505,44,,0.7353,310
1366526964,Lynn,Corrigan,DO,primary-care,Berkeley Heights,NJ,07922,40.676590,-74.427022,30,,0.8489,286
1366533309,Claudia,Ginsberg,MD,primary-care,Cedar Knolls,NJ,07927,40.823725,-74.456354,27,79.23,1.1074,947
1366542565,Jill,Williams,MD,psychiatry,Piscataway,NJ,08854,40.539658,-74.462791,33,88.4,1.6515,27
1366545170,Victor,Iturbides,MD,primary-care,Pennington,NJ,08534,40.329422,-74.792789,43,96.91,1.3502,132
1366545402,Satish,Mehta,MD,primary-care,East Orange,NJ,07018,40.755733,-74.217917,53,,1.4061,50
1366547135,Ellen,Vitievsky,MD,primary-care,West New York,NJ,07093,40.786704,-74.008909,33,,3.9041,167
1366557043,Seth,Keller,MD,neurology,Lumberton,NJ,08048,39.953850,-74.803026,37,,0.6337,741
1366562126,Angelo,Caprio,MD,primary-care,Rutherford,NJ,07070,40.820314,-74.106041,46,,74.8218,32
1366562902,Khaja,Faisal,MD,psychiatry,Bridgewater,NJ,08807,40.592434,-74.618840,31,,0.7250,157
1366580581,Vinod,Shetty,MD,primary-care,Howell,NJ,07731,40.149537,-74.203987,34,,0.7515,647
1366582116,Matthew,Ortman,MD,cardiology,Camden,NJ,08103,39.935202,-75.112703,23,91.83,1.1850,976
1366604605,Samia,Chaudry,DO,primary-care,Fair Lawn,NJ,07410,40.935830,-74.117505,18,,0.9979,80
1366604704,Yana,Garger,MD,endocrinology,Ho Ho Kus,NJ,07423,40.999500,-74.096583,19,23.95,1.0316,440
1366609174,Maria,Campoalegre,MD,primary-care,Union City,NJ,07087,40.767224,-74.032429,38,,1.3948,147
1366609794,Adel,Aziz,MD,neurology,Edison,NJ,08820,40.576806,-74.365750,25,90.94,0.5067,140
1366617334,Maria,Cisnero,MD,primary-care,Elizabeth,NJ,07208,40.672913,-74.224047,42,,1.2122,75
1366618605,Deeksha,Mehta,MD,endocrinology,Berkeley Heights,NJ,07922,40.676590,-74.427022,20,,2.1993,186
1366619371,Ulices,Perez Feliz,MD,primary-care,Northfield,NJ,08225,39.358340,-74.536312,28,,1.0405,246
1366632432,Andrew,Zinn,MD,cardiology,Haddon Heights,NJ,08035,39.879127,-75.065918,25,90.34,1.3876,1246
1366633612,Nami,Kim,DO,primary-care,Camden,NJ,08103,39.935202,-75.112703,21,99.52,1.0091,58
1366641029,Joel,Fechisin,MD,orthopedics,Ocean,NJ,07712,40.246895,-74.054502,21,72.19,1.2752,643
1366642340,Margarita,Gormus,MD,psychiatry,Secaucus,NJ,07094,40.781958,-74.067649,31,,0.5335,119
1366674889,Ashish,Shukla,MD,cardiology,Freehold,NJ,07728,40.225793,-74.285785,26,98.51,1.2173,734
1366675548,Kevin,Mangone,DO,primary-care,Ridgewood,NJ,07450,40.981591,-74.113506,17,71.32,2.1694,560
1366692253,Joseph,Girone,MD,primary-care,Mount Ephraim,NJ,08059,39.884825,-75.092667,43,85.15,1.6284,116
1366694416,Maria,Abello-Poblete,MD,dermatology,Mercerville,NJ,08619,40.242301,-74.696408,28,93.66,0.5762,623
1366725749,Emad,Eisa,MD,primary-care,Paterson,NJ,07503,40.897548,-74.154121,20,,0.7688,368
1366753493,Gohar,Petrosyan,MD,primary-care,Livingston,NJ,07039,40.785828,-74.329100,22,,0.5444,366
1366755340,Anza,Saleem,MD,primary-care,Flemington,NJ,08822,40.521995,-74.866644,19,85.54,0.5076,102
1366768996,Joanna,Tolin,MD,endocrinology,Pennington,NJ,08534,40.329422,-74.792789,16,,0.8887,210
1366785115,Jeffrey,Shrensel,MD,gastroenterology,Clark,NJ,07066,40.620650,-74.309862,13,,1.3863,208
1366790503,Meera,Yogarajah,MD,primary-care,Hamilton,NJ,08690,40.225833,-74.660096,19,98.51,1.0933,226
1366821381,Palak,Patel,MD,neurology,Edison,NJ,08820,40.576806,-74.365750,18,81.33,0.6309,314
1366836611,Samuel,Friedman,MD,primary-care,Flanders,NJ,07836,40.843163,-74.710684,11,,0.8743,190
1366837726,David,Kasper,MD,cardiology,Saddle River,NJ,07458,41.046658,-74.096482,11,96.09,2.5031,439
1366838187,Theresa,Thomas,MD,primary-care,Morristown,NJ,07960,40.779235,-74.502462,11,,1.0244,195
1366855090,Patricia,Martin,DO,primary-care,New Brunswick,NJ,08901,40.483638,-74.442460,12,87.07,1.6040,129
1366857997,Rosanna,Eang,DO,primary-care,Camden,NJ,08105,39.950340,-75.096278,12,99.52,1.0146,123
1366882474,Krystle,Chua,MD,primary-care,Haledon,NJ,07508,40.955021,-74.183692,16,100,2.4971,26
1366887549,Hammam,Alquadan,MD,endocrinology,Old Bridge,NJ,08857,40.392789,-74.330397,16,81.33,1.2742,255
1366889420,Tovah,Tripp,MD,primary-care,Hackensack,NJ,07601,40.889398,-74.045698,13,,0.7470,53
1366896524,Neeti,Patel,MD,endocrinology,Berkeley Heights,NJ,07922,40.676590,-74.427022,10,,1.6099,378
1366905382,Courtney,Curran,MD,neurology,Camden,NJ,08103,39.935202,-75.112703,7,91.83,0.5970,128
1366931107,Rachel,Abboud,DO,cardiology,Wayne,NJ,07470,40.945855,-74.245077,8,,0.7405,89
1366936742,Xiao,Chen,MD,primary-care,Clark,NJ,07066,40.620650,-74.309862,12,,0.3754,472
1366946642,Christina,Kobe,MD,primary-care,Flemington,NJ,08822,40.521995,-74.866644,8,,1.2021,186
1366962367,Nikhita,Kothari,DO,cardiology,Cherry Hill,NJ,08034,39.906100,-75.000375,9,,0.4521,234
1366970709,Vincent,Buddle,DO,orthopedics,Ocean,NJ,07712,40.246895,-74.054502,9,72.19,0.6185,438
1366971244,Raul,Vasquez Duran,MD,primary-care,Elizabeth,NJ,07201,40.671272,-74.177358,15,,1.6995,54
1366974248,Joseph,Stricker,MD,psychiatry,Morristown,NJ,07960,40.779235,-74.502462,9,,0.2423,15
1366995771,Angelica,Fernandes,MD,pulmonology,Newark,NJ,07112,40.711391,-74.211683,11,98.51,1.3645,21
1366997900,Haris,Muhammad,MD,primary-care,Hoboken,NJ,07030,40.745251,-74.027926,12,96.09,0.6109,242
1366998510,Daniel,Carrero,MD,psychiatry,Hackensack,NJ,07601,40.889398,-74.045698,10,,0.5934,122
1376003699,Rahul,Gupta,MD,primary-care,Teaneck,NJ,07666,40.890317,-74.011478,8,,0.8659,407
1376006916,Samantha,Sokoloff,MD,endocrinology,Mount Laurel,NJ,08054,39.948992,-74.900247,7,81.15,0.6621,71
1376030015,Yaritza,Serrano Gomez,MD,dermatology,Bayonne,NJ,07002,40.662495,-74.110201,9,,0.5993,54
1376036442,Jessimar,Sanchez,MD,pulmonology,Wayne,NJ,07470,40.945855,-74.245077,15,,0.7783,63
1376036483,Carla,Rodriguez,MD,primary-care,Hackettstown,NJ,07840,40.860045,-74.831795,10,96.09,0.7402,198
1376037457,Young Ju,Lee,MD,primary-care,Montclair,NJ,07042,40.813487,-74.219011,9,94.4,1.5871,108
1376048926,Amy,Weiss,MD,dermatology,Red Bank,NJ,07701,40.360509,-74.078952,8,82.52,0.9996,626
1376059717,Ali,Nadhim,MD,pulmonology,Brick,NJ,08724,40.091032,-74.114395,15,,0.7350,1193
1376066704,Nupur,Shah,MD,cardiology,Hackettstown,NJ,07840,40.860045,-74.831795,12,,0.8294,74
1376072603,Rashmi,Reddy,MD,endocrinology,Englewood,NJ,07631,40.891197,-73.972515,9,86.73,0.5328,246
1376073684,Prem,Patel,MD,primary-care,Totowa,NJ,07512,40.903415,-74.219779,9,,1.0317,348
1376076240,Jasmin,Patel,MD,neurology,Freehold,NJ,07728,40.225793,-74.285785,9,,0.7033,167
1376077693,Colin,Peters,DO,pulmonology,Galloway,NJ,08205,39.482000,-74.452637,9,93.34,0.6095,202
1376117457,Josephine,Gomes,DO,primary-care,Neptune,NJ,07753,40.210761,-74.074499,5,,0.8083,93
1376117796,Mustafa,Ozbay,MD,primary-care,Plainsboro,NJ,08536,40.333076,-74.586628,12,,0.4492,117
1376120220,Yashsavi,Sharad,DO,primary-care,Livingston,NJ,07039,40.785828,-74.329100,5,,0.9702,199
1376163386,Jaskarn,Virk,MD,primary-care,Warren,NJ,07059,40.634588,-74.519044,7,87.07,1.0110,348
1376171447,Dina,Alnabwani,MD,primary-care,Neptune,NJ,07753,40.210761,-74.074499,19,,1.1252,696
1376500967,Robert,Falconiero,DO,orthopedics,Vineland,NJ,08360,39.492354,-75.003447,42,,0.8726,35
1376501866,Maria,Comsti,MD,primary-care,Neptune,NJ,07753,40.210761,-74.074499,36,,0.9970,160
1376502237,Donna,Mcnamara,MD,oncology,Hackensack,NJ,07601,40.889398,-74.045698,27,81.1,1.2131,872
1376505057,Sangita,Doshi,MD,primary-care,Moorestown,NJ,08057,39.979658,-74.941308,27,,0.6863,106
1376507806,Sheryl,Haber Kuo,MD,primary-care,Mercerville,NJ,08619,40.242301,-74.696408,33,,1.3558,220
1376508036,Naipaul,Rambaran,MD,primary-care,Cedar Grove,NJ,07009,40.858017,-74.229784,41,,0.4326,13
1376508432,Rabin,Rozehzadeh,MD,primary-care,South Plainfield,NJ,07080,40.574413,-74.414800,25,,1.3439,104
1376510578,Marc,Cohen,MD,cardiology,Newark,NJ,07112,40.711391,-74.211683,49,98.51,1.0631,226
1376510594,Ralph,Russo,MD,cardiology,Columbus,NJ,08022,40.067590,-74.705741,41,81.15,0.7852,2519
1376510792,Taya,Glotzer,MD,cardiology,Hackensack,NJ,07601,40.889398,-74.045698,39,96.09,0.8811,801
1376512715,Nirupama,Parikh,MD,primary-care,Newton,NJ,07860,41.057287,-74.802737,34,,0.7178,445
1376514745,Daniel,Groisser,MD,dermatology,Nutley,NJ,07110,40.820616,-74.156250,40,100,1.9000,718
1376517052,Steven,Budoff,MD,psychiatry,Bound Brook,NJ,08805,40.570639,-74.537551,37,,2.2486,189
1376520825,Douglas,Corazza,MD,primary-care,Princeton,NJ,08540,40.364728,-74.656314,41,,0.7377,610
1376520940,Peter,Luongo,MD,primary-care,Hoboken,NJ,07030,40.745251,-74.027926,37,95.05,0.9771,1367
1376526004,Susan,Harding,MD,orthopedics,Cape May Court House,NJ,08210,39.119187,-74.823188,35,85.23,1.1776,177
1376526442,Roger,Thompson,MD,primary-care,Shrewsbury,NJ,07702,40.326450,-74.057373,44,81.97,0.8286,1113
1376526673,Sumul,Raval,MD,neurology,Toms River,NJ,08755,40.008534,-74.221768,36,100,1.5389,1765
1376531517,William,Costanzo,MD,cardiology,Lawrenceville,NJ,08648,40.284490,-74.717487,39,,0.4569,1182
1376535591,Hugh,Snyder,MD,primary-care,Summit,NJ,07901,40.714923,-74.366372,28,,1.3552,237
1376540351,Benjamin,Fusman,MD,cardiology,Morristown,NJ,07960,40.779235,-74.502462,38,,0.8400,1674
1376541359,Manuel,Katz,MD,primary-care,Englewood,NJ,07631,40.891197,-73.972515,29,,1.0570,650
1376543868,Elie,Chakhtoura,MD,cardiology,Livingston,NJ,07039,40.785828,-74.329100,35,,0.8141,1022
1376548172,Jeffrey,Boxman,DO,neurology,Galloway,NJ,08205,39.482000,-74.452637,34,68.6,1.3787,530
1376548719,Yaron,Bareket,MD,cardiology,Edgewater,NJ,07020,40.824650,-73.973793,39,90.32,1.8758,745
1376549576,Mark,Weinstein,MD,primary-care,Plainsboro,NJ,08536,40.333076,-74.586628,41,,1.1810,216
1376551275,Priscilla,Magsalin-Alberto,MD,primary-care,Toms River,NJ,08755,40.008534,-74.221768,55,,5.6625,152
1376554378,Guy,Francis,MD,primary-care,Maplewood,NJ,07040,40.733607,-74.271159,30,,1.7881,95
1376555847,Nancy,Spinelli,DO,dermatology,Denville,NJ,07834,40.886460,-74.487584,29,,0.7204,544
1376565507,Rajesh,Mohan,MD,cardiology,Lakewood,NJ,08701,40.077069,-74.198510,37,,2.2538,546
1376573204,Imran,Mirza,MD,primary-care,Deptford,NJ,08096,39.829402,-75.129032,31,17.61,5.0311,668
1376578237,Ronald,Ciccone,MD,primary-care,Collingswood,NJ,08108,39.915048,-75.062244,48,,1.6692,55
1376579086,Olukayode,Oladeji,MD,cardiology,East Brunswick,NJ,08816,40.429119,-74.416287,37,75,2.0150,592
1376581215,Tanner,Tridico,MD,primary-care,Monroe Township,NJ,08831,40.334341,-74.432502,23,,1.6062,670
1376583492,Paul,Gaglio,MD,gastroenterology,Newark,NJ,07103,40.738852,-74.195264,38,100,0.9728,61
1376588558,Ira,Monka,MD,primary-care,Cedar Knolls,NJ,07927,40.823725,-74.456354,42,,1.2168,488
1376594853,Angela,Miller,MD,dermatology,West Long Branch,NJ,07764,40.287904,-74.020019,39,94.24,1.1151,712
1376598136,Yelena,Birger,DO,primary-care,Manalapan,NJ,07726,40.286506,-74.342547,26,55.17,3.5305,276
1376602805,Robert,Solomon,MD,primary-care,Roselle Park,NJ,07204,40.665312,-74.266555,49,98.51,1.2853,238
1376603118,Erenio,Mejias,MD,primary-care,Elizabeth,NJ,07208,40.672913,-74.224047,49,,1.0451,21
1376616367,Calvin,Matthews,MD,orthopedics,Bloomfield,NJ,07003,40.809141,-74.187142,51,,1.1291,36
1376619908,Karen,Lin,MD,primary-care,New Brunswick,NJ,08901,40.483638,-74.442460,37,,0.6168,66
1376620500,Geronimo,Banayat,MD,primary-care,Rahway,NJ,07065,40.607152,-74.280531,47,,1.8652,387
1376626093,Najeeb,Hussain,MD,psychiatry,Newark,NJ,07103,40.738852,-74.195264,36,,1.0898,59
1376627737,Eli,Kirshner,MD,oncology,Hoboken,NJ,07030,40.745251,-74.027926,39,95.05,0.4283,612
1376635417,Inga,Friedman,MD,primary-care,East Brunswick,NJ,08816,40.429119,-74.416287,43,,1.3981,230
1376636852,Cheryl,Fialkoff,MD,dermatology,Morristown,NJ,07960,40.779235,-74.502462,40,92.38,0.7186,1041
1376637413,Mary,Bello,MD,primary-care,Mahwah,NJ,07430,41.082067,-74.183061,42,40.68,1.3043,240
1376637553,Andrew,Pecora,DO,primary-care,Clementon,NJ,08021,39.806156,-75.000012,36,41.84,2.8572,996
1376637702,Claire,Boccia Liang,MD,cardiology,Morristown,NJ,07960,40.779235,-74.502462,26,,0.7859,320
1376646992,Frank,Candido,MD,gastroenterology,River Vale,NJ,07675,41.003484,-74.001753,56,,1.1360,242
1376650754,Roberto,Solis,MD,pulmonology,Paterson,NJ,07503,40.897548,-74.154121,38,,0.6211,343
1376654624,Bakul,Desai,MD,cardiology,Jersey City,NJ,07306,40.736294,-74.071128,52,,5.9195,75
1376659037,Ayesha,Chaudhary,MD,primary-care,Freehold,NJ,07728,40.225793,-74.285785,31,81.06,2.8460,1237
1376675637,Andrew,Weissman,MD,cardiology,Englewood,NJ,07631,40.891197,-73.972515,25,96.09,0.5402,2447
1376676528,Brian,Machler,MD,dermatology,Florham Park,NJ,07932,40.777461,-74.392845,35,94.52,0.9593,1247
1376678276,Michael,Habib,MD,cardiology,East Brunswick,NJ,08816,40.429119,-74.416287,46,100,2.8353,287
1376682856,Arthur,Stowe,MD,gastroenterology,Jersey City,NJ,07305,40.693004,-74.069650,37,,1.1441,92
1376694786,Michael,Baum,DO,primary-care,South Plainfield,NJ,07080,40.574413,-74.414800,43,,3.4312,137
1376710160,Akhil,Sethi,MD,psychiatry,Marlton,NJ,08053,39.856677,-74.900810,28,,1.1737,85
1376718569,Jian,Liu,MD,primary-care,East Brunswick,NJ,08816,40.429119,-74.416287,33,100,1.3099,80
1376744755,Raymond,Briski,MD,primary-care,Livingston,NJ,07039,40.785828,-74.329100,48,,0.4552,387
1376747618,Sudha,Ganne,MD,endocrinology,West Long Branch,NJ,07764,40.287904,-74.020019,19,92.66,1.0955,796
1376757435,Rajiv,Vyas,MD,psychiatry,Hamilton,NJ,08619,40.242301,-74.696408,36,96.91,1.5445,79
1376777631,Hakeem,Tijani,MD,primary-care,Montclair,NJ,07042,40.813487,-74.219011,24,,0.8227,88
1376792382,Ravi,Diwan,MD,cardiology,Neptune,NJ,07753,40.210761,-74.074499,20,86.51,3.6095,1362
1376798074,Eiswarya,Chichili,MD,primary-care,Phillipsburg,NJ,08865,40.708226,-75.147073,25,97.13,1.0098,320
1376798454,Sairah,Khokher,MD,dermatology,Colts Neck,NJ,07722,40.287799,-74.166807,19,75,1.1705,490
1376806083,Tatiana,Mckenna,MD,primary-care,Pennington,NJ,08534,40.329422,-74.792789,18,,0.7352,256
1376806315,Monzur,Morshed,DO,cardiology,West New York,NJ,07093,40.786704,-74.008909,14,,1.0106,548
1376815647,Shivanck,Upadhyay,MD,primary-care,Paterson,NJ,07503,40.897548,-74.154121,28,,1.1461,149
1376819243,Omar,Awan,MD,primary-care,Freehold,NJ,07728,40.225793,-74.285785,16,,2.0454,829
1376849893,Dhenu,Solanki,MD,primary-care,New Brunswick,NJ,08901,40.483638,-74.442460,18,,0.3211,23
1376854836,Marc,Handler,MD,dermatology,Hamilton Square,NJ,08690,40.225833,-74.660096,16,,4.4244,1271
1376855908,Swati,Patel,MD,primary-care,Mount Holly,NJ,08060,40.010005,-74.792207,19,,0.6286,401
1376857177,Azizeh,Salloum,MD,primary-care,Glassboro,NJ,08028,39.692129,-75.124675,17,,0.2392,32
1376871202,Rafath,Humera,MD,primary-care,Clifton,NJ,07011,40.880427,-74.143246,26,,2.0230,58
1376906024,David,Kiviat,MD,neurology,Pennington,NJ,08534,40.329422,-74.792789,10,,0.4521,80
1376906222,Tobi,Ogundare,MD,primary-care,Newark,NJ,07112,40.711391,-74.211683,10,,1.1013,197
1376923755,Jonathan,Dominguez,MD,primary-care,North Bergen,NJ,07047,40.793644,-74.025027,11,,1.9655,151
1376926675,Viviam,Becerra Rivera,MD,primary-care,Englewood,NJ,07631,40.891197,-73.972515,17,84.1,0.7823,194
1376938589,Raul,Flores,MD,cardiology,Morristown,NJ,07960,40.779235,-74.502462,11,,1.1050,316
1376951004,Mehul Kumar,Patel,MD,primary-care,Hillsborough,NJ,08844,40.497692,-74.670505,22,,0.7000,1583
1376957761,Joseph,Siragusa,MD,psychiatry,Woodcliff Lake,NJ,07677,41.025977,-74.061061,13,,2.0150,236
1376960591,Kunal,Patel,MD,cardiology,Secaucus,NJ,07094,40.781958,-74.067649,16,,0.9525,140
1376964023,Emad,Gobran,MD,primary-care,Toms River,NJ,08755,40.008534,-74.221768,19,100,1.9490,584
1376975870,Siddharth,Bhimani,DO,primary-care,Turnersville,NJ,08012,39.783815,-75.056068,13,,0.6873,370
1376988279,Maya,Bass,MD,primary-care,Haddon Heights,NJ,08035,39.879127,-75.065918,13,99.52,0.5115,74
1376999367,Rashesh,Shah,MD,cardiology,Monroe Township,NJ,08831,40.334341,-74.432502,10,,2.0420,378
1386007581,Kelly,Edebiri,MD,primary-care,Newark,NJ,07112,40.711391,-74.211683,10,,1.1861,198
1386030575,Sharon,Li,MD,oncology,Newark,NJ,07103,40.738852,-74.195264,11,,0.3896,49
1386035772,Swati,Gupta,MD,primary-care,Iselin,NJ,08830,40.570142,-74.316371,11,,0.4739,331
1386038792,Deirdre,Andrews,MD,primary-care,Pennington,NJ,08534,40.329422,-74.792789,13,,0.4889,287
1386051860,Shawen,Ilaria,MD,psychiatry,New Brunswick,NJ,08901,40.483638,-74.442460,12,88.4,0.3614,22
1386060507,Punit,Jariwala,MD,primary-care,Long Branch,NJ,07740,40.295372,-73.989899,19,,2.4793,787
1386073427,Rashmi,Srikanth,MD,primary-care,Pennington,NJ,08534,40.329422,-74.792789,15,,0.9336,87
1386075224,Sulay,Shah,MD,endocrinology,Old Bridge,NJ,08857,40.392789,-74.330397,20,81.33,1.3242,329
1386092153,Zehra,Omer,MD,primary-care,Hackensack,NJ,07601,40.889398,-74.045698,10,96.09,1.2009,409
1386096865,Hammad,Abdelquader,MD,primary-care,Freehold,NJ,07728,40.225793,-74.285785,7,,0.7566,73
1386103240,Muhammad,Qasim,MD,primary-care,Hamilton,NJ,08690,40.225833,-74.660096,9,96.09,0.9861,439
1386105344,Rabhea,Chaudhry,DO,primary-care,Red Bank,NJ,07701,40.360509,-74.078952,7,85,0.9492,384
1386105906,Timothy,O Herron,MD,primary-care,Cedar Knolls,NJ,07927,40.823725,-74.456354,7,,0.7885,272
1386106219,Christopher,Lesniak,DO,endocrinology,Eatontown,NJ,07724,40.298625,-74.074178,7,,0.8424,96
1386120780,Jessica,Natale,DO,primary-care,Berkeley Heights,NJ,07922,40.676590,-74.427022,10,,1.5679,263
1386131795,Soraya,Forest,MD,primary-care,Jersey City,NJ,07305,40.693004,-74.069650,10,98.51,1.0230,37
1386132603,Urmil,Patel,MD,primary-care,Atlantic City,NJ,08401,39.377337,-74.451070,14,,0.7123,336
1386134856,Salman,Assad,MD,neurology,Camden,NJ,08103,39.935202,-75.112703,11,85.77,0.7519,83
1386136596,Julian,Zangrilli,DO,orthopedics,Ocean,NJ,07712,40.246895,-74.054502,8,99.15,0.6215,147
1386136935,Irene,Kotok,MD,primary-care,East Windsor,NJ,08520,40.255800,-74.539882,8,,0.8163,135
1386138675,Marlyn,Wu,MD,dermatology,Berkeley Heights,NJ,07922,40.676590,-74.427022,8,,0.8357,322
1386138964,Robert,Flowers,MD,psychiatry,Maplewood,NJ,07040,40.733607,-74.271159,8,,0.6331,63
1386139483,Brad,Fedor,MD,primary-care,Camden,NJ,08103,39.935202,-75.112703,8,81.15,1.0109,379
1386143667,Audrey,Compton,MD,primary-care,Englewood,NJ,07631,40.891197,-73.972515,44,,1.7566,479
1386148989,Noha,Gayed,MD,primary-care,Hackensack,NJ,07601,40.889398,-74.045698,14,81.33,1.0837,265
1386165652,Alexander,Beck,MD,primary-care,Milford,NJ,08848,40.594266,-75.096659,10,,0.4701,271
1386165801,Dina,Ibrahim,MD,primary-care,Atlantic City,NJ,08401,39.377337,-74.451070,11,100,0.7287,126
1386175297,Parth,Shah,MD,primary-care,Hamilton,NJ,08610,40.193643,-74.715963,10,,1.4326,141
1386179620,Kathrin,Serrao,MD,endocrinology,Clifton,NJ,07013,40.869405,-74.173062,9,,1.5431,155
1386185569,Christoph,Sossou,MD,cardiology,West Orange,NJ,07052,40.785755,-74.265058,9,,0.8027,186
1386202331,Karandeep,Singh,DO,primary-care,Warren,NJ,07059,40.634588,-74.519044,7,87.07,0.8926,454
1386224780,William,Ott,MD,primary-care,Jersey City,NJ,07302,40.718808,-74.044634,5,,1.2569,119
1386266674,Abdul,Parvez,MD,primary-care,Edison,NJ,08820,40.576806,-74.365750,10,,0.5547,330
1386601433,Coyle,Connolly,MD,dermatology,Linwood,NJ,08221,39.339936,-74.564470,34,93.23,13.5753,953
1386601649,Tara,Vogdes,DO,primary-care,Stone Harbor,NJ,08247,39.048975,-74.786219,28,,0.7430,483
1386601953,Steven,Brant,MD,gastroenterology,New Brunswick,NJ,08901,40.483638,-74.442460,40,88.4,1.3521,115
1386610228,Gary,Shapiro,MD,primary-care,Bordentown,NJ,08505,40.135589,-74.707255,33,,0.7936,389
1386611218,Christopher,Damico,DO,primary-care,Landing,NJ,07850,40.906766,-74.659352,36,,1.5864,347
1386622769,John,Caplan,MD,cardiology,Hamilton,NJ,08690,40.225833,-74.660096,39,75,1.3430,1474
1386630994,Osvaldo,Cortina,MD,primary-care,Union City,NJ,07087,40.767224,-74.032429,40,,1.9605,40
1386637254,David,Wexler,MD,gastroenterology,Clark,NJ,07066,40.620650,-74.309862,46,,1.1600,165
1386638377,Daniel,Style,DO,primary-care,Voorhees,NJ,08043,39.848570,-74.952843,41,75,0.6277,460
1386639185,Richard,Laudadio,MD,primary-care,Berkeley Heights,NJ,07922,40.676590,-74.427022,26,,1.2439,392
1386645638,Raj,Ballal,MD,cardiology,Edison,NJ,08820,40.576806,-74.365750,44,96.09,0.3832,1397
1386646016,Paul,Blum,MD,primary-care,Edison,NJ,08820,40.576806,-74.365750,51,96.09,1.4142,133
1386646040,Paul,Friedman,MD,pulmonology,Manasquan,NJ,08736,40.120018,-74.053257,49,75,0.8081,670
1386649861,Sagar,Desai,MD,primary-care,Metuchen,NJ,08840,40.543139,-74.358981,32,96.09,3.0096,548
1386658011,Jeffrey,Abrams,MD,orthopedics,Princeton,NJ,08540,40.364728,-74.656314,46,75,1.2174,403
1386665701,Art,Heinrich,MD,primary-care,Somerset,NJ,08873,40.499667,-74.531844,27,,2.9091,64
1386668622,Edward,Hedlund,MD,primary-care,Fort Lee,NJ,07024,40.850640,-73.971007,53,,2.7148,138
1386670206,Joseph,Fleischer,MD,primary-care,Englewood,NJ,07631,40.891197,-73.972515,29,96.09,0.9633,393
1386670552,Sergey,Rybalov,MD,gastroenterology,Dover,NJ,07801,40.901125,-74.564783,33,24.41,0.9849,442
1386670800,Jean,Ying-Chang,MD,psychiatry,Washington,NJ,07882,40.755430,-75.010870,34,,1.4339,29
1386671071,Lin,Xu,MD,primary-care,Hazlet,NJ,07730,40.424164,-74.173732,44,,1.1030,278
1386672467,Daniel,Tarditi,MD,cardiology,Haddon Heights,NJ,08035,39.879127,-75.065918,25,90.34,0.8140,2176
1386679942,Iman,Youssef,MD,neurology,Egg Harbor Township,NJ,08234,39.388393,-74.620728,44,,4.3428,96
1386683092,Byung,Yu,MD,primary-care,Bayonne,NJ,07002,40.662495,-74.110201,33,85.15,1.2780,454
1386683266,Thomas,Delcasale,DO,primary-care,Clifton,NJ,07013,40.869405,-74.173062,40,,0.5075,212
1386684280,Sofiya,Mirson,MD,primary-care,Delran,NJ,08075,40.029676,-74.948997,33,,1.1997,173
1386685303,Roger,Behar,MD,neurology,Somerset,NJ,08873,40.499667,-74.531844,46,84.73,1.3146,1266
1386688083,Serena,Lee,MD,primary-care,Parsippany,NJ,07054,40.853767,-74.401574,49,93.26,2.5469,405
1386688968,Kamalakar,Vanam,MD,primary-care,Berkeley Heights,NJ,07922,40.676590,-74.427022,43,,0.4011,264
1386690683,Donald,Fong,MD,psychiatry,Pennington,NJ,08534,40.329422,-74.792789,35,,1.1713,18
1386690840,Mohamad,Cherry,MD,oncology,Morristown,NJ,07960,40.779235,-74.502462,25,,1.0630,415
1386694362,Joseph,Schuster,MD,primary-care,Teaneck,NJ,07666,40.890317,-74.011478,45,,1.9115,207
1386694891,Brian,Thomas,MD,primary-care,East Windsor,NJ,08520,40.255800,-74.539882,26,,1.7483,119
1386703619,Siddharth,Shah,MD,primary-care,Edison,NJ,08820,40.576806,-74.365750,20,,1.4412,221
1386705127,John,Metz,MD,primary-care,Old Bridge,NJ,08857,40.392789,-74.330397,32,96.09,0.6463,141
1386707701,Min-Yen,Han,MD,primary-care,Vernon,NJ,07462,41.198456,-74.495575,57,,1.9239,74
1386712032,Andrew,Levy,MD,orthopedics,Millburn,NJ,07041,40.722433,-74.301561,39,,0.6313,20
1386723328,Jesse,Wilt,MD,pulmonology,Berkeley Heights,NJ,07922,40.676590,-74.427022,30,,1.5789,428
1386724672,Rama,Reddy,MD,endocrinology,East Orange,NJ,07018,40.755733,-74.217917,40,,1.3697,260
1386726230,Joven,Dungo,MD,primary-care,Jersey City,NJ,07302,40.718808,-74.044634,45,,1.7358,105
1386727287,Marcela,Marani-Dicovskiy,MD,primary-care,Paterson,NJ,07514,40.924786,-74.144542,36,,1.3502,150
1386729325,Adam,Rowen,MD,pulmonology,Elizabeth,NJ,07202,40.652464,-74.216853,51,,0.7213,56
1386731354,Jen,Kou,MD,primary-care,Glassboro,NJ,08028,39.692129,-75.124675,32,,2.6772,156
1386735850,Raghuveer,Annam,MD,primary-care,Phillipsburg,NJ,08865,40.708226,-75.147073,48,97.13,2.4258,244
1386747806,Ludmila,Gudz,MD,primary-care,Union,NJ,07083,40.695266,-74.269078,49,,3.0005,360
1386749315,James,Marlys,MD,primary-care,Point Pleasant Boro,NJ,08742,40.080812,-74.059117,43,75,1.6702,200
1386750255,Narendra,Gupta,MD,primary-care,Englishtown,NJ,07726,40.286506,-74.342547,40,21.59,1.5721,345
1386761153,Rebecca,Frye,MD,primary-care,Haddon Heights,NJ,08035,39.879127,-75.065918,21,,0.3222,280
1386767697,Vinay,Nakhate,MD,primary-care,Vineland,NJ,08360,39.492354,-75.003447,40,92.99,1.8281,551
1386770493,Julio,Hubert,MD,primary-care,Newark,NJ,07105,40.723066,-74.138636,50,20.81,5.6973,231
1386772515,Beena,Daniel,MD,primary-care,Cherry Hill,NJ,08002,39.934605,-75.025389,25,,1.0131,309
1386776797,Fadi,El Atat,MD,cardiology,Montclair,NJ,07042,40.813487,-74.219011,27,25.72,3.2552,325
1386780310,Thomas,Cioce,DO,primary-care,Berkeley Heights,NJ,07922,40.676590,-74.427022,22,,1.5249,509
1386793313,Indu,Sharma,MD,oncology,Mahwah,NJ,07430,41.082067,-74.183061,50,97.99,11.1425,627
1386800464,Andrew,Brown,MD,oncology,Livingston,NJ,07039,40.785828,-74.329100,23,98.51,0.8761,316
1386819589,Vivek,Sailam,MD,cardiology,Haddon Heights,NJ,08035,39.879127,-75.065918,25,90.34,1.0376,1817
1386842987,Michael,Horwitz,DO,cardiology,Willingboro,NJ,08046,40.027950,-74.886984,21,81.15,0.5600,884
1386850774,Sara,Karam,MD,cardiology,Neptune,NJ,07753,40.210761,-74.074499,25,86.51,1.4663,778
1386855849,Uzma,Shafqat,MD,endocrinology,Morristown,NJ,07960,40.779235,-74.502462,27,,0.8791,352
1386859023,Nancy,Lee,DO,primary-care,Morristown,NJ,07960,40.779235,-74.502462,22,,0.7667,175
1386859585,Ari,Eckman,MD,endocrinology,Teaneck,NJ,07666,40.890317,-74.011478,22,,1.2426,248
1386877819,Nadika,Wignarajan,MD,primary-care,Bayonne,NJ,07002,40.662495,-74.110201,21,,1.8210,72
1386886836,Daniel,Bronsnick,MD,orthopedics,Princeton,NJ,08540,40.364728,-74.656314,17,75,0.7910,665
1386894129,Justin,Schweitzer,DO,primary-care,Camden,NJ,08103,39.935202,-75.112703,18,99.52,1.4125,69
1386899235,Arun,Antony,MD,neurology,Neptune,NJ,07753,40.210761,-74.074499,25,81.33,1.0984,256
1386930378,Christopher,Daroy,MD,primary-care,Berkeley Heights,NJ,07922,40.676590,-74.427022,15,,0.3967,349
1386931129,Nidhi,Modi,MD,neurology,Lawrenceville,NJ,08648,40.284490,-74.717487,18,96.91,1.3948,329
1386959500,Alexandra,Buford,DO,primary-care,Northfield,NJ,08225,39.358340,-74.536312,18,,0.8025,202
1386962264,Michael,Lindy,MD,gastroenterology,Sparta,NJ,07871,41.046696,-74.627989,20,78.05,0.9546,966
1386968501,Stephen,Bischoff,MD,psychiatry,Englewood,NJ,07631,40.891197,-73.972515,17,96.09,1.0765,105
1396011573,Jessica,Wachtel,MD,primary-care,West Orange,NJ,07052,40.785755,-74.265058,17,98.51,0.8311,152
1396022125,Hasitkumar,Patel,MD,primary-care,Egg Harbor Township,NJ,08234,39.388393,-74.620728,19,,0.5928,281
1396033437,Ruchir,Shah,MD,neurology,Morristown,NJ,07960,40.779235,-74.502462,17,,0.7536,259
1396066627,Peter,Wenger,MD,primary-care,Lawrenceville,NJ,08648,40.284490,-74.717487,19,82.51,3.0083,183
1396087987,Samir,Khalil,MD,primary-care,Clifton,NJ,07011,40.880427,-74.143246,14,,1.2998,28
1396124871,Maggie,Hanna,MD,primary-care,Elizabeth,NJ,07202,40.652464,-74.216853,12,87.07,0.8880,664
1396128732,Gabriela,Andries,MD,primary-care,Egg Harbor Township,NJ,08234,39.388393,-74.620728,16,,0.7001,513
1396130365,David,Shaker,DO,primary-care,Teaneck,NJ,07666,40.890317,-74.011478,11,,1.3051,437
1396150041,Justin,Kei,MD,psychiatry,Maywood,NJ,07607,40.902885,-74.063457,12,81.33,0.7750,45
1396159448,Matthew,Stuart,MD,oncology,Morristown,NJ,07960,40.779235,-74.502462,12,,0.5656,554
1396159711,Scott,Seifert,DO,pulmonology,Cherry Hill,NJ,08002,39.934605,-75.025389,12,,0.7311,497
1396164893,Nikolay,Bogush,MD,cardiology,Ridgewood,NJ,07450,40.981591,-74.113506,12,95.05,1.0127,1017
1396176533,Ian,Martinez,MD,primary-care,Clinton,NJ,08809,40.646036,-74.924609,13,,0.6496,251
1396184784,Luis,Espina,MD,primary-care,Nutley,NJ,07110,40.820616,-74.156250,13,,0.8086,301
1396190252,Falisha,Gilman,MD,psychiatry,Glen Rock,NJ,07452,40.959471,-74.125202,10,,0.3498,15
1396192209,Carlos,Brazzarola,MD,primary-care,Morristown,NJ,07960,40.779235,-74.502462,15,,0.6523,320
1396192480,Meghan,Lacovara,MD,primary-care,Newark,NJ,07105,40.723066,-74.138636,10,,1.9301,170
1396197398,Brandon,Schneider,DO,primary-care,Hoboken,NJ,07030,40.745251,-74.027926,10,95.05,0.8805,475
1396207056,Kiran,Syed,MD,primary-care,Pompton Plains,NJ,07444,40.967407,-74.306967,8,,0.8170,137
1396208815,Leonid,Begun,MD,psychiatry,Ridgewood,NJ,07450,40.981591,-74.113506,12,,0.8746,246
1396234944,Julia,Yoon,MD,primary-care,Berkeley Heights,NJ,07922,40.676590,-74.427022,8,,1.1622,165
1396235800,Aya,Marachi,MD,primary-care,Freehold,NJ,07728,40.225793,-74.285785,16,76.84,0.9927,381
1396265682,Joseph,Choi,MD,orthopedics,Berkeley Heights,NJ,07922,40.676590,-74.427022,9,75,0.7293,313
1396266284,Kunal,Mehta,MD,cardiology,Berkeley Heights,NJ,07922,40.676590,-74.427022,9,,0.6922,642
1396271938,Mark,Baptiste,MD,psychiatry,Camden,NJ,08103,39.935202,-75.112703,9,96.42,0.6213,49
1396286597,Melissa,Gonzalez,MD,primary-care,Neptune,NJ,07753,40.210761,-74.074499,11,98.51,0.9023,79
1396314100,Jordan,Lastra,MD,primary-care,Camden,NJ,08103,39.935202,-75.112703,5,81.15,0.9088,132
1396327136,Tyra,White,MD,primary-care,Somerset,NJ,08873,40.499667,-74.531844,5,,0.4956,110
1396374104,Roshni,Thomas,MD,primary-care,Dayton,NJ,08810,40.368285,-74.490999,7,,0.5100,33
1396701900,Christopher,Pierson,MD,cardiology,West Long Branch,NJ,07764,40.287904,-74.020019,37,,1.0508,488
1396704755,Jonathan,Dosik,MD,dermatology,Glen Rock,NJ,07452,40.959471,-74.125202,30,94.17,0.8790,1109
1396706230,Jennifer,Cope,MD,neurology,Ridgewood,NJ,07450,40.981591,-74.113506,31,95.05,0.6260,27
1396706453,V. Paul,Kate,MD,cardiology,Brick,NJ,08724,40.091032,-74.114395,59,17.51,1.5548,2518
1396706651,Kataneh,Maleki,MD,cardiology,Edison,NJ,08820,40.576806,-74.365750,34,,1.5325,659
1396708004,Amarjot,Narula,MD,psychiatry,Ridgewood,NJ,07450,40.981591,-74.113506,47,,1.3716,78
1396708632,Robert,Hogan,DO,primary-care,Ewing,NJ,08628,40.264418,-74.827047,40,96.91,0.8924,223
1396714747,Fredric,Kleinbart,MD,orthopedics,Hamilton,NJ,08691,40.208319,-74.600928,40,,0.9083,258
1396716239,Merrick,Wetzler,MD,orthopedics,Voorhees,NJ,08043,39.848570,-74.952843,40,,1.1230,254
1396717971,Sam,Bebawy,MD,pulmonology,Holmdel,NJ,07733,40.374964,-74.173849,50,90.36,1.2381,243
1396719662,Oscar,Ortiz,MD,endocrinology,Browns Mills,NJ,08015,39.931536,-74.543720,43,75,0.9172,1325
1396737581,Akshay,Patel,MD,primary-care,Toms River,NJ,08755,40.008534,-74.221768,42,,0.9517,778
1396738738,Denise,Bongiovanni,DO,neurology,Rockaway,NJ,07866,40.954988,-74.488031,36,60.12,1.1023,502
1396739694,Richard,Rosa,MD,orthopedics,Berkeley Heights,NJ,07922,40.676590,-74.427022,48,,1.4396,859
1396751483,Joshua,Raymond,MD,primary-care,Freehold,NJ,07728,40.225793,-74.285785,30,,0.8730,217
1396753604,Michael,Stefanovich,MD,psychiatry,Englewood,NJ,07631,40.891197,-73.972515,41,,6.0711,23
1396759783,Michael,Wiederkehr,MD,dermatology,Paramus,NJ,07652,40.947299,-74.070169,28,90.76,1.0004,1296
1396760609,Manish,Bhalodia,MD,cardiology,Verona,NJ,07044,40.832468,-74.242863,33,,1.5116,727
1396768438,Swati,Sharma,MD,endocrinology,Parsippany,NJ,07054,40.853767,-74.401574,26,93.36,1.9971,455
1396768651,Misbah,Salam,MD,neurology,Lakewood,NJ,08701,40.077069,-74.198510,42,,0.5506,62
1396772281,Jeffrey,Millstein,MD,primary-care,Woodbury,NJ,08097,39.813290,-75.150650,38,,0.7545,536
1396777694,Andrea,Russo,MD,cardiology,Voorhees,NJ,08043,39.848570,-74.952843,41,91.83,1.6997,338
1396781076,Amy,Schram,DO,primary-care,Morristown,NJ,07960,40.779235,-74.502462,23,,1.0494,142
1396782595,Charles,Koo,MD,cardiology,Eatontown,NJ,07724,40.298625,-74.074178,31,82.83,1.1720,2502
1396784047,Michael,Meltzer,DO,primary-care,Hainesport,NJ,08036,39.977956,-74.836334,31,,0.6268,342
1396786000,Paul,Gwozdz,MD,primary-care,Somerset,NJ,08873,40.499667,-74.531844,29,,0.9302,101
1396798120,Watutantri,Dealwis,MD,psychiatry,Hoboken,NJ,07030,40.745251,-74.027926,41,95.05,0.5462,316
1396812632,Fred,Mcalpin,DO,orthopedics,Mullica Hill,NJ,08062,39.716095,-75.219267,33,16.46,1.1909,272
1396812954,Jose Franco,Reyes,MD,psychiatry,Magnolia,NJ,08049,39.854575,-75.038137,35,,1.0393,63
1396813614,Kiritkumar,Parmar,MD,primary-care,Vineland,NJ,08360,39.492354,-75.003447,44,94.61,1.5687,279
1396816427,Carol,Daquino,MD,primary-care,Emerson,NJ,07630,40.974990,-74.023248,45,,1.2681,535
1396817631,Gita,Patel,MD,primary-care,Hillsborough,NJ,08844,40.497692,-74.670505,47,,1.8370,79
1396818076,Jennifer,Dismukes,DO,psychiatry,Hamilton,NJ,08619,40.242301,-74.696408,28,,1.0070,98
1396826822,Robert,Post,MD,primary-care,Voorhees,NJ,08043,39.848570,-74.952843,21,,0.5816,127
1396831129,Robert,Goldman,MD,orthopedics,Cedar Knolls,NJ,07927,40.823725,-74.456354,37,79.23,1.2619,1752
1396831814,Joseph,Anton,MD,primary-care,Harrison,NJ,07029,40.743620,-74.154901,40,,1.4514,52
1396833943,Rhina,Acevedo,MD,primary-care,New Brunswick,NJ,08901,40.483638,-74.442460,30,,0.5014,52
1396840013,Elizabeth,Salcedo,MD,primary-care,Manalapan,NJ,07726,40.286506,-74.342547,42,87.16,0.5451,471
1396844148,Oscar,Verzosa,MD,primary-care,Linden,NJ,07036,40.624711,-74.239362,54,,0.9158,162
1396844163,Colette,Lieber,MD,dermatology,Clark,NJ,07066,40.620650,-74.309862,44,75,1.5448,448
1396845632,Charles,Castellano,MD,primary-care,Berkeley Heights,NJ,07922,40.676590,-74.427022,26,,1.3109,323
1396881447,William,Berlin,DO,primary-care,Little Egg Harbor Twp,NJ,08087,39.603959,-74.382181,46,,0.6972,404
1396896023,Rajankumar,Patel,MD,primary-care,Cherry Hill,NJ,08003,39.885852,-74.971145,33,75,1.4767,320
1396906913,Nader,Mahmood,MD,pulmonology,Ridgewood,NJ,07450,40.981591,-74.113506,18,96.2,2.1831,343
1396907986,Deepthi,Subramanya,MD,primary-care,Voorhees,NJ,08043,39.848570,-74.952843,20,,0.6302,179
1396933768,Donald,Barone,DO,neurology,Camden,NJ,08103,39.935202,-75.112703,52,91.83,0.7525,295
1396939252,Jeremy,Reid,MD,orthopedics,Voorhees,NJ,08043,39.848570,-74.952843,19,,1.1441,727
1396940037,Behnam,Salari,DO,orthopedics,Hackettstown,NJ,07840,40.860045,-74.831795,20,89,2.2827,32
1396940334,Kristyna,Lee,MD,dermatology,Morristown,NJ,07960,40.779235,-74.502462,21,92.38,4.7344,393
1396941126,Sushanth,Bhat,MD,neurology,Edison,NJ,08820,40.576806,-74.365750,26,81.33,0.5002,407
1396942231,Michael,Cohen,MD,cardiology,Hackensack,NJ,07601,40.889398,-74.045698,22,,1.3989,815
1396943619,Steven,Frey,MD,orthopedics,Cherry Hill,NJ,08034,39.906100,-75.000375,23,81.15,0.9334,167
1396944039,Rohit,Malik,MD,pulmonology,Marlton,NJ,08053,39.856677,-74.900810,28,81.15,0.8368,737
1396947503,Emily,Chen,MD,oncology,Hamilton,NJ,08619,40.242301,-74.696408,33,96.91,0.7091,255
1396949277,Simona,Necsutu,MD,primary-care,Medford,NJ,08055,39.862695,-74.822311,30,,0.9492,302
1396955951,Muhammad,Abbas,MD,psychiatry,Neptune,NJ,07753,40.210761,-74.074499,27,81.33,0.8509,117
1396969077,Alpesh,Patel,MD,cardiology,Plainsboro,NJ,08536,40.333076,-74.586628,26,,1.4533,1823
1396970208,Desiree,Younes,MD,cardiology,Princeton,NJ,08540,40.364728,-74.656314,17,,0.7704,1621
1396983532,Jamal,Mahmud,MD,psychiatry,Hammonton,NJ,08037,39.631681,-74.773893,39,,2.9818,30
1396996708,Kenan,Osmanovic,MD,psychiatry,Hackensack,NJ,07601,40.889398,-74.045698,18,98.51,0.4805,140
1407014350,Ciby,Varkey,MD,primary-care,Eatontown,NJ,07724,40.298625,-74.074178,22,,0.3389,64
1407014871,Ruhi,Akhtar,MD,primary-care,Westwood,NJ,07675,41.003484,-74.001753,29,,0.8266,336
1407015316,Amy,Tyberg,MD,gastroenterology,Rochelle Park,NJ,07662,40.906496,-74.078005,18,,4.1356,32
1407022460,Ashok,Chaudhary,MD,cardiology,New Brunswick,NJ,08901,40.483638,-74.442460,22,,0.3088,1884
1407042203,Konstantinos,Koulogiannis,MD,cardiology,Morristown,NJ,07960,40.779235,-74.502462,22,,0.4055,456
1407048135,Muhammad,Azam,MD,primary-care,Dayton,NJ,08810,40.368285,-74.490999,37,,1.0180,94
1407083371,Jonathan,Barker,MD,psychiatry,Margate,NJ,08402,39.326385,-74.504473,17,,0.4410,48
1407088818,Michael,Vonpoelnitz,MD,psychiatry,Denville,NJ,07834,40.886460,-74.487584,51,,0.7708,42
1407088826,Shadi,Yaghi,MD,neurology,Neptune,NJ,07753,40.210761,-74.074499,19,,0.5290,195
1407103500,Dianelys,Garcia,MD,psychiatry,Paterson,NJ,07503,40.897548,-74.154121,33,,1.6373,23
1407121684,Heather,Greenberg,MD,endocrinology,Berkeley Heights,NJ,07922,40.676590,-74.427022,14,,1.5061,732
1407127343,Rory,Ulloque,MD,primary-care,New Brunswick,NJ,08901,40.483638,-74.442460,17,98.51,0.9494,166
1407141385,Angela,Skrzynski,DO,primary-care,Marlton,NJ,08053,39.856677,-74.900810,15,,0.5712,28
1407143043,Alma,Yum,MD,neurology,Toms River,NJ,08755,40.008534,-74.221768,18,,0.5630,258
1407143951,Robert,Flowers,DO,primary-care,Bridgewater,NJ,08807,40.592434,-74.618840,15,,0.6330,438
1407146400,Melinda,Collins,DO,primary-care,Hackensack,NJ,07601,40.889398,-74.045698,15,81.33,1.9392,208
1407174451,Uzma,Chatha,MD,primary-care,East Orange,NJ,07017,40.771918,-74.207082,19,98.51,1.1072,78
1407176621,Peter,Ghobrial,MD,primary-care,Mount Holly,NJ,08060,40.010005,-74.792207,23,,0.6497,717
1407192289,Brett,Waldman,MD,cardiology,Camden,NJ,08103,39.935202,-75.112703,17,91.83,0.5534,1296
1407218795,Diandra,Nesbitt,MD,pulmonology,New Brunswick,NJ,08901,40.483638,-74.442460,10,88.4,0.7754,166
1407218928,Cresandra,Corbin,MD,primary-care,Trenton,NJ,08638,40.254018,-74.763385,18,96.91,0.6867,57
1407239064,Emily,Sussman,DO,primary-care,Haddon Heights,NJ,08035,39.879127,-75.065918,11,99.52,0.7736,311
1407295553,Brian,Forrestal,MD,cardiology,Pompton Plains,NJ,07444,40.967407,-74.306967,13,,0.7679,1149
1407298730,Kalpana,Chintha,MD,primary-care,Woodstown,NJ,08098,39.639301,-75.329801,18,,0.4128,71
1407350606,Sonia,Ahmed,MD,primary-care,West Windsor,NJ,08550,40.279953,-74.622116,9,,0.5120,45
1407353584,Manank,Patel,MD,primary-care,Plainsboro,NJ,08536,40.333076,-74.586628,8,,1.0432,255
1407385271,William,Grist,MD,primary-care,Jersey City,NJ,07304,40.717303,-74.076352,9,,0.5791,55
1407389281,Christina,Torre,DO,primary-care,Denville,NJ,07834,40.886460,-74.487584,9,,1.3334,245
1407389505,James,Sherer,MD,psychiatry,Belle Mead,NJ,08502,40.448217,-74.653244,9,,0.4561,35
1407389745,Chelsea,Cooper,MD,dermatology,Red Bank,NJ,07701,40.360509,-74.078952,9,82.52,1.4318,336
1407419641,Kruti,Matlani,MD,primary-care,Turnersville,NJ,08012,39.783815,-75.056068,8,,1.0602,322
1407801269,Martin,Lansang,MD,pulmonology,Flemington,NJ,08822,40.521995,-74.866644,34,84.94,0.6127,549
1407805914,Panchali,Ganguly,MD,primary-care,Monroe,NJ,08831,40.334341,-74.432502,39,,0.4368,255
1407824691,Sharon,Ryan,MD,primary-care,Old Bridge,NJ,08857,40.392789,-74.330397,40,,0.5339,399
1407826399,Randy,Talamayan,MD,primary-care,Lakewood,NJ,08701,40.077069,-74.198510,32,98.51,1.8278,603
1407829955,Qaisra,Saeed,MD,cardiology,Millburn,NJ,07041,40.722433,-74.301561,32,98.51,0.8845,841
1407838972,Peter,Barcas,DO,neurology,Neptune,NJ,07753,40.210761,-74.074499,40,75,0.7174,927
1407841638,Jory,Goldberg,MD,pulmonology,Monroe Township,NJ,08831,40.334341,-74.432502,50,,1.2765,296
1407846173,Niteen,Jamdar,MD,primary-care,Morristown,NJ,07960,40.779235,-74.502462,26,,0.9353,491
1407850894,Rosa,Neno,DO,primary-care,Bayonne,NJ,07002,40.662495,-74.110201,36,98.51,1.2837,444
1407852676,Stephen,Zrada,MD,oncology,Sewell,NJ,08080,39.757353,-75.122043,31,,9.3424,924
1407855984,Jacques,Raymond,MD,primary-care,Orange,NJ,07050,40.768040,-74.235692,40,,0.7233,22
1407856792,Raji,Grewal,MD,neurology,Bordentown,NJ,08505,40.135589,-74.707255,44,96.91,0.9281,132
1407857659,Jon,Bass,MD,pulmonology,Berkeley Heights,NJ,07922,40.676590,-74.427022,29,,0.8477,685
1407859705,Arthur,Cabales,MD,primary-care,Jersey City,NJ,07306,40.736294,-74.071128,42,96.09,1.1012,180
1407862519,Niloo,Prasad,MD,oncology,Edison,NJ,08820,40.576806,-74.365750,43,80.53,6.6600,155
1407866759,Selma,Akyar,MD,primary-care,East Brunswick,NJ,08816,40.429119,-74.416287,42,,1.4040,183
1407869985,Nermi,Onat,MD,primary-care,Morristown,NJ,07960,40.779235,-74.502462,43,,0.9085,74
1407872369,Harvey,Smires,MD,orthopedics,Princeton,NJ,08540,40.364728,-74.656314,43,,1.0845,280
1407877368,Rebecca,Lifchus-Ascher,MD,primary-care,Bridgewater,NJ,08807,40.592434,-74.618840,26,84.94,0.8657,359
1407880115,Robert,Dagostini,MD,orthopedics,Bedminster,NJ,07921,40.656019,-74.678657,46,79.23,0.8228,562
1407896053,Paul,Pierrot,MD,primary-care,Ewing,NJ,08628,40.264418,-74.827047,35,96.91,1.1184,139
1407896608,Joanne,Martin,MD,cardiology,Morristown,NJ,07960,40.779235,-74.502462,53,93.44,0.4853,740
1407897689,Harvey,Gross,MD,primary-care,Englewood,NJ,07631,40.891197,-73.972515,56,,1.1205,564
1407907256,Renee,Cabaleiro,MD,gastroenterology,Newark,NJ,07105,40.723066,-74.138636,39,98.51,1.5870,316
1407920408,Robert,Ruffini,MD,primary-care,Union,NJ,07083,40.695266,-74.269078,42,,0.8522,557
1407932650,George,Ciechanowski,MD,primary-care,Englewood,NJ,07631,40.891197,-73.972515,45,,1.5403,245
1407934474,Joshua,Bershad,MD,primary-care,New Brunswick,NJ,08901,40.483638,-74.442460,25,98.51,1.3853,24
1407935356,Meihong,Li,MD,primary-care,Edison,NJ,08820,40.576806,-74.365750,42,,1.5549,110
1407935398,Leo,Marcoff,MD,cardiology,Morristown,NJ,07960,40.779235,-74.502462,23,,0.4041,658
1407938780,Caroline,Mastro,MD,primary-care,Little Egg Harbor Twp,NJ,08087,39.603959,-74.382181,25,,0.7246,254
1407945462,Thomas,Judge,MD,gastroenterology,Mount Laurel,NJ,08054,39.948992,-74.900247,39,91.83,0.7157,485
1407948243,Robert,Fede,MD,primary-care,Newark,NJ,07103,40.738852,-74.195264,40,,0.5433,88
1407949514,Mir,Moosvi,MD,gastroenterology,Holmdel,NJ,07733,40.374964,-74.173849,53,,0.7869,154
1407954548,Samir,Patel,MD,primary-care,Warren,NJ,07059,40.634588,-74.519044,27,,2.7672,311
1407965775,Fazal,Bari,MD,oncology,Morristown,NJ,07960,40.779235,-74.502462,35,74.4,11.3904,489
1407968910,Herbert,Feinberg,MD,dermatology,Englewood,NJ,07631,40.891197,-73.972515,,,1.0394,326
1407970890,Pascale,Moraille,MD,psychiatry,Hoboken,NJ,07030,40.745251,-74.027926,38,,0.8785,34
1407973035,Venitius,Nunez,MD,psychiatry,Camden,NJ,08102,39.952116,-75.121149,51,,0.6127,97
1407992068,Alexander,Christou,DO,primary-care,Berkeley Heights,NJ,07922,40.676590,-74.427022,22,,1.5951,461
1417000332,Joel,Federbush,MD,psychiatry,Paramus,NJ,07652,40.947299,-74.070169,40,,1.1865,72
1417001587,Dhimant,Balar,DO,primary-care,Freehold,NJ,07728,40.225793,-74.285785,24,,1.5498,187
1417007071,Ryan,Johnson,MD,dermatology,Princeton,NJ,08540,40.364728,-74.656314,20,98.04,2.4715,600
1417031170,Tudor,Vagaonescu,MD,cardiology,New Brunswick,NJ,08901,40.483638,-74.442460,40,88.4,0.2142,2522
1417047275,Keith,Wolfson,MD,cardiology,Lawrenceville,NJ,08648,40.284490,-74.717487,25,,0.6781,1180
1417048208,Srilalitha,Donepudi,MD,primary-care,Voorhees,NJ,08043,39.848570,-74.952843,35,,0.7187,305
1417049131,Ricardo,Rey,MD,primary-care,Clifton,NJ,07011,40.880427,-74.143246,31,,2.2050,153
1417057498,Claire,Mulvihill,MD,dermatology,Bridgewater,NJ,08807,40.592434,-74.618840,38,97.5,0.6554,204
1417084468,David,Wiener,MD,orthopedics,Lakewood,NJ,08701,40.077069,-74.198510,37,98.51,0.9594,212
1417085937,Lisa,Joseph,MD,primary-care,Berkeley Heights,NJ,07922,40.676590,-74.427022,32,,1.3309,314
1417092172,Sameh,Elias,MD,primary-care,Union City,NJ,07087,40.767224,-74.032429,41,,3.0236,176
1417111493,Michael,Blake,MD,primary-care,Montclair,NJ,07042,40.813487,-74.219011,20,96.09,0.5251,630
1417112517,Anemona,Anghel-Filip,MD,cardiology,Toms River,NJ,08755,40.008534,-74.221768,19,98.51,1.3017,744
1417116682,Danielle,Lann,MD,endocrinology,Neptune,NJ,07753,40.210761,-74.074499,23,81.33,0.7767,234
1417118571,Neetu,Chahil,MD,gastroenterology,Hackensack,NJ,07601,40.889398,-74.045698,12,98.25,1.3901,378
1417119728,Preeti,Saran,MD,primary-care,Cherry Hill,NJ,08034,39.906100,-75.000375,36,,0.3752,26
1417120932,Richie,Lin,MD,dermatology,Morris Plains,NJ,07950,40.846026,-74.482314,22,96.62,1.4844,709
1417148362,Delcine,Sood,DO,cardiology,Cherry Hill,NJ,08034,39.906100,-75.000375,20,81.15,0.4378,1366
1417148644,Syed,Ali,MD,psychiatry,Belle Mead,NJ,08502,40.448217,-74.653244,28,,0.9466,107
1417151473,Qian,Wang,MD,primary-care,Plainsboro,NJ,08536,40.333076,-74.586628,29,,0.7983,207
1417151549,Talya,Spivack,MD,cardiology,Turnersville,NJ,08012,39.783815,-75.056068,19,,0.3632,530
1417155516,Edith,Sitrin,MD,primary-care,New Brunswick,NJ,08901,40.483638,-74.442460,37,,0.2102,21
1417156514,Randy,Rowlands,MD,primary-care,Manalapan,NJ,07726,40.286506,-74.342547,23,85.15,0.8477,503
1417157629,Kinshasa,Morton,MD,primary-care,New Brunswick,NJ,08901,40.483638,-74.442460,23,,0.5227,91
1417162090,Andrew,Lee,MD,pulmonology,Marlton,NJ,08053,39.856677,-74.900810,20,81.15,0.9119,871
1417165416,Mark,Cerefice,MD,gastroenterology,Brick,NJ,08724,40.091032,-74.114395,21,98.3,0.9513,862
1417167693,Sourav,Sen,MD,primary-care,Fair Lawn,NJ,07410,40.935830,-74.117505,27,,2.7759,72
1417182577,Sarah,Varghese,MD,endocrinology,Cherry Hill,NJ,08034,39.906100,-75.000375,20,81.15,0.8711,274
1417186842,Sophia,Khan,MD,primary-care,Mount Laurel,NJ,08054,39.948992,-74.900247,25,81.15,0.7713,78
1417191651,Angela,Scevola-Dattoli,MD,primary-care,Browns Mills,NJ,08015,39.931536,-74.543720,20,,0.4989,130
1417191917,Mahir,Patel,MD,dermatology,Paramus,NJ,07652,40.947299,-74.070169,17,100,0.7275,359
1417199050,Samantha,Herman,MD,dermatology,Wayne,NJ,07470,40.945855,-74.245077,23,,0.6727,286
1417203787,Ahmed,Alansari,MD,gastroenterology,Marlboro,NJ,07746,40.323490,-74.254572,20,98.3,0.7906,376
1417205279,Vikram,Lal,DO,primary-care,Egg Harbor Township,NJ,08234,39.388393,-74.620728,15,,0.8389,325
1417215468,Christopher,Batchelor,MD,primary-care,Berkeley Heights,NJ,07922,40.676590,-74.427022,14,,1.6720,453
1417223942,David,Bezov,MD,neurology,Hackensack,NJ,07601,40.889398,-74.045698,19,99.8,0.6666,146
1417229683,Amanda,Dunec,MD,dermatology,Short Hills,NJ,07078,40.742264,-74.327574,15,96.62,1.1239,167
1417247784,Henry,Dinneen,DO,gastroenterology,Morristown,NJ,07960,40.779235,-74.502462,15,,0.9192,425
1417275520,John,Werber,MD,cardiology,Freehold,NJ,07728,40.225793,-74.285785,16,98.51,1.0189,1186
1417278805,Sabine,Paul-Yee,MD,primary-care,Marlboro,NJ,07746,40.323490,-74.254572,19,,0.8681,222
1417296641,Robin,Bigelow,MD,neurology,Berkeley Heights,NJ,07922,40.676590,-74.427022,10,,0.8897,511
1417304478,Parmvir,Singh,MD,dermatology,Moorestown,NJ,08057,39.979658,-74.941308,10,,1.7951,160
1417307638,Alejandro,Morales Restrepo,MD,orthopedics,Wayne,NJ,07470,40.945855,-74.245077,14,,0.9064,216
1417309881,Dharti,Panara,MD,primary-care,Bridgewater,NJ,08807,40.592434,-74.618840,10,,0.4748,194
1417310590,Jeffrey,Fein,DO,primary-care,Holmdel,NJ,07733,40.374964,-74.173849,10,96.09,1.0478,238
1417343674,Riju,Banerjee,MD,cardiology,Princeton,NJ,08540,40.364728,-74.656314,11,,0.7977,694
1417355959,Gargi,Patel,MD,psychiatry,Piscataway,NJ,08854,40.539658,-74.462791,14,,0.7390,120
1417358367,Katherine,Linder,MD,oncology,Hackensack,NJ,07601,40.889398,-74.045698,12,81.1,1.8398,327
1417363441,Srishti,Shah,DO,primary-care,Berkeley Heights,NJ,07922,40.676590,-74.427022,12,,1.4620,161
1417364456,Kristine,Badin,MD,oncology,Jersey City,NJ,07305,40.693004,-74.069650,12,,1.3852,51
1417365438,Abhishek,Agarwal,MD,pulmonology,Marlton,NJ,08053,39.856677,-74.900810,15,,0.8611,597
1417375478,Lori,Atkinson,MD,primary-care,Haddon Heights,NJ,08035,39.879127,-75.065918,12,99.52,0.4185,85
1417379041,Ateka,Gunja,MD,primary-care,Edison,NJ,08820,40.576806,-74.365750,15,98.51,0.8295,151
1417389339,Ronnie,Kallini,MD,primary-care,Englewood,NJ,07631,40.891197,-73.972515,14,,0.4871,301
1417440439,Mohamed,Elagami,MD,gastroenterology,Hackensack,NJ,07601,40.889398,-74.045698,8,,1.6720,28
1417441098,Amy,Han,DO,primary-care,Flemington,NJ,08822,40.521995,-74.866644,4,82.61,0.5004,419
1417452392,Yiwen,Shi,MD,neurology,Cherry Hill,NJ,08002,39.934605,-75.025389,8,,0.7442,68
1417453242,Stephen,Ong,MD,primary-care,Jersey City,NJ,07302,40.718808,-74.044634,9,87.07,0.6528,480
1417477340,Yudi,Camacho,MD,endocrinology,West New York,NJ,07093,40.786704,-74.008909,9,96.09,0.9089,99
1417488511,George,Mbolu,MD,pulmonology,Roselle,NJ,07203,40.652211,-74.260158,12,,1.4235,486
1417488628,Zachary,Wilt,MD,orthopedics,Egg Harbor Township,NJ,08234,39.388393,-74.620728,9,92.57,0.8552,494
1417517509,Ahmed,Ezzelden,MD,primary-care,Morristown,NJ,07960,40.779235,-74.502462,9,,0.5388,496
1417533860,Harry,Qi,DO,primary-care,North Bergen,NJ,07047,40.793644,-74.025027,5,,0.4767,68
1417572207,Abhishek,Verma,MD,primary-care,Edison,NJ,08820,40.576806,-74.365750,9,22.17,0.9334,435
1417584962,Chukwunwike,Okafor,MD,primary-care,East Hanover,NJ,07936,40.818553,-74.363742,6,,0.7371,53
1417900614,Kenneth,Schulner,MD,cardiology,Willingboro,NJ,08046,40.027950,-74.886984,49,,5.0215,30
1417904509,Banu,Mahalingam,MD,cardiology,Princeton,NJ,08540,40.364728,-74.656314,31,,1.2138,1321
1417906439,David,Bullek,MD,orthopedics,Berkeley Heights,NJ,07922,40.676590,-74.427022,39,,1.2771,686
1417906678,Pavan,Sachan,MD,gastroenterology,Rahway,NJ,07065,40.607152,-74.280531,29,94.76,1.4900,299
1417907171,Valeria,Kleshchelskaya,MD,primary-care,Clark,NJ,07066,40.620650,-74.309862,34,87.07,1.0660,419
1417913021,Shawn,Field,MD,primary-care,Hazlet,NJ,07730,40.424164,-74.173732,29,89.34,1.8880,354
1417913245,Rebecca,Baxt,MD,dermatology,Paramus,NJ,07652,40.947299,-74.070169,30,,0.6087,440
1417915422,Leah,Kopelan,MD,primary-care,Bayonne,NJ,07002,40.662495,-74.110201,29,,0.9868,78
1417915968,Thaddeus,Aversa,DO,primary-care,Phillipsburg,NJ,08865,40.708226,-75.147073,32,,1.6436,610
1417916446,Ronald,Frank,MD,primary-care,Green Brook,NJ,08812,40.598731,-74.478793,37,,1.1488,892
1417917717,Karim,Karim,MD,primary-care,Hackensack,NJ,07601,40.889398,-74.045698,39,96.09,3.4092,134
1417917907,Yisrael,Kadosh,MD,cardiology,Lakewood,NJ,08701,40.077069,-74.198510,26,80.37,1.7800,1211
1417918392,Anupama,Rao,MD,primary-care,Little Egg Harbor Twp,NJ,08087,39.603959,-74.382181,31,96.09,1.6884,297
1417920695,Adel,Armanious,MD,primary-care,West Orange,NJ,07052,40.785755,-74.265058,38,,1.8784,140
1417920836,Mitchell,Weiser,MD,cardiology,Ridgewood,NJ,07450,40.981591,-74.113506,29,95.05,1.3301,1314
1417924622,Chi,Lee,MD,primary-care,Holmdel,NJ,07733,40.374964,-74.173849,57,,1.4511,181
1417925538,Mayer,Ezer,MD,primary-care,Perth Amboy,NJ,08861,40.520494,-74.272943,28,96.09,0.8275,100
1417925660,Frank,Matteace,MD,primary-care,Edison,NJ,08820,40.576806,-74.365750,42,33.29,1.3550,251
1417926429,Gunwant,Guron,MD,oncology,Newark,NJ,07102,40.735659,-74.173605,45,,0.8439,182
1417934449,Jason,Cohen,MD,orthopedics,Tinton Falls,NJ,07724,40.298625,-74.074178,32,,1.8930,91
1417934712,Anna,Slavin,MD,primary-care,Denville,NJ,07834,40.886460,-74.487584,30,,0.4374,23
1417937582,Henry,Dombrowski,DO,primary-care,Stratford,NJ,08084,39.828990,-75.015536,45,,1.0758,61
1417945825,Louis,Tsarouhas,MD,primary-care,Lawrenceville,NJ,08648,40.284490,-74.717487,39,,1.5018,219
1417947094,Angel,Rodis,MD,pulmonology,Marlton,NJ,08053,39.856677,-74.900810,40,81.15,0.9001,831
1417947748,Dennis,Kelly,MD,cardiology,North Bergen,NJ,07047,40.793644,-74.025027,31,96.09,0.4612,1244
1417949975,Diptika,Patel,MD,primary-care,Old Bridge,NJ,08857,40.392789,-74.330397,49,,1.3810,94
1417953258,John,Nolan,MD,orthopedics,Hamilton,NJ,08691,40.208319,-74.600928,44,,0.9568,477
1417958521,Lisa,Coohill,MD,neurology,Berkeley Heights,NJ,07922,40.676590,-74.427022,35,,0.9724,303
1417958604,Matthew,Conigliari,MD,neurology,Mountain Lakes,NJ,07046,40.890853,-74.442032,32,90.83,1.0944,568
1417960063,Stephen,Zabinski,MD,orthopedics,Somers Point,NJ,08244,39.315511,-74.598278,35,,2.1948,1024
1417960725,Nishi,Sahay,MD,primary-care,Manahawkin,NJ,08050,39.712132,-74.231888,39,23.41,1.3390,673
1417963505,Richard,Mojares,MD,primary-care,Oakhurst,NJ,07755,40.263470,-74.023623,29,,0.6211,334
1417967019,Frank,Ruiz,MD,gastroenterology,Clifton,NJ,07013,40.869405,-74.173062,33,85.5,1.0469,228
1417975194,Madhu,Parmar,MD,primary-care,Hackensack,NJ,07601,40.889398,-74.045698,47,82.4,1.2547,263
1417975640,Deborah,Spey,MD,dermatology,Livingston,NJ,07039,40.785828,-74.329100,34,100,0.6757,40
1417976531,Teresa,Thomas,MD,primary-care,Lakewood,NJ,08701,40.077069,-74.198510,38,,3.4482,87
1417978883,Kenneth,Zierer,MD,gastroenterology,Rutherford,NJ,07070,40.820314,-74.106041,38,81.42,1.0806,265
1417983461,Prabhat,Das,MD,pulmonology,Toms River,NJ,08755,40.008534,-74.221768,42,50.61,3.1035,344
1417984659,Angelo,Chinnici,MD,primary-care,Asbury Park,NJ,07712,40.246895,-74.054502,44,,1.7916,508
1417986167,Srinivas,Vasireddi,MD,gastroenterology,Metuchen,NJ,08840,40.543139,-74.358981,37,24.07,1.8632,289
1417988262,Leonard,Moss,DO,cardiology,Cedar Knolls,NJ,07927,40.823725,-74.456354,37,,0.5197,1035
1417990086,David,Arveladze,MD,primary-care,Marlton,NJ,08053,39.856677,-74.900810,31,,0.3877,388
1417991381,Rajashree,Bhatnagar,MD,primary-care,Ridgewood,NJ,07450,40.981591,-74.113506,32,,0.7831,13
1417997115,Rajesh,Malik,MD,primary-care,Mullica Hill,NJ,08062,39.716095,-75.219267,32,,1.1144,385
1417999202,Joseph,Luayon,MD,primary-care,Westfield,NJ,07090,40.651644,-74.343447,25,88.42,2.1311,491
1427001593,Amy,Mcandrew,MD,psychiatry,Blackwood,NJ,08012,39.783815,-75.056068,23,,0.8969,142
1427002807,Christopher,Cassetty,MD,dermatology,Flemington,NJ,08822,40.521995,-74.866644,26,95.16,0.9287,1118
1427004472,Bindu,Khanna,MD,psychiatry,Paterson,NJ,07503,40.897548,-74.154121,35,,2.0083,19
1427008945,Craig,Snyder,MD,cardiology,Edison,NJ,08837,40.514281,-74.343859,31,,1.1546,1115
1427012533,Kenneth,Grossman,MD,dermatology,Little Silver,NJ,07739,40.336952,-74.034535,49,,0.8470,1267
1427012731,Sohee,Bidol-Lee,MD,primary-care,Union City,NJ,07087,40.767224,-74.032429,27,,0.8162,85
1427013937,Carolyn,Mudry,DO,primary-care,Northvale,NJ,07647,41.009421,-73.941984,24,,1.7042,233
1427014224,Thiruvengadam,Anandarangam,MD,pulmonology,Newark,NJ,07112,40.711391,-74.211683,38,100,2.1807,45
1427015619,Fauzia,Mahmood,MD,psychiatry,Montville,NJ,07045,40.906942,-74.365608,50,,4.5454,20
1427020296,Harvey,Bucholtz,MD,endocrinology,Hackensack,NJ,07601,40.889398,-74.045698,58,81.33,1.5007,91
1427022607,James,Vandenburg,DO,primary-care,Bridgewater,NJ,08807,40.592434,-74.618840,32,,0.5527,492
1427023928,Christine,Papa,DO,dermatology,Voorhees,NJ,08043,39.848570,-74.952843,32,100,3.8216,378
1427031681,Nasser,Borai,MD,oncology,Galloway,NJ,08205,39.482000,-74.452637,45,75,9.2497,300
1427037803,Marc,Cantillon,MD,psychiatry,Livingston,NJ,07039,40.785828,-74.329100,39,,4.3092,108
1427047646,Thomas,Barrett,MD,orthopedics,Somers Point,NJ,08244,39.315511,-74.598278,32,,1.4419,729
1427050103,Howard,Waksman,MD,pulmonology,Browns Mills,NJ,08015,39.931536,-74.543720,38,95.33,0.5052,660
1427052133,Joseph,Marzano,MD,gastroenterology,Red Bank,NJ,07701,40.360509,-74.078952,32,98.3,0.7667,478
1427059914,Anthony,Bonett,MD,primary-care,Woodbury,NJ,08096,39.829402,-75.129032,38,,0.6804,110
1427066596,Rupa,Mongia,MD,primary-care,Somerset,NJ,08873,40.499667,-74.531844,49,,1.2228,109
1427071091,Dan,Dragomir,MD,primary-care,Camden,NJ,08103,39.935202,-75.112703,29,99.52,0.8698,204
1427071729,Muralidhar,Krishnaiah,MD,psychiatry,Toms River,NJ,08755,40.008534,-74.221768,44,98.51,1.2263,107
1427074459,Kaushal,Nanavati,MD,primary-care,Monroe Township,NJ,08831,40.334341,-74.432502,23,97.71,3.2151,794
1427082429,Bennett,Shenker,MD,primary-care,Moorestown,NJ,08057,39.979658,-74.941308,24,,0.8075,140
1427084268,Neelam,Todi,MD,oncology,Berkeley Heights,NJ,07922,40.676590,-74.427022,30,,4.1650,172
1427085109,Atul,Prakash,MD,cardiology,Clifton,NJ,07012,40.846899,-74.160537,44,96.87,1.6777,889
1427088897,Srinivasa,Potluri,MD,neurology,Bridgewater,NJ,08807,40.592434,-74.618840,32,98.51,0.7412,781
1427091560,David,Bechtel,MD,primary-care,Moorestown,NJ,08057,39.979658,-74.941308,39,,1.8408,447
1427097211,Amit,Agarwal,MD,primary-care,Paramus,NJ,07652,40.947299,-74.070169,25,95.05,2.2080,511
1427108554,Steven,Risman,MD,primary-care,Green Brook,NJ,08812,40.598731,-74.478793,32,,0.6290,323
1427119247,Mehul,Shah,MD,gastroenterology,Millburn,NJ,07041,40.722433,-74.301561,46,100,1.0418,430
1427129006,Marvin,Ruderman,MD,neurology,Livingston,NJ,07039,40.785828,-74.329100,50,98.51,0.8741,233
1427139617,Tareef,Abbasi,MD,primary-care,Clifton,NJ,07011,40.880427,-74.143246,43,,1.4230,47
1427142520,Jose,Vazquez,MD,psychiatry,Princeton,NJ,08540,40.364728,-74.656314,49,,0.9042,73
1427142736,Rita,Kammiel,MD,psychiatry,Absecon,NJ,08201,39.423563,-74.493025,40,89.99,0.8649,326
1427153527,Marzena,Odorczuk,MD,primary-care,Totowa,NJ,07512,40.903415,-74.219779,31,,3.0094,248
1427157155,Kenneth,Belitsis,MD,gastroenterology,Long Branch,NJ,07740,40.295372,-73.989899,30,98.3,1.0549,677
1427181270,Robert,Paull,MD,dermatology,Edison,NJ,08820,40.576806,-74.365750,43,75,1.3873,436
1427182260,Barbara,Palmer,MD,psychiatry,Paramus,NJ,07652,40.947299,-74.070169,42,,0.6626,66
1427194075,Ashraf,Malek,MD,primary-care,Camden,NJ,08103,39.935202,-75.112703,31,81.15,0.8571,286
1427200245,Matthew,Giangrante,MD,primary-care,Cranford,NJ,07016,40.657550,-74.303632,20,,1.0189,232
1427203306,Justin,Pi,MD,primary-care,Flemington,NJ,08822,40.521995,-74.866644,22,84.94,0.5829,647
1427203694,Robert,Shmuts,DO,gastroenterology,Willingboro,NJ,08046,40.027950,-74.886984,18,81.15,0.8718,358
1427218239,Joseph,Shatzkes,MD,cardiology,Englewood,NJ,07631,40.891197,-73.972515,18,96.09,1.1010,717
1427218429,Kimberly,Palangio,DO,neurology,Princeton,NJ,08540,40.364728,-74.656314,20,96.91,1.3552,674
1427219914,John,Koerner,MD,orthopedics,North Bergen,NJ,07047,40.793644,-74.025027,18,81.33,0.9148,343
1427221738,Jennifer,Giardina,DO,primary-care,Toms River,NJ,08757,39.960591,-74.260843,38,,2.4642,129
1427248103,Xinye,Wu,MD,primary-care,Somerset,NJ,08873,40.499667,-74.531844,30,,2.0582,416
1427250703,Maulshree,Singh,MD,primary-care,Branchburg,NJ,08876,40.589554,-74.685411,27,,1.2688,122
1427265131,Frederick,Song,MD,orthopedics,Princeton,NJ,08540,40.364728,-74.656314,23,75,1.1375,728
1427266717,Sefton,Vergano,MD,endocrinology,Lawrenceville,NJ,08648,40.284490,-74.717487,22,,1.1924,393
1427277821,Amee,Patrawalla,MD,pulmonology,Newark,NJ,07103,40.738852,-74.195264,26,,1.0459,102
1427309210,Eric,Buxbaum,DO,orthopedics,Freehold,NJ,07728,40.225793,-74.285785,14,75,1.0869,598
1427312677,Shoaib,Malik,MD,primary-care,East Windsor,NJ,08520,40.255800,-74.539882,20,,1.6541,379
1427314202,Krishna,Chalasani,MD,endocrinology,Neptune,NJ,07753,40.210761,-74.074499,14,81.33,1.2598,462
1427315969,Patrick,Buckley,MD,orthopedics,Wall Township,NJ,07753,40.210761,-74.074499,14,,0.8536,385
1427336429,Anik,Patel,MD,gastroenterology,Flemington,NJ,08822,40.521995,-74.866644,18,94.48,1.2556,417
1427345446,Corina,Smighelschi,MD,primary-care,Union,NJ,07083,40.695266,-74.269078,17,,1.2141,227
1427374594,Shital,Shah,DO,neurology,Berkeley Heights,NJ,07922,40.676590,-74.427022,17,,2.1810,454
1427374834,Christopher,Passariello,MD,orthopedics,Toms River,NJ,08755,40.008534,-74.221768,22,98.51,1.1282,314
1427390434,Karen,Appiah,MD,primary-care,Pennington,NJ,08534,40.329422,-74.792789,16,,0.8245,383
1427391598,Ahmad,Hassan,MD,psychiatry,Hackensack,NJ,07601,40.889398,-74.045698,16,81.33,0.4672,106
1427396209,Kwan,Rivlin,MD,primary-care,Voorhees,NJ,08043,39.848570,-74.952843,18,,0.7842,200
1427417492,Lydia,Barbara,MD,primary-care,Oakland,NJ,07436,41.031022,-74.240502,13,,1.7079,146
1427419761,Roshan,Shah,DO,primary-care,Montclair,NJ,07042,40.813487,-74.219011,10,,0.7986,424
1427437763,Benjamin,Giliberti,MD,orthopedics,Tinton Falls,NJ,07724,40.298625,-74.074178,11,75,0.8365,233
1427437847,Zulekha,Atif,MD,endocrinology,Morristown,NJ,07960,40.779235,-74.502462,15,,0.6952,269
1427440932,Barbara,Schechter,MD,cardiology,Eatontown,NJ,07724,40.298625,-74.074178,11,82.83,0.9773,1498
1427444256,Ora,Domovich,MD,primary-care,New Brunswick,NJ,08901,40.483638,-74.442460,11,,1.1234,273
1427452465,Shideh,Doroudi,MD,primary-care,Paterson,NJ,07503,40.897548,-74.154121,30,,0.6244,37
1427462019,Sheema,Imran,MD,psychiatry,Perth Amboy,NJ,08861,40.520494,-74.272943,27,98.51,1.7134,156
1427475847,Eric,Osgood,MD,primary-care,Willingboro,NJ,08046,40.027950,-74.886984,17,81.15,0.7436,365
1427477785,Rameet,Hundle,MD,primary-care,Wall Township,NJ,07719,40.168908,-74.073226,12,,0.3382,78
1427477918,Ryan,Stephenson,DO,oncology,New Brunswick,NJ,08901,40.483638,-74.442460,12,88.4,0.6916,163
1427478270,Valdis,Lelkes,MD,orthopedics,Neptune,NJ,07753,40.210761,-74.074499,12,88.44,0.8332,256
1427478353,Edrik,Acevedo Beltran,MD,primary-care,Hackensack,NJ,07601,40.889398,-74.045698,12,,2.0551,568
1427518828,Aqsa,Khan,MD,primary-care,Bayonne,NJ,07002,40.662495,-74.110201,12,85.15,0.6347,121
1427538271,Emmanuel,Sanchez,MD,neurology,Jersey City,NJ,07302,40.718808,-74.044634,8,98.51,0.3089,34
1427540418,Monica,Patel,DO,primary-care,Camden,NJ,08103,39.935202,-75.112703,8,81.21,0.9768,187
1427542596,Michelle,Jaehning,MD,psychiatry,Newton,NJ,07860,41.057287,-74.802737,8,,0.3736,46
1427548841,Rhea,Farquhar,MD,primary-care,Camden,NJ,08103,39.935202,-75.112703,8,99.52,0.8335,249
1427554922,Ariel,Heller,DO,psychiatry,Oradell,NJ,07649,40.956653,-74.032862,8,,1.1310,120
1427613850,Michael,Briski,MD,primary-care,Califon,NJ,07830,40.719283,-74.794021,7,,0.6355,363
1427619550,Timothy,Vollaro,DO,primary-care,Washington,NJ,07882,40.755430,-75.010870,7,97.13,1.1129,482
1427637701,Venkata,Meka,DO,primary-care,Moorestown,NJ,08057,39.979658,-74.941308,13,,0.5156,48
1437101623,Lisa,Rink,DO,primary-care,Haddon Heights,NJ,08035,39.879127,-75.065918,31,,1.6262,172
1437102571,Lewis,Attas,MD,oncology,Englewood,NJ,07631,40.891197,-73.972515,44,96.09,0.9560,711
1437103678,Robert,Wiesen,MD,gastroenterology,Jersey City,NJ,07306,40.736294,-74.071128,26,87.16,1.8182,378
1437109741,Sandeep,Bhargava,MD,gastroenterology,Bridgewater,NJ,08807,40.592434,-74.618840,35,84.94,0.9191,248
1437115193,Karola,Prinz,MD,primary-care,Hoboken,NJ,07030,40.745251,-74.027926,43,,0.9153,639
1437116829,Satyajeet,Roy,MD,primary-care,Haddon Heights,NJ,08035,39.879127,-75.065918,33,99.52,0.9591,483
1437117827,Reddy,Allam,MD,primary-care,Montclair,NJ,07042,40.813487,-74.219011,43,,3.9963,169
1437120920,Sanjay,Kumar,MD,primary-care,Jackson,NJ,08527,40.108665,-74.358602,36,,1.1618,961
1437120961,David,Chen,MD,primary-care,Berkeley Heights,NJ,07922,40.676590,-74.427022,24,,1.4730,225
1437121068,Jeanette,Paterno,MD,primary-care,Washington,NJ,07882,40.755430,-75.010870,32,97.13,1.2734,294
1437125010,Michael,Solomon,MD,primary-care,Millburn,NJ,07041,40.722433,-74.301561,48,,2.3572,58
1437131786,Usha,Panicker,MD,endocrinology,Edison,NJ,08820,40.576806,-74.365750,45,,1.1336,132
1437134061,Kedar,Gokhale,MD,primary-care,Emerson,NJ,07630,40.974990,-74.023248,35,,1.0696,369
1437143336,Kelly,Price,MD,primary-care,Morristown,NJ,07960,40.779235,-74.502462,30,,1.0492,397
1437144391,Gautam,Surana,MD,primary-care,Elizabeth,NJ,07208,40.672913,-74.224047,53,,1.4032,96
1437144979,Vinutha,Raj,MD,primary-care,Hazlet,NJ,07730,40.424164,-74.173732,34,,2.0939,343
1437156288,Mark,Pass,MD,primary-care,Wall Township,NJ,07719,40.168908,-74.073226,27,,1.1059,1295
1437156882,Charles,Marotta,MD,cardiology,Cedar Knolls,NJ,07927,40.823725,-74.456354,44,55.5,2.2130,1359
1437157583,Richard,Friedland,MD,primary-care,Lawrenceville,NJ,08648,40.284490,-74.717487,39,,1.0964,153
1437158094,Susan,Rae,MD,primary-care,Woodland Park,NJ,07424,40.882319,-74.205876,37,,1.0895,64
1437159670,Igor,Balatsky,MD,primary-care,Browns Mills,NJ,08015,39.931536,-74.543720,40,95.33,0.8814,197
1437159902,Bennett,Schalet,DO,cardiology,Morristown,NJ,07960,40.779235,-74.502462,39,,1.3987,822
1437170891,Mark,Pollard,MD,orthopedics,Cherry Hill,NJ,08033,39.892421,-75.036651,27,85.23,0.9270,237
1437172111,Ira,Brooks,MD,primary-care,Bayonne,NJ,07002,40.662495,-74.110201,44,,1.4150,55
1437176088,Vinod,Sancheti,MD,primary-care,Toms River,NJ,08755,40.008534,-74.221768,28,,2.1491,838
1437176237,Swarna,Jayasinghe,MD,cardiology,Galloway,NJ,08205,39.482000,-74.452637,51,,1.4672,1279
1437182581,Peter,Scivoletti,MD,primary-care,Paramus,NJ,07652,40.947299,-74.070169,52,,1.0880,195
1437188653,Rubina,Raza,MD,primary-care,Hamilton,NJ,08619,40.242301,-74.696408,42,,1.7673,133
1437199346,Brian,Davis,DO,primary-care,Millville,NJ,08332,39.366217,-75.026853,26,,1.1540,491
1437202116,Scott,Sharetts,MD,neurology,Westampton,NJ,08060,40.010005,-74.792207,49,81.15,0.6992,260
1437202561,Mahmood,Shamsi,MD,primary-care,Middlesex,NJ,08846,40.574625,-74.498259,46,,1.3409,51
1437211109,Supriya,Hosadurga,MD,primary-care,Morristown,NJ,07960,40.779235,-74.502462,25,,2.1982,421
1437216777,Lewis,Levine,MD,orthopedics,East Brunswick,NJ,08816,40.429119,-74.416287,34,,0.9247,218
1437218435,Edward,Mezic,MD,pulmonology,Old Bridge,NJ,08857,40.392789,-74.330397,43,96.09,1.1984,631
1437228178,Michael,Lurakis,DO,primary-care,Mays Landing,NJ,08330,39.469094,-74.746992,46,,0.8900,353
1437231826,Joseph,Weinstein,MD,primary-care,Hillsborough,NJ,08844,40.497692,-74.670505,44,,0.7725,308
1437240553,John,Cerritelli,MD,primary-care,Belleville,NJ,07109,40.793481,-74.161159,39,,1.3372,35
1437245354,Ramesh,Patel,MD,primary-care,Maplewood,NJ,07040,40.733607,-74.271159,57,,0.8181,130
1437247558,Joseph,Kasper,MD,primary-care,Saddle River,NJ,07458,41.046658,-74.096482,33,82.43,3.2553,565
1437250644,Suzanne,Lind,MD,psychiatry,Passaic,NJ,07055,40.857552,-74.129089,29,,0.7846,83
1437254463,Debra,Reich-Sobel,DO,primary-care,Linden,NJ,07036,40.624711,-74.239362,39,,1.4829,416
1437255858,Frank,Lombardi,DO,primary-care,Phillipsburg,NJ,08865,40.708226,-75.147073,23,97.13,1.1725,501
1437259124,Kathleen,Heintz,DO,cardiology,Voorhees,NJ,08043,39.848570,-74.952843,34,91.83,0.6714,753
1437263753,Lawrence,Paolini,DO,dermatology,Cape May Court House,NJ,08210,39.119187,-74.823188,42,94.05,1.2081,327
1437290772,Oksana,Yevdokimova,MD,primary-care,Washington,NJ,07882,40.755430,-75.010870,33,97.13,1.3908,377
1437296548,Satvinder,Dhillon,MD,primary-care,Pennington,NJ,08534,40.329422,-74.792789,54,,2.6306,147
1437301231,Chaitali,Gupte,MD,pulmonology,Summit,NJ,07901,40.714923,-74.366372,23,,0.8588,655
1437323250,Isaac,Halickman,MD,cardiology,Voorhees,NJ,08043,39.848570,-74.952843,24,91.83,0.6448,1302
1437326550,Martin,Tabaksblat,MD,cardiology,Pompton Plains,NJ,07444,40.967407,-74.306967,18,,0.5778,578
1437370004,Surender,Grover,MD,orthopedics,South Amboy,NJ,08879,40.466447,-74.278639,60,,0.8532,70
1437387016,Swathi,Sanghi,MD,primary-care,Voorhees,NJ,08043,39.848570,-74.952843,24,,0.4363,331
1437393352,Megha,Shah,MD,oncology,Flemington,NJ,08822,40.521995,-74.866644,17,100,14.7108,548
1437396280,Olga,Schweiker,MD,primary-care,Haddon Heights,NJ,08035,39.879127,-75.065918,25,99.52,0.9566,412
1437412335,Christopher,Garcia,MD,cardiology,Flemington,NJ,08822,40.521995,-74.866644,14,85.54,1.0399,1427
1437444882,Banu,Karadag,MD,psychiatry,Livingston,NJ,07039,40.785828,-74.329100,28,98.51,1.2706,77
1437448115,Vinnidhy,Dave,DO,primary-care,Fair Lawn,NJ,07410,40.935830,-74.117505,15,96.09,1.4343,676
1437449642,Roopa,Roy,MD,endocrinology,New Brunswick,NJ,08901,40.483638,-74.442460,15,,0.7585,231
1437449675,Sugirdhana,Velpari,MD,gastroenterology,New Brunswick,NJ,08901,40.483638,-74.442460,15,,1.0383,489
1437449691,Betsy,Varghese,MD,primary-care,Berkeley Heights,NJ,07922,40.676590,-74.427022,19,,1.1662,159
1437462835,Nandan,Thirunahari,MD,cardiology,Plainsboro,NJ,08536,40.333076,-74.586628,27,,1.0206,1001
1437462926,Anuj,Malhotra,MD,primary-care,Princeton,NJ,08540,40.364728,-74.656314,19,,1.0235,416
1437470119,Julie,Kidangan,DO,primary-care,Wayne,NJ,07470,40.945855,-74.245077,16,82.88,0.9058,87
1437477411,Christian,Zaino,MD,orthopedics,Hackettstown,NJ,07840,40.860045,-74.831795,16,89,1.8851,100
1437490463,Elen,Wasserman,DO,primary-care,Livingston,NJ,07039,40.785828,-74.329100,13,,0.5125,124
1437492774,Sean,Kotkin,MD,cardiology,Hamilton,NJ,08690,40.225833,-74.660096,13,,1.5614,680
1437511219,Nawar,Al Obaidi,MD,primary-care,Secaucus,NJ,07094,40.781958,-74.067649,28,,9.2777,362
1437538279,Nikoletta,Proudan,DO,endocrinology,Morristown,NJ,07960,40.779235,-74.502462,11,,0.8156,355
1437538584,Noorain,Mazhar,MD,primary-care,Trenton,NJ,08638,40.254018,-74.763385,20,,0.4601,189
1437543089,Evan,Blank,MD,cardiology,Cherry Hill,NJ,08034,39.906100,-75.000375,11,81.15,0.7093,1905
1437545225,Jason,Breig,MD,primary-care,Bordentown,NJ,08505,40.135589,-74.707255,11,,1.0377,270
1437549730,Amir,Karu,MD,primary-care,Dunellen,NJ,08812,40.598731,-74.478793,14,,2.6770,318
1437557824,Xiaoping,Liu,MD,psychiatry,Maywood,NJ,07607,40.902885,-74.063457,33,97.18,0.8624,54
1437568086,Jacqueline,Ysique,MD,primary-care,Paterson,NJ,07503,40.897548,-74.154121,16,,0.4973,166
1437572468,Farhan,Malik,MD,primary-care,Plainsboro,NJ,08536,40.333076,-74.586628,21,,1.7559,601
1437577855,Salvatore,Mule,MD,primary-care,Green Brook,NJ,08812,40.598731,-74.478793,13,,0.4747,111
1437577939,Anand,Patel,MD,orthopedics,Berkeley Heights,NJ,07922,40.676590,-74.427022,12,,1.5074,837
1437581444,Purvaja,Naik,MD,primary-care,Turnersville,NJ,08012,39.783815,-75.056068,13,,0.9265,290
1437606860,Kristen,Beck,MD,dermatology,Berkeley Heights,NJ,07922,40.676590,-74.427022,10,,0.8103,513
1437653664,Joanitta,Manu,MD,primary-care,Marlton,NJ,08053,39.856677,-74.900810,13,99.52,0.5523,249
1437654944,Shawn,Jindal,MD,oncology,Livingston,NJ,07039,40.785828,-74.329100,8,,0.5670,141
1437679800,Han,Le,MD,primary-care,Bridgeton,NJ,08302,39.438613,-75.260646,9,99.52,0.7391,78
1437680832,Steven,Mathews,MD,gastroenterology,Flemington,NJ,08822,40.521995,-74.866644,9,94.48,1.7903,357
1437685948,Adil,Niaz,MD,neurology,Neptune,NJ,07753,40.210761,-74.074499,9,81.33,2.3359,109
1437712254,Usman,Shahid,MD,primary-care,Turnersville,NJ,08012,39.783815,-75.056068,7,,0.9545,263
1437778495,Ravnit,Singh,MD,primary-care,Passaic,NJ,07055,40.857552,-74.129089,7,,3.3484,29
1437788189,Ian,Miller,MD,primary-care,Newark,NJ,07103,40.738852,-74.195264,6,,0.6643,23
1447212154,Augusto,Salvatore,MD,primary-care,Warren,NJ,07059,40.634588,-74.519044,43,,2.1930,120
1447214804,Eileen,Trokhan,MD,dermatology,Closter,NJ,07624,40.972890,-73.960315,24,95.7,0.9403,934
1447221122,Richard,Marino,DO,primary-care,Holmdel,NJ,07733,40.374964,-74.173849,35,96.09,0.8465,518
1447222625,Gwen,Abeles,MD,dermatology,Montvale,NJ,07645,41.054594,-74.047298,33,97.5,3.1758,1164
1447223201,Larisa,Gershman,MD,primary-care,Wanaque,NJ,07465,41.049270,-74.292337,46,21.14,0.9352,294
1447224688,Kathryn,Hamilton,MD,primary-care,Lawrence Township,NJ,08648,40.284490,-74.717487,27,96.91,0.9869,246
1447227194,Alan,Sarokhan,MD,orthopedics,Summit,NJ,07901,40.714923,-74.366372,49,,0.8034,205
1447232582,Lizett,Marza,MD,primary-care,Shrewsbury,NJ,07702,40.326450,-74.057373,41,81.97,0.8975,1059
1447236617,Said,Saleh,MD,oncology,Belleville,NJ,07109,40.793481,-74.161159,36,98.51,3.4318,718
1447240254,Joseph,Zangara,MD,gastroenterology,Wayne,NJ,07470,40.945855,-74.245077,33,76.12,1.2156,690
1447240718,Jeffrey,Bauman,MD,endocrinology,Berkeley Heights,NJ,07922,40.676590,-74.427022,25,,1.1175,2119
1447247283,Eric,Mirsky,MD,orthopedics,Berkeley Heights,NJ,07922,40.676590,-74.427022,34,,2.1896,626
1447247689,Brian,Shaffer,MD,primary-care,Princeton,NJ,08540,40.364728,-74.656314,41,,1.6940,187
1447251509,Mark,Zimmerman,MD,pulmonology,Hackensack,NJ,07601,40.889398,-74.045698,41,,1.4522,514
1447251616,Rekha,Sharma,MD,primary-care,Elizabeth,NJ,07208,40.672913,-74.224047,40,,2.7829,54
1447255583,Warren,Churgin,MD,primary-care,Eatontown,NJ,07724,40.298625,-74.074178,46,,0.9017,215
1447259122,John,Faccone,DO,orthopedics,Berkeley Heights,NJ,07922,40.676590,-74.427022,32,,1.3598,507
1447260229,Peter,Dabrowski,MD,primary-care,Mountain Lakes,NJ,07046,40.890853,-74.442032,29,,2.0347,259
1447261458,Jeffrey,Steuer,MD,orthopedics,Teaneck,NJ,07666,40.890317,-74.011478,42,,0.9284,296
1447263744,Diana,Leu,MD,dermatology,Wayne,NJ,07470,40.945855,-74.245077,24,,0.8617,314
1447266028,Eric,Schwartz,MD,primary-care,Trenton,NJ,08618,40.249340,-74.789968,37,96.91,0.9487,21
1447268677,Lopa,Patel,MD,pulmonology,Montclair,NJ,07042,40.813487,-74.219011,24,97.66,1.3522,862
1447273180,Marc,Lamb,MD,orthopedics,Somers Point,NJ,08244,39.315511,-74.598278,32,75,0.5454,774
1447273867,Srikant,Kondapaneni,MD,pulmonology,Englewood,NJ,07631,40.891197,-73.972515,27,,0.7930,822
1447274196,Lucia,Alvarez,MD,pulmonology,North Bergen,NJ,07047,40.793644,-74.025027,39,,0.8788,168
1447274402,Barry,Wolf,MD,pulmonology,Edison,NJ,08820,40.576806,-74.365750,44,81.33,1.3015,637
1447276043,Maria,Daclan,MD,psychiatry,Atlantic City,NJ,08401,39.377337,-74.451070,28,,0.4343,76
1447276233,Robert,Chen,MD,primary-care,Shrewsbury,NJ,07702,40.326450,-74.057373,30,,0.5018,737
1447277918,Tariq,Rizvi,MD,primary-care,Somerset,NJ,08873,40.499667,-74.531844,36,,0.9593,668
1447282660,John,Pilla,MD,primary-care,Green Brook,NJ,08812,40.598731,-74.478793,42,,0.8781,1090
1447290408,Stephen,Ford,MD,primary-care,Garwood,NJ,07027,40.651331,-74.323152,42,,2.4527,128
1447294178,Jayant,Barai,MD,cardiology,East Orange,NJ,07018,40.755733,-74.217917,49,,0.5250,462
1447301700,Andrea,Buck,DO,dermatology,Sewell,NJ,08080,39.757353,-75.122043,39,96.33,0.6883,307
1447303417,Ramez,Samuel,MD,primary-care,Bloomfield,NJ,07003,40.809141,-74.187142,33,75,6.1965,467
1447337415,Sharon,Selinger,MD,endocrinology,Summit,NJ,07901,40.714923,-74.366372,45,52.85,1.0847,207
1447349162,Benjamin,Gitterman,MD,primary-care,Princeton,NJ,08540,40.364728,-74.656314,32,,1.0296,639
1447350418,David,Ogun,MD,primary-care,Lakewood,NJ,08701,40.077069,-74.198510,33,,1.1509,468
1447352364,Suzanne,Shenk,DO,primary-care,Stratford,NJ,08084,39.828990,-75.015536,39,81.15,1.5654,80
1447353792,Rakesh,Sharma,MD,primary-care,Morris Plains,NJ,07950,40.846026,-74.482314,35,,0.7749,35
1447357025,Moshe,Ephrat,MD,primary-care,Hackensack,NJ,07601,40.889398,-74.045698,39,,7.3697,171
1447363254,Elaine,Holt,MD,primary-care,Ridgewood,NJ,07450,40.981591,-74.113506,31,21.83,1.0874,830
1447364294,Timothy,Harris,DO,primary-care,Old Bridge,NJ,08857,40.392789,-74.330397,30,,0.4301,271
1447366539,Aruna,Chakrala,MD,primary-care,Plainsboro,NJ,08536,40.333076,-74.586628,31,,4.3664,102
1447391172,Edward,Milano,MD,dermatology,Wayne,NJ,07470,40.945855,-74.245077,37,,2.7649,211
1447401492,John,Robertson,MD,primary-care,Cherry Hill,NJ,08034,39.906100,-75.000375,20,99.52,1.0538,276
1447406913,Christopher,Bader,DO,primary-care,Brick,NJ,08724,40.091032,-74.114395,20,,1.7785,316
1447419718,Mohamed,Elsawaf,MD,pulmonology,Brick,NJ,08724,40.091032,-74.114395,24,75,0.8349,943
1447426457,Evan,Wright,DO,primary-care,Eatontown,NJ,07724,40.298625,-74.074178,18,,0.6477,178
1447430244,Manish,Khetani,MD,primary-care,Freehold,NJ,07728,40.225793,-74.285785,31,,0.5687,25
1447434469,Samir,Shah,MD,cardiology,Lawrenceville,NJ,08648,40.284490,-74.717487,21,96.91,0.4622,827
1447440680,Manolito,Cadacio,MD,primary-care,Northfield,NJ,08225,39.358340,-74.536312,28,,1.2199,306
1447446158,Arthur,Nahas,MD,primary-care,Northfield,NJ,08225,39.358340,-74.536312,50,,1.0299,281
1447453329,Anusuya,Jeyakumar,MD,primary-care,Trenton,NJ,08638,40.254018,-74.763385,40,75,3.0849,381
1447459292,Stephanie,Adam,DO,orthopedics,Berkeley Heights,NJ,07922,40.676590,-74.427022,22,,0.8302,412
1447493820,Amit,Sood,MD,orthopedics,Franklin Lakes,NJ,07417,41.007526,-74.205653,17,75,1.3557,431
1447504378,Zeshan,Latif,MD,primary-care,Browns Mills,NJ,08015,39.931536,-74.543720,15,,0.3984,114
1447506175,Arthi,Senra,MD,primary-care,Morristown,NJ,07960,40.779235,-74.502462,15,,0.7054,156
1447510334,Joseph,Yu,MD,cardiology,Hackensack,NJ,07601,40.889398,-74.045698,14,90.74,2.8983,650
1447513213,Joyce,Tsai,MD,neurology,Paramus,NJ,07652,40.947299,-74.070169,14,,1.4478,262
1447546775,Prakriti,Merchant,MD,gastroenterology,Union,NJ,07083,40.695266,-74.269078,9,98.51,1.3371,127
1447552948,Sandra,Kopp,MD,dermatology,Cherry Hill,NJ,08002,39.934605,-75.025389,18,75,1.0286,406
1447559455,Kristen,Clark,MD,psychiatry,Hackensack,NJ,07601,40.889398,-74.045698,16,81.33,0.4594,45
1447559505,Oleg,Shulik,MD,gastroenterology,Montclair,NJ,07042,40.813487,-74.219011,20,96.09,1.6673,421
1447559943,Adrian,Padkowsky,MD,primary-care,Bayonne,NJ,07002,40.662495,-74.110201,16,22.38,0.9735,449
1447561121,Tahseen,Malik,MD,primary-care,West Deptford,NJ,08096,39.829402,-75.129032,42,,0.5546,37
1447563754,Navpreet,Minhas,MD,primary-care,Morristown,NJ,07960,40.779235,-74.502462,27,,1.8230,275
1447567979,Mark,Paiste,DO,orthopedics,West Deptford,NJ,08096,39.829402,-75.129032,20,,0.9942,18
1447571096,David,Rahni,MD,gastroenterology,West Orange,NJ,07052,40.785755,-74.265058,16,98.51,0.8730,537
1447572474,Melissa,Reynon,MD,gastroenterology,East Brunswick,NJ,08816,40.429119,-74.416287,18,98.3,1.0785,271
1447577457,Mina,Abdelshahed,MD,orthopedics,Linden,NJ,07036,40.624711,-74.239362,16,75,1.0475,293
1447602123,Maira,Dossantos,MD,primary-care,Flemington,NJ,08822,40.521995,-74.866644,11,85.54,0.8115,475
1447609748,Wylie,Lopez,MD,orthopedics,Manasquan,NJ,08736,40.120018,-74.053257,4,,1.1695,215
1447663521,Randa,Hussein-Badawy,DO,primary-care,Wayne,NJ,07470,40.945855,-74.245077,12,,0.8312,11
1447667019,Razan,Shamoon,MD,cardiology,Fair Lawn,NJ,07410,40.935830,-74.117505,12,96.09,1.0711,254
1447668348,Maria,Jimenez Cerna,MD,primary-care,Northfield,NJ,08225,39.358340,-74.536312,15,,1.2721,204
1447678313,Tara,Bronsnick,MD,dermatology,Berkeley Heights,NJ,07922,40.676590,-74.427022,12,,0.7446,790
1447694864,Kevin,Mcelligott,MD,cardiology,Springfield,NJ,07081,40.697966,-74.334436,13,,0.8197,487
1447697834,Omolabake,Bankole,MD,primary-care,Pennington,NJ,08534,40.329422,-74.792789,13,96.91,0.7140,103
1447710348,Dhyani,Shah,DO,primary-care,Princeton,NJ,08542,40.354517,-74.660560,7,,0.8852,93
1447711262,Kush,Patel,MD,primary-care,Livingston,NJ,07039,40.785828,-74.329100,7,,0.4913,70
1447736236,Aditya,Sanyal,MD,primary-care,Elizabeth,NJ,07202,40.652464,-74.216853,9,87.07,0.6162,177
1447744925,Chioma,Madu,DO,primary-care,Rahway,NJ,07065,40.607152,-74.280531,8,,1.4512,322
1447747969,Shama,Ilyas,MD,primary-care,Montclair,NJ,07042,40.813487,-74.219011,8,85.76,0.8614,532
1447782719,Mustafa,Jafri,DO,pulmonology,Old Bridge,NJ,08857,40.392789,-74.330397,9,96.09,1.1343,886
1447786272,Kamal,Amer,MD,gastroenterology,Neptune,NJ,07753,40.210761,-74.074499,9,,1.4343,196
1447814116,Raymon,Birring,MD,primary-care,Somerville,NJ,08876,40.589554,-74.685411,7,87.07,0.9186,368
1447815071,Ghulam,Khan,MD,psychiatry,Wayne,NJ,07470,40.945855,-74.245077,23,,0.7747,131
1447889241,Shivangi,Patel,DO,primary-care,Paterson,NJ,07503,40.897548,-74.154121,6,,1.0835,46
1457301699,Roger,Diruggiero,MD,primary-care,Verona,NJ,07044,40.832468,-74.242863,45,,0.4534,514
1457302259,Arvind,Doshi,MD,primary-care,Edison,NJ,08820,40.576806,-74.365750,46,96.09,1.1957,312
1457303166,Andrew,Harrison,MD,orthopedics,Lakewood,NJ,08701,40.077069,-74.198510,38,,0.9362,192
1457306557,Catherine,Torres,MD,endocrinology,Berkeley Heights,NJ,07922,40.676590,-74.427022,35,,1.4896,492
1457307464,Monib,Zirvi,MD,dermatology,Berkeley Heights,NJ,07922,40.676590,-74.427022,26,,1.1489,1256
1457310815,David,Siegel,MD,oncology,Hackensack,NJ,07601,40.889398,-74.045698,40,81.77,1.2566,564
1457317844,Abdul,Ameen,MD,cardiology,Jersey City,NJ,07302,40.718808,-74.044634,38,22.63,1.6484,270
1457321044,Thomas,Nugent,MD,pulmonology,Marlton,NJ,08053,39.856677,-74.900810,30,,0.9607,706
1457327975,Domenic,Mariano,DO,cardiology,Glen Ridge,NJ,07028,40.804798,-74.204569,36,96.09,0.6179,1954
1457329104,Steven,Manders,MD,dermatology,Marlton,NJ,08053,39.856677,-74.900810,38,94.35,1.2933,1107
1457331506,Jaime,Ligot,MD,primary-care,Green Brook,NJ,08812,40.598731,-74.478793,50,,0.4981,464
1457335309,Peter,Lenchur,MD,cardiology,Roselle,NJ,07203,40.652211,-74.260158,43,98.51,0.7557,925
1457345324,Manish,Viradia,MD,neurology,Annandale,NJ,08801,40.629609,-74.890490,33,91.25,34.3095,756
1457349177,John,Hwang,MD,primary-care,Harrington Park,NJ,07640,40.991681,-73.980202,32,,1.5245,544
1457353088,James,Damico,DO,primary-care,Medford,NJ,08055,39.862695,-74.822311,31,95.8,1.7091,400
1457353872,James,Demos,MD,primary-care,Old Bridge,NJ,08857,40.392789,-74.330397,42,96.09,1.0002,271
1457355927,Marc,Rubman,MD,orthopedics,Berkeley Heights,NJ,07922,40.676590,-74.427022,39,,0.8450,235
1457359382,Linda,Gillam,MD,cardiology,Morristown,NJ,07960,40.779235,-74.502462,50,,0.6147,50
1457359713,Ira,Liebross,MD,primary-care,Flemington,NJ,08822,40.521995,-74.866644,33,90.38,1.8616,377
1457365660,Jeffrey,Lederman,DO,primary-care,Eatontown,NJ,07724,40.298625,-74.074178,28,86.79,1.3868,281
1457368573,Laura,Tesoriero,MD,primary-care,Brick,NJ,08724,40.091032,-74.114395,34,,0.6019,147
1457368680,Shodhan,Patel,MD,primary-care,Pennington,NJ,08534,40.329422,-74.792789,36,96.91,1.1514,240
1457372369,Susan,Varevice-Mcandrew,DO,primary-care,Sewell,NJ,08080,39.757353,-75.122043,31,,0.5415,177
1457382657,Halima,El-Moslimany,MD,neurology,Paterson,NJ,07503,40.897548,-74.154121,26,,0.8670,285
1457383549,Chona,Santos Miranda,MD,primary-care,Hammonton,NJ,08037,39.631681,-74.773893,36,,1.4187,318
1457389678,John,Williams,MD,dermatology,Summit,NJ,07901,40.714923,-74.366372,27,75,2.2144,598
1457391310,Rehan,Aziz,MD,psychiatry,Hackensack,NJ,07601,40.889398,-74.045698,23,81.33,0.5629,142
1457393167,Chellappan,Vijayakumar,MD,cardiology,Hammonton,NJ,08037,39.631681,-74.773893,39,,0.9532,855
1457394124,Boris,Reydel,MD,gastroenterology,Berkeley Heights,NJ,07922,40.676590,-74.427022,44,,0.8562,206
1457394652,Robert,Lustig,DO,gastroenterology,Bridgewater,NJ,08807,40.592434,-74.618840,47,98.51,0.8820,246
1457398661,Isabel,Allen Steinfeld,MD,psychiatry,Morris Plains,NJ,07950,40.846026,-74.482314,30,,0.4512,36
1457411019,James,Hakim,MD,primary-care,New Providence,NJ,07974,40.696919,-74.403853,40,,0.8222,399
1457411092,Thomas,Mccarrick,MD,primary-care,Verona,NJ,07044,40.832468,-74.242863,44,,0.6720,965
1457440711,Stephen,Hunt,MD,orthopedics,Cedar Knolls,NJ,07927,40.823725,-74.456354,26,79.23,0.4918,323
1457440729,Douglas,Hutt,MD,pulmonology,Somerset,NJ,08873,40.499667,-74.531844,44,98.51,1.4104,664
1457443954,Christine,Healy,MD,primary-care,Englewood,NJ,07631,40.891197,-73.972515,23,,0.7268,188
1457446643,Iris,Herrera,MD,primary-care,Newark,NJ,07103,40.738852,-74.195264,38,,1.1781,13
1457446916,Shawn,Sieler,MD,orthopedics,East Brunswick,NJ,08816,40.429119,-74.416287,35,,1.0042,159
1457454266,Mark,Lichtenberg,MD,dermatology,Basking Ridge,NJ,07920,40.682268,-74.554143,57,85.15,0.8432,189
1457460271,Tamar,Green,MD,primary-care,Lakewood,NJ,08701,40.077069,-74.198510,36,,1.4731,120
1457463671,Lauren,Kaplan-Sagal,MD,psychiatry,Summit,NJ,07901,40.714923,-74.366372,38,,2.4673,89
1457465080,Kenneth,Barofsky,MD,pulmonology,Freehold,NJ,07728,40.225793,-74.285785,39,,0.9136,1023
1457491599,Javedul,Islam,MD,primary-care,Edgewater,NJ,07020,40.824650,-73.973793,31,,0.4471,385
1457497356,Muthu,Arunachalam,MD,primary-care,Livingston,NJ,07039,40.785828,-74.329100,33,,1.3975,35
1457499618,Peter,Yi,MD,oncology,Princeton,NJ,08540,40.364728,-74.656314,42,,14.8528,298
1457501363,Satish,Tiyyagura,MD,cardiology,Fair Lawn,NJ,07410,40.935830,-74.117505,27,,1.4371,893
1457503237,Geoffrey,Pelz,MD,cardiology,Hackensack,NJ,07601,40.889398,-74.045698,22,81.33,1.3183,110
1457511743,Lev,Grinman,MD,neurology,Paramus,NJ,07652,40.947299,-74.070169,21,,0.7504,1029
1457513319,Brian,Feehan,MD,cardiology,Nutley,NJ,07110,40.820616,-74.156250,21,85.15,3.4777,258
1457519746,Lee,Shearer,MD,primary-care,Pennington,NJ,08534,40.329422,-74.792789,19,96.91,1.5073,109
1457524076,Tamar,Zapolanski,MD,dermatology,Hoboken,NJ,07030,40.745251,-74.027926,18,95.05,0.6749,886
1457542805,Syed,Raza,MD,psychiatry,Brick,NJ,08724,40.091032,-74.114395,41,81.33,0.6994,210
1457555245,Manish,Malik,MD,cardiology,Cape May Court House,NJ,08210,39.119187,-74.823188,28,,0.6273,1555
1457569196,Faisal,Mahmood,MD,orthopedics,Wayne,NJ,07470,40.945855,-74.245077,21,,0.8304,159
1457570731,Renato,Apolito,MD,cardiology,Neptune,NJ,07753,40.210761,-74.074499,26,86.51,1.4724,2092
1457576076,Jennifer,Ohara,MD,primary-care,Flemington,NJ,08822,40.521995,-74.866644,22,,0.7341,329
1457580177,Christian,Kim,MD,primary-care,Fort Lee,NJ,07024,40.850640,-73.971007,20,98.39,1.9952,343
1457602328,Victor,Catania,MD,primary-care,Hackettstown,NJ,07840,40.860045,-74.831795,14,,0.8000,236
1457642308,Alexis,Dallara Marsh,MD,neurology,Ridgewood,NJ,07450,40.981591,-74.113506,17,95.05,0.3415,96
1457649451,Aniqa,Usmani,MD,psychiatry,Piscataway,NJ,08854,40.539658,-74.462791,32,,0.7884,33
1457650814,Christina,Cho,MD,oncology,Hackensack,NJ,07601,40.889398,-74.045698,15,84.74,1.4052,225
1457662603,Ezinne,Nwotite,MD,primary-care,Atlantic City,NJ,08401,39.377337,-74.451070,16,,7.0297,214
1457679987,Joshua,Hersh,MD,neurology,Somerset,NJ,08873,40.499667,-74.531844,21,85.06,1.1733,779
1457683518,Aldrin,Amistoso,MD,primary-care,Pennington,NJ,08534,40.329422,-74.792789,32,,0.5617,242
1457700718,Cristian,Barrios,MD,primary-care,Atlantic City,NJ,08401,39.377337,-74.451070,10,,0.7134,452
1457712374,Gilchris,Burton,MD,primary-care,Berkeley Heights,NJ,07922,40.676590,-74.427022,12,,0.4478,141
1457771917,Jason,Lee,MD,oncology,Teaneck,NJ,07666,40.890317,-74.011478,12,,0.6210,268
1457778896,Grace,Tseng,MD,primary-care,Clinton,NJ,08809,40.646036,-74.924609,17,,0.0145,18
1457790024,Zaid,Tafesh,MD,gastroenterology,Newark,NJ,07103,40.738852,-74.195264,13,,0.7796,163
1457791428,Shoshana,Bacon,MD,primary-care,Lakewood,NJ,08701,40.077069,-74.198510,14,87.07,0.1959,55
1457794257,Aliza,Alter,MD,neurology,Livingston,NJ,07039,40.785828,-74.329100,13,98.51,0.7025,295
1457798316,Mitchell,Stroh,DO,orthopedics,Hackensack,NJ,07601,40.889398,-74.045698,13,81.33,1.1289,290
1457810798,Simcha,Weissman,DO,primary-care,North Bergen,NJ,07047,40.793644,-74.025027,7,,1.2858,118
1457855926,Farah,Deshmukh,MD,primary-care,Hackensack,NJ,07601,40.889398,-74.045698,14,,1.2210,152
1457857393,Rawan,Hammoudeh,MD,endocrinology,Bordentown,NJ,08505,40.135589,-74.707255,10,96.91,0.6543,100
1457858029,Farah,Ashraf,DO,oncology,Moorestown,NJ,08057,39.979658,-74.941308,8,91.83,0.2969,57
1457871063,Marlena,Klein,MD,primary-care,Haddonfield,NJ,08033,39.892421,-75.036651,9,99.52,0.9406,243
1457871832,Ayobamidele,Balogun,MD,primary-care,Camden,NJ,08103,39.935202,-75.112703,9,,0.4408,175
1457883159,David,Nathin,MD,primary-care,Red Bank,NJ,07701,40.360509,-74.078952,9,85,0.8630,635
1457883886,Nicole,Hartmann,DO,neurology,Lawrenceville,NJ,08648,40.284490,-74.717487,9,,1.1737,349
1457885311,Lauren,Ramay,MD,psychiatry,Jersey City,NJ,07306,40.736294,-74.071128,9,,1.1561,26
1457914582,Lucia,Liao,MD,neurology,Cherry Hill,NJ,08002,39.934605,-75.025389,7,91.83,1.4965,24
1457930588,Ned,George,MD,primary-care,Morristown,NJ,07960,40.779235,-74.502462,5,,0.5163,42
1457971715,Jigar,Shah,DO,primary-care,Hamilton,NJ,08610,40.193643,-74.715963,3,,0.9327,212
1457988941,Ayrton,Bangolo,MD,primary-care,Union City,NJ,07087,40.767224,-74.032429,10,,8.2121,105
1467011718,Gursharanjit,Singh,DO,primary-care,East Windsor,NJ,08520,40.255800,-74.539882,11,,0.3860,184
1467032276,Jared,Sapin,MD,primary-care,New Brunswick,NJ,08901,40.483638,-74.442460,2,,1.3035,24
1467033340,Melanie,Bernardes,MD,primary-care,New Brunswick,NJ,08901,40.483638,-74.442460,6,,0.7117,303
1467033365,Dubem,Anumba,MD,primary-care,Hamilton,NJ,08610,40.193643,-74.715963,2,,0.5746,60
1467089078,Mohammad,Jurri,MD,primary-care,Edgewater,NJ,07020,40.824650,-73.973793,10,,0.5789,193
1467089110,Lina,Kleyn,DO,primary-care,West Caldwell,NJ,07006,40.851187,-74.282865,6,,0.8531,71
1467401596,Purushotham,Surapaneni,MD,primary-care,Ramsey,NJ,07446,41.059136,-74.145931,40,,1.5738,512
1467403196,Isiaka,Bolarinwa,MD,psychiatry,Gloucester City,NJ,08030,39.889564,-75.118494,47,,1.8235,416
1467405001,Austin,Kutscher,MD,primary-care,Flemington,NJ,08822,40.521995,-74.866644,44,85.54,0.5145,381
1467407759,Kevin,Lukenda,DO,primary-care,Linden,NJ,07036,40.624711,-74.239362,37,,2.2613,433
1467408047,Joyce,Nkwonta,MD,primary-care,Morristown,NJ,07960,40.779235,-74.502462,36,,1.6290,151
1467408583,Seth,Stoller,MD,neurology,Rockaway,NJ,07866,40.954988,-74.488031,26,,0.8109,434
1467410381,Vitaly,Fishbein,MD,gastroenterology,West Orange,NJ,07052,40.785755,-74.265058,46,75,1.8937,502
1467412858,Raghuraj,Tomar,MD,primary-care,Vineland,NJ,08361,39.449369,-74.958827,46,87.15,1.3427,736
1467413583,Elena,Dragun,MD,primary-care,Fort Lee,NJ,07024,40.850640,-73.971007,37,,2.9859,86
1467415851,Paul,Hierholzer,DO,primary-care,Atlantic City,NJ,08401,39.377337,-74.451070,36,,0.6822,424
1467421339,Elsaid,Balboul,MD,primary-care,Wayne,NJ,07470,40.945855,-74.245077,44,,3.3010,294
1467424325,Jose,Sabogal,MD,primary-care,Englewood,NJ,07631,40.891197,-73.972515,32,,0.9869,313
1467427450,Edward,Stoner,MD,primary-care,East Windsor,NJ,08520,40.255800,-74.539882,45,,0.6907,198
1467436170,Shariq,Afridi,MD,gastroenterology,Hamilton,NJ,08690,40.225833,-74.660096,40,98.3,0.9079,512
1467441352,Michael,Nissenblatt,MD,oncology,Somerset,NJ,08873,40.499667,-74.531844,53,100,7.2419,688
1467442426,Robert,Bleicher,MD,gastroenterology,Wayne,NJ,07470,40.945855,-74.245077,48,75.99,1.1037,617
1467448514,Amy,Freeman,MD,dermatology,Milburn,NJ,07041,40.722433,-74.301561,27,100,1.0133,437
1467452565,Elsayed,Sahloul,MD,primary-care,Hazlet,NJ,07730,40.424164,-74.173732,39,,2.4274,343
1467462416,Bella,Shapnik,MD,primary-care,Fort Lee,NJ,07024,40.850640,-73.971007,40,,1.3950,143
1467465203,Keri,Ingrassia Squiers,DO,primary-care,Hackettstown,NJ,07840,40.860045,-74.831795,27,,1.8519,615
1467471821,Ricardo,Rodriguez,MD,gastroenterology,Roselle Park,NJ,07204,40.665312,-74.266555,42,75,1.4303,204
1467473173,Ewa,Czyzewski,MD,primary-care,Linden,NJ,07036,40.624711,-74.239362,34,96.09,1.6374,458
1467476861,Steven,Streit,MD,primary-care,Howell,NJ,07731,40.149537,-74.203987,48,,2.0095,138
1467486365,Donald,Micallef,MD,primary-care,Wall Township,NJ,07719,40.168908,-74.073226,39,,0.5635,483
1467491563,Sadia,Qazi,MD,primary-care,Hamilton,NJ,08690,40.225833,-74.660096,32,56.01,3.8542,225
1467493569,John,Neibert,MD,primary-care,Chester,NJ,07930,40.781309,-74.683590,37,75,2.0835,851
1467496687,Nicholas,Depace,MD,cardiology,Sicklerville,NJ,08081,39.732848,-74.976641,48,,3.2135,930
1467496703,Magdy,Nasra,MD,primary-care,Holmdel,NJ,07733,40.374964,-74.173849,46,87.82,2.9388,465
1467507681,Suzanne,Zemel,MD,primary-care,Newark,NJ,07102,40.735659,-74.173605,49,,1.2389,13
1467526525,Marcus,Williams,MD,cardiology,Fair Lawn,NJ,07410,40.935830,-74.117505,44,96.09,2.0888,531
1467538835,Rafat,Choudhry,MD,primary-care,Pleasantville,NJ,08232,39.387525,-74.515196,34,,3.4107,423
1467539379,Joseph,White,MD,primary-care,Stratford,NJ,08084,39.828990,-75.015536,34,,2.3874,20
1467541755,Derrick,Desilva,MD,primary-care,Edison,NJ,08837,40.514281,-74.343859,44,,1.0593,154
1467542191,Ola,Monastyrskyj,MD,primary-care,Morristown,NJ,07960,40.779235,-74.502462,37,,1.3700,556
1467551374,John,Hatzantonis,MD,primary-care,Bridgeton,NJ,08302,39.438613,-75.260646,37,,0.9775,569
1467554956,Steven,Krawet,MD,gastroenterology,East Brunswick,NJ,08816,40.429119,-74.416287,37,98.3,0.8851,567
1467560797,Anna,Lavotshkin,MD,primary-care,Teaneck,NJ,07666,40.890317,-74.011478,48,,3.1967,188
1467580142,Jonathan,Wang,DO,primary-care,Morristown,NJ,07960,40.779235,-74.502462,37,,0.6452,277
1467581892,Mary Ann,Ager,MD,psychiatry,Cherry Hill,NJ,08003,39.885852,-74.971145,46,,29.0908,14
1467589085,Ayman,Eraiba,MD,primary-care,Basking Ridge,NJ,07920,40.682268,-74.554143,42,,2.3515,264
1467602201,Andrew,The,MD,primary-care,Rutherford,NJ,07070,40.820314,-74.106041,21,,1.2196,265
1467607978,Omar,Nabulsi,MD,primary-care,Wayne,NJ,07470,40.945855,-74.245077,21,,1.8961,501
1467610014,Anna,Harutyunyan,MD,primary-care,Paramus,NJ,07652,40.947299,-74.070169,29,98.35,2.0722,463
1467611376,Anita,Mehta,DO,neurology,New Brunswick,NJ,08901,40.483638,-74.442460,18,,0.9443,519
1467616094,Jafar,Kafaie,MD,neurology,Paramus,NJ,07652,40.947299,-74.070169,32,84.94,0.5641,136
1467616664,David,Bartov,MD,cardiology,Morristown,NJ,07960,40.779235,-74.502462,21,,0.8664,894
1467628255,Sara,Ali,MD,primary-care,Hamilton,NJ,08619,40.242301,-74.696408,23,,1.0706,230
1467634360,Manfred,Obi,MD,psychiatry,Union,NJ,07083,40.695266,-74.269078,17,,2.7329,55
1467646604,Richard,Shaw,DO,primary-care,Clarksboro,NJ,08020,39.794221,-75.222232,19,,1.2081,339
1467653055,Andrea,Goldstein,MD,gastroenterology,Flemington,NJ,08822,40.521995,-74.866644,25,94.48,1.5616,511
1467659656,Vikram,Bathula,MD,primary-care,Camden,NJ,08103,39.935202,-75.112703,25,81.15,0.4594,58
1467673467,Amit,Kalra,MD,cardiology,East Brunswick,NJ,08816,40.429119,-74.416287,25,98.51,1.1080,1741
1467689018,Catherine,Choi,MD,dermatology,Moorestown,NJ,08057,39.979658,-74.941308,17,,0.9364,367
1467699405,Simon,Badin,MD,oncology,Jersey City,NJ,07305,40.693004,-74.069650,20,,11.3452,320
1467723262,Joy-Lynne,Carnes,MD,primary-care,Edison,NJ,08820,40.576806,-74.365750,16,96.09,0.5575,121
1467743286,Killol,Patel,MD,pulmonology,Edison,NJ,08820,40.576806,-74.365750,22,81.33,1.5521,120
1467745695,Gazala,Dave,MD,primary-care,Hoboken,NJ,07030,40.745251,-74.027926,17,,0.9012,500
1467748202,Jason,Salamon,MD,cardiology,Morristown,NJ,07960,40.779235,-74.502462,15,,0.7512,1534
1467788703,Elizabeth,Simon,DO,primary-care,North Bergen,NJ,07047,40.793644,-74.025027,21,85.15,0.8010,255
1467799353,Ossama,Elsaid,MD,cardiology,Edison,NJ,08820,40.576806,-74.365750,18,81.33,0.7457,367
1467804625,Jaimy,Patel,MD,primary-care,Maplewood,NJ,07040,40.733607,-74.271159,16,,5.4803,126
1467807438,Yasmine,Elamir,MD,primary-care,Jersey City,NJ,07304,40.717303,-74.076352,10,,1.4207,286
1467809392,Sarah,Qureshi,MD,dermatology,Flemington,NJ,08822,40.521995,-74.866644,10,84.94,0.8479,575
1467815159,Christopher,Pumill,MD,cardiology,Edgewater,NJ,07020,40.824650,-73.973793,10,90.32,1.8797,643
1467825562,Mauricio,De Melo,MD,primary-care,Secaucus,NJ,07094,40.781958,-74.067649,51,85.15,1.0198,220
1467869727,Jerry,Joseph,MD,psychiatry,Paramus,NJ,07652,40.947299,-74.070169,14,,0.7847,54
1467870113,Neel,Trivedi,MD,oncology,Camden,NJ,08103,39.935202,-75.112703,2,,0.3897,181
1467895706,Yasmen,Srour,MD,primary-care,Bloomfield,NJ,07003,40.809141,-74.187142,13,,1.0110,255
1467899617,Ashley,Bassett,MD,orthopedics,Sparta,NJ,07871,41.046696,-74.627989,13,89,1.9057,43
1467911453,Henrietta,Bright,MD,primary-care,Hoboken,NJ,07030,40.745251,-74.027926,4,,0.2918,25
1467942094,Muhammad,Naeem,DO,primary-care,Turnersville,NJ,08012,39.783815,-75.056068,8,,1.0838,280
1467947556,Timothy,Wong,DO,psychiatry,Mount Laurel,NJ,08054,39.948992,-74.900247,8,,0.4705,124
1467954701,Isaac,Han,DO,primary-care,North Arlington,NJ,07031,40.786256,-74.126220,8,,0.4292,103
1467956540,Minh-Thu,Tran,MD,primary-care,Hackensack,NJ,07601,40.889398,-74.045698,8,81.33,1.4120,202
1467956664,Alexandre,Shehata,MD,primary-care,Nutley,NJ,07110,40.820616,-74.156250,15,96.09,2.1317,319
1467959205,Rayan,Sarfaraz,DO,primary-care,Atlantic City,NJ,08401,39.377337,-74.451070,8,,0.9799,41
1467987628,Erik,Contreras,MD,orthopedics,Hackensack,NJ,07601,40.889398,-74.045698,4,,1.0350,376
1477012227,Erika,Granda,MD,primary-care,Morristown,NJ,07960,40.779235,-74.502462,11,,1.0092,448
1477015253,Gina,Francisco,MD,dermatology,Neptune,NJ,07753,40.210761,-74.074499,7,93.06,0.8952,868
1477015287,Shruti,Kapadia,MD,primary-care,Berkeley Heights,NJ,07922,40.676590,-74.427022,7,,1.1982,220
1477059111,Christopher,Song,MD,cardiology,Morristown,NJ,07960,40.779235,-74.502462,8,,0.7504,591
1477081156,Raleke,Adibe,DO,primary-care,Paterson,NJ,07503,40.897548,-74.154121,9,,0.4780,16
1477081396,Daniel,Tran,DO,cardiology,Toms River,NJ,08755,40.008534,-74.221768,9,,0.5524,32
1477085660,James,Kostek,DO,primary-care,Somerville,NJ,08876,40.589554,-74.685411,9,,0.9397,13
1477088789,Timothy,Colangelo,MD,cardiology,Voorhees,NJ,08043,39.848570,-74.952843,9,81.15,0.3209,2300
1477089555,Hatem,Ibrahim,MD,primary-care,Pennington,NJ,08534,40.329422,-74.792789,13,,0.7577,232
1477114924,James,Ward,DO,primary-care,Mount Holly,NJ,08060,40.010005,-74.792207,7,81.15,0.7492,427
1477114932,Karina,Lochan,MD,primary-care,Newark,NJ,07103,40.738852,-74.195264,10,,0.5465,119
1477132843,Michael,Owitz,MD,primary-care,Bayonne,NJ,07002,40.662495,-74.110201,5,,0.4958,24
1477132934,Mina,Ghaly,MD,primary-care,Cape May Court House,NJ,08210,39.119187,-74.823188,8,,0.8777,97
1477173771,Kunal,Chaudhary,DO,psychiatry,Bordentown,NJ,08505,40.135589,-74.707255,6,97.13,0.6185,18
1477181634,Izaz,Kazmi,MD,primary-care,Camden,NJ,08103,39.935202,-75.112703,6,99.52,0.4779,291
1477391415,Tulika,Singh,MD,primary-care,Plainsboro,NJ,08536,40.333076,-74.586628,12,,0.3054,50
1477500569,Roman,Krol,MD,pulmonology,Marlton,NJ,08053,39.856677,-74.900810,25,81.15,0.7961,1001
1477500577,Dana,Gellis,MD,primary-care,Paramus,NJ,07652,40.947299,-74.070169,28,,1.8195,62
1477504017,Mitchell,Rosenberg,MD,cardiology,Haddon Heights,NJ,08035,39.879127,-75.065918,45,90.34,3.0013,1814
1477504546,Arnold,Witte,MD,neurology,Pennington,NJ,08534,40.329422,-74.792789,49,96.91,0.6507,401
1477507192,John,Forward,MD,primary-care,Dover,NJ,07801,40.901125,-74.564783,45,,1.1660,360
1477508570,Lisa,Lindquist,MD,psychiatry,Atlantic City,NJ,08401,39.377337,-74.451070,37,,1.3015,86
1477511707,Ernest,Defazio,MD,primary-care,Nutley,NJ,07110,40.820616,-74.156250,51,,0.7904,258
1477512432,Pedro,Pereira,MD,primary-care,Oakland,NJ,07436,41.031022,-74.240502,30,95.05,2.2799,225
1477514818,Gilbert,Cardoso,DO,gastroenterology,Flemington,NJ,08822,40.521995,-74.866644,31,94.48,1.1482,471
1477518132,Colin,Campbell,DO,primary-care,West Berlin,NJ,08091,39.807116,-74.924178,27,,4.0112,198
1477522712,Donald,Kutner,MD,gastroenterology,Toms River,NJ,08755,40.008534,-74.221768,44,84.27,2.1492,428
1477523058,James,Clark-Schoeb,MD,orthopedics,Chatham,NJ,07928,40.724971,-74.415086,26,70.01,0.8896,185
1477523314,Roland,Belluscio,MD,cardiology,Red Bank,NJ,07701,40.360509,-74.078952,47,82.38,0.7061,1445
1477528529,David,Koerner,DO,primary-care,Voorhees,NJ,08043,39.848570,-74.952843,30,99.52,1.4585,163
1477532802,Jeffrey,Friedman,MD,primary-care,Turnersville,NJ,08012,39.783815,-75.056068,37,,1.4086,352
1477532992,Gerald,Ukrainski,MD,cardiology,Hammonton,NJ,08037,39.631681,-74.773893,47,81.15,1.1136,679
1477533545,Rafael,Hasbun,MD,primary-care,Camden,NJ,08103,39.935202,-75.112703,44,99.52,1.0170,173
1477555100,Bhudev,Sharma,MD,cardiology,Edison,NJ,08820,40.576806,-74.365750,51,96.09,1.3465,745
1477558518,Charles,Peeples,MD,primary-care,Oakhurst,NJ,07755,40.263470,-74.023623,45,,1.6623,183
1477559763,Divya,Gupta,MD,neurology,Edison,NJ,08820,40.576806,-74.365750,33,81.33,0.6235,201
1477560985,Paul,Schneck,MD,psychiatry,Englewood,NJ,07631,40.891197,-73.972515,,,3.5167,63
1477562007,Jaffar,Jafri,MD,primary-care,Montclair,NJ,07042,40.813487,-74.219011,37,,0.9589,347
1477562890,Gregory,Roehrig,MD,orthopedics,Manasquan,NJ,08736,40.120018,-74.053257,23,75,1.0039,629
1477573814,Jasjit,Walia,MD,cardiology,Elizabeth,NJ,07201,40.671272,-74.177358,35,75,2.7195,370
1477578011,Germaine,Camishion,MD,dermatology,Moorestown,NJ,08057,39.979658,-74.941308,41,100,0.7831,772
1477581957,Helene,Miller,MD,psychiatry,Paramus,NJ,07652,40.947299,-74.070169,33,,2.5754,161
1477582823,Ronald,Willoughby,DO,primary-care,Browns Mills,NJ,08015,39.931536,-74.543720,42,,1.0064,329
1477583235,Sumalatha,Mannava,MD,primary-care,Manchester,NJ,08759,39.961826,-74.359828,31,,0.6463,187
1477586931,Douglas,Chudzik,MD,primary-care,Hazlet,NJ,07730,40.424164,-74.173732,54,,1.5592,129
1477587749,Francis,Patterson,MD,orthopedics,Neptune,NJ,07753,40.210761,-74.074499,33,88.44,0.5328,237
1477590644,Waleed,Lashin,MD,primary-care,Clifton,NJ,07011,40.880427,-74.143246,31,,2.0519,249
1477594703,Harold,Brown,MD,primary-care,Ewing,NJ,08618,40.249340,-74.789968,44,,1.8442,201
1477595064,Mark,Todt,MD,primary-care,Haddon Heights,NJ,08035,39.879127,-75.065918,40,99.52,0.8847,410
1477598068,Lavanya,Kodavali,MD,primary-care,Hammonton,NJ,08037,39.631681,-74.773893,32,,0.3764,30
1477599348,Leon,Shulman,MD,endocrinology,Bridgewater,NJ,08807,40.592434,-74.618840,40,23.39,0.7378,695
1477599702,Stephen,Raphael,MD,primary-care,Voorhees,NJ,08043,39.848570,-74.952843,46,,0.9943,191
1477604270,Austin,Ferrier,MD,cardiology,Morristown,NJ,07960,40.779235,-74.502462,29,,0.8429,1248
1477617710,Michael,Link,MD,cardiology,Egg Harbor Township,NJ,08234,39.388393,-74.620728,21,,1.2267,1449
1477618767,Paresh,Shukla,MD,primary-care,Union City,NJ,07087,40.767224,-74.032429,35,,1.3621,144
1477618866,Rabia,Awan,MD,primary-care,Newark,NJ,07112,40.711391,-74.211683,39,,4.1025,23
1477627750,Anthony,Chiaramida,MD,cardiology,Perth Amboy,NJ,08861,40.520494,-74.272943,48,,3.9094,46
1477629301,Martin,Luria,MD,endocrinology,Long Branch,NJ,07740,40.295372,-73.989899,55,98.51,0.8464,29
1477645190,Amelia,Steinhardt,MD,primary-care,Morris Plains,NJ,07950,40.846026,-74.482314,41,,0.8841,21
1477648426,Jason,Rogart,MD,gastroenterology,Pennington,NJ,08534,40.329422,-74.792789,29,96.91,1.2750,330
1477654507,James,O Connor,MD,pulmonology,Somers Point,NJ,08244,39.315511,-74.598278,38,,0.7109,886
1477662567,Joseph,Tauro,MD,orthopedics,Toms River,NJ,08755,40.008534,-74.221768,43,,1.2210,287
1477666923,Suneet,Mittal,MD,cardiology,Paramus,NJ,07652,40.947299,-74.070169,35,95.05,2.3730,515
1477680304,Charles,Roche,MD,primary-care,Turnersville,NJ,08012,39.783815,-75.056068,22,,0.7269,940
1477687200,Lauren,Carruth Mehnert,MD,primary-care,Hackensack,NJ,07601,40.889398,-74.045698,23,,1.0498,523
1477697761,Gregory,Anselmi,MD,neurology,Bayonne,NJ,07002,40.662495,-74.110201,38,,12.8086,324
1477703007,Michael,Loewinger,MD,primary-care,Englewood,NJ,07631,40.891197,-73.972515,18,,0.8544,466
1477711794,Amy,Tilara,MD,gastroenterology,Marlboro,NJ,07746,40.323490,-74.254572,20,98.3,0.8391,485
1477712636,Marc,Fiorillo,MD,gastroenterology,Englewood Cliffs,NJ,07632,40.884634,-73.944654,25,98.3,1.0481,571
1477727030,Ramin,Hastings,MD,cardiology,Hasbrouck Heights,NJ,07604,40.861513,-74.073114,18,96.09,1.6965,577
1477729374,Samuel,Sostre,MD,psychiatry,Newark,NJ,07112,40.711391,-74.211683,28,98.51,0.4596,130
1477742906,David,Moore,MD,neurology,Brick,NJ,08724,40.091032,-74.114395,42,,0.8297,64
1477743920,Anuja,Chaudhari,DO,primary-care,Newton,NJ,07860,41.057287,-74.802737,21,,0.5356,325
1477746634,Raja,Pullatt,MD,cardiology,Union,NJ,07083,40.695266,-74.269078,25,,1.2649,467
1477758670,Zev,Frankel,MD,cardiology,Hoboken,NJ,07030,40.745251,-74.027926,24,95.05,1.3595,848
1477781474,Eleonora,Teplinsky,MD,oncology,Hoboken,NJ,07030,40.745251,-74.027926,17,95.05,0.7077,435
1477785491,Mikel,Pride,MD,primary-care,Summit,NJ,07901,40.714923,-74.366372,18,,0.8079,84
1477788404,Mithil,Choksey,MD,primary-care,Willingboro,NJ,08046,40.027950,-74.886984,24,100,0.8392,143
1477798106,Umer,Akbar,MD,neurology,Paramus,NJ,07652,40.947299,-74.070169,18,,0.7627,182
1477840247,Ibrahim,Khaddash,MD,cardiology,Fair Lawn,NJ,07410,40.935830,-74.117505,15,96.09,1.5259,415
1477844421,Rowsonara,Akhter,MD,primary-care,Stratford,NJ,08084,39.828990,-75.015536,32,,1.3442,75
1477844660,Erika,Concepcion,MD,psychiatry,Long Branch,NJ,07740,40.295372,-73.989899,15,98.51,0.7169,295
1477864049,David,Hampton,MD,orthopedics,Medford,NJ,08055,39.862695,-74.822311,16,82.97,1.6163,184
1477879740,Eric,Struble,MD,cardiology,Hamilton,NJ,08619,40.242301,-74.696408,16,96.91,0.2844,1312
1477900330,Ozcan,Uzun,DO,primary-care,New Brunswick,NJ,08901,40.483638,-74.442460,10,60.12,0.8603,63
1477907996,Oluwaseyi,Odeyemi,MD,primary-care,Manahawkin,NJ,08050,39.712132,-74.231888,13,,0.5087,364
1477915411,Jennifer,Gregory,MD,primary-care,Englewood,NJ,07631,40.891197,-73.972515,10,96.09,0.9321,343
1477917250,Larrisha,Love Jones,MD,primary-care,Camden,NJ,08102,39.952116,-75.121149,10,91.83,0.6696,27
1477935229,Anthony,Vecchi,MD,primary-care,Plainsboro,NJ,08536,40.333076,-74.586628,12,,0.7215,340
1477935948,Svetlana,Fridlyand,DO,pulmonology,Hoboken,NJ,07030,40.745251,-74.027926,12,95.05,1.0277,341
1477937217,Nicholas,Calder,MD,primary-care,Camden,NJ,08103,39.935202,-75.112703,11,99.52,0.5321,240
1477953123,Pooja,Shah,MD,primary-care,Edison,NJ,08820,40.576806,-74.365750,15,75,1.8450,370
1477975720,Rocco,Terrigno,MD,pulmonology,Glassboro,NJ,08028,39.692129,-75.124675,15,91.83,0.6717,274
1487003505,Jina,Park,MD,neurology,Ridgewood,NJ,07450,40.981591,-74.113506,10,95.05,0.9551,677
1487006862,Vijay,Halari,MD,primary-care,Brick,NJ,08723,40.038584,-74.111600,12,96.09,0.7451,365
1487009619,Daniel,Liu,MD,primary-care,Marlton,NJ,08053,39.856677,-74.900810,11,81.15,0.7493,487
1487031845,Dharmesh,Patel,MD,primary-care,Morristown,NJ,07960,40.779235,-74.502462,11,,0.5399,916
1487049797,Evan,Orosz,DO,gastroenterology,Bayonne,NJ,07002,40.662495,-74.110201,11,85.15,1.0546,296
1487056008,Madeeha,Shahzadi,MD,primary-care,Pompton Plains,NJ,07444,40.967407,-74.306967,1,,0.8869,621
1487063855,Alexandra,Kovaleva,MD,primary-care,Tinton Falls,NJ,07753,40.210761,-74.074499,23,,1.4261,579
1487067674,Jesse,Abesh,DO,primary-care,Bordentown,NJ,08505,40.135589,-74.707255,12,81.15,1.8233,326
1487067856,Pascale,Ferdinand,MD,primary-care,Morris Plains,NJ,07950,40.846026,-74.482314,13,,0.4641,40
1487067872,Dante,Marconi,MD,orthopedics,Somers Point,NJ,08244,39.315511,-74.598278,12,86.93,1.0164,178
1487068094,Youssef,Botros,MD,gastroenterology,Fair Lawn,NJ,07410,40.935830,-74.117505,18,96.09,1.0542,150
1487068409,Tehmina,Habib,MD,primary-care,Pennington,NJ,08534,40.329422,-74.792789,23,,0.7084,186
1487081030,David,Aderholdt,DO,primary-care,Millville,NJ,08332,39.366217,-75.026853,13,,1.2127,468
1487082020,Elizabeth,Samuels,DO,primary-care,Atlantic City,NJ,08401,39.377337,-74.451070,14,,0.2883,1374
1487093472,Rachelle,Schwarz,DO,primary-care,Hackensack,NJ,07601,40.889398,-74.045698,13,96.09,1.6558,152
1487149936,Aviral,Yadav,DO,primary-care,West Windsor,NJ,08550,40.279953,-74.622116,8,,1.0244,97
1487159554,Mitalie,Shah,MD,primary-care,Chatham,NJ,07928,40.724971,-74.415086,8,,0.7954,177
1487184503,Amy,Scholl,MD,primary-care,Camden,NJ,08103,39.935202,-75.112703,9,99.52,0.8826,244
1487187340,Ryan,Colligan,DO,primary-care,West Orange,NJ,07052,40.785755,-74.265058,9,86.33,0.4123,116
1487231403,Grant,Coronica,MD,primary-care,Morganville,NJ,07751,40.359650,-74.261462,6,,0.4257,41
1487278446,Mohini,Patel,MD,primary-care,Hackensack,NJ,07601,40.889398,-74.045698,7,96.09,0.7098,122
1487610796,Preston,Hupart,DO,cardiology,Morristown,NJ,07960,40.779235,-74.502462,39,,0.7235,990
1487620407,Eugene,Cullen,MD,primary-care,Columbia,NJ,07832,40.944578,-75.067346,31,,1.4903,595
1487621090,Vincent,Spagnuolo Jr,MD,cardiology,Moorestown,NJ,08057,39.979658,-74.941308,46,81.15,0.9474,690
1487622247,Jeffrey,Matican,MD,cardiology,Englewood,NJ,07631,40.891197,-73.972515,44,96.09,0.9352,1033
1487625422,Ravindran,Rajaraman,MD,primary-care,Shrewsbury,NJ,07702,40.326450,-74.057373,26,,0.9161,15
1487626370,Mary,Harris,MD,primary-care,Morristown,NJ,07960,40.779235,-74.502462,39,,0.4706,114
1487627741,Steven,Georgeson,MD,cardiology,Toms River,NJ,08755,40.008534,-74.221768,40,,0.9032,1789
1487638268,Manuel,Vergara,MD,neurology,Lawrenceville,NJ,08648,40.284490,-74.717487,,96.91,1.4005,481
1487644548,Aaron,Stein,MD,cardiology,North Bergen,NJ,07047,40.793644,-74.025027,47,81.33,0.2943,1029
1487646444,Ai-Lan,Wang,MD,primary-care,Livingston,NJ,07039,40.785828,-74.329100,41,,4.9906,89
1487651675,Neil,Levin,DO,primary-care,Sewell,NJ,08080,39.757353,-75.122043,50,,1.0660,243
1487654349,John,Imbesi,MD,gastroenterology,Berkeley Heights,NJ,07922,40.676590,-74.427022,27,,2.0429,624
1487660684,Jason,Pecarsky,MD,primary-care,Cherry Hill,NJ,08034,39.906100,-75.000375,29,,3.1614,113
1487661096,Brian,Geraci,MD,primary-care,Northfield,NJ,08225,39.358340,-74.536312,42,,1.1912,325
1487665717,Jaroslaw,Pondo,MD,primary-care,Rutherford,NJ,07070,40.820314,-74.106041,37,75,1.2307,381
1487666202,Rhonda,Hagler,MD,primary-care,Lyndhurst,NJ,07071,40.797113,-74.112980,41,,1.0164,71
1487668398,John,Venuti,DO,primary-care,Cherry Hill,NJ,08002,39.934605,-75.025389,30,,1.0105,481
1487682605,Christopher,Heitzman,DO,primary-care,Morristown,NJ,07960,40.779235,-74.502462,26,,1.2071,278
1487683645,Frank,Femino,MD,orthopedics,Nutley,NJ,07110,40.820616,-74.156250,36,21.82,1.1412,838
1487687794,Alan,Lapa,MD,cardiology,Livingston,NJ,07039,40.785828,-74.329100,39,98.51,0.5325,1065
1487688586,Ketankumar,Vaidya,MD,primary-care,Edison,NJ,08817,40.514655,-74.393104,31,96.09,1.8900,445
1487689162,Barry,Glasser,MD,primary-care,Brigantine,NJ,08203,39.421713,-74.392873,45,,0.7191,219
1487691929,Jose,Vigario,DO,primary-care,Monmouth Junction,NJ,08852,40.389909,-74.544087,34,,1.3451,603
1487692836,Abhijit,Chatterjee,MD,primary-care,Lakewood,NJ,08701,40.077069,-74.198510,39,,0.8573,298
1487694501,Michael,Yamane,MD,primary-care,Pennington,NJ,08534,40.329422,-74.792789,45,92.94,1.6492,103
1487694964,Louis,Sangosse,MD,primary-care,West Orange,NJ,07052,40.785755,-74.265058,50,,1.1014,125
1487698197,Micah,May,MD,primary-care,Lakewood,NJ,08701,40.077069,-74.198510,30,,2.8584,440
1487699633,Ravi,Baliga,MD,psychiatry,Morris Plains,NJ,07950,40.846026,-74.482314,55,,0.3447,23
1487719753,Chidi,Anukwuem,MD,primary-care,Irvington,NJ,07111,40.723859,-74.232522,46,,3.0875,89
1487723243,Solomon,Owusu,MD,primary-care,Jersey City,NJ,07304,40.717303,-74.076352,39,,1.7666,91
1487728861,Nadia,Ali,MD,primary-care,Elizabeth,NJ,07202,40.652464,-74.216853,25,,0.6219,216
1487729141,George,Ellis,MD,psychiatry,Hampton,NJ,08827,40.668424,-74.968377,37,,2.2422,11
1487731113,Joyce,Afran,DO,primary-care,New Brunswick,NJ,08901,40.483638,-74.442460,39,,0.5239,92
1487731543,Thelma,Buerano,MD,primary-care,Manchester,NJ,08759,39.961826,-74.359828,47,96.09,1.8798,409
1487731972,Ann,Smelkinson,MD,primary-care,Cranbury,NJ,08512,40.324357,-74.525526,45,,0.8572,290
1487742508,Erika,Levine,MD,dermatology,Voorhees,NJ,08043,39.848570,-74.952843,27,100,0.6361,789
1487744223,Veronica,Pineda,DO,primary-care,Bayonne,NJ,07002,40.662495,-74.110201,29,85.15,0.8085,92
1487759130,Sherrylynn,Lee,MD,primary-care,Voorhees,NJ,08043,39.848570,-74.952843,28,,0.7788,293
1487759171,David,Yorio,DO,primary-care,Wayne,NJ,07470,40.945855,-74.245077,24,,1.1861,204
1487760930,Minaxi,Jhawer,MD,oncology,Englewood,NJ,07631,40.891197,-73.972515,28,96.09,1.5820,352
1487761185,Claudia,Barghash,MD,gastroenterology,Hillsborough,NJ,08844,40.497692,-74.670505,21,100,1.3163,564
1487762803,Henry,Velez,MD,pulmonology,Hoboken,NJ,07030,40.745251,-74.027926,50,95.05,1.5868,139
1487769923,Diana,Portilla,MD,primary-care,Englewood,NJ,07631,40.891197,-73.972515,31,,2.3125,112
1487776373,Sameer,Desai,MD,oncology,Somerset,NJ,08873,40.499667,-74.531844,31,,5.4121,816
1487790952,Paul,Codjoe,MD,orthopedics,Princeton,NJ,08540,40.364728,-74.656314,25,,1.0770,449
1487792354,John,Sierocki,MD,oncology,Princeton,NJ,08540,40.364728,-74.656314,53,,13.9635,276
1487792503,Muhammad,Hanif,MD,primary-care,Camden,NJ,08103,39.935202,-75.112703,28,99.52,0.4374,421
1487801403,Kiran,Rao,MD,gastroenterology,Sparta,NJ,07871,41.046696,-74.627989,24,78.05,1.1163,830
1487802690,Bingru,Xie,MD,gastroenterology,Metuchen,NJ,08840,40.543139,-74.358981,24,26.76,3.0270,257
1487816344,Shaila,Bokkala-Pinninti,DO,neurology,Camden,NJ,08103,39.935202,-75.112703,22,,0.4869,391
1487821054,Sharon,Gertzman,DO,primary-care,Trenton,NJ,08638,40.254018,-74.763385,35,96.91,0.4511,24
1487833737,Rachana,Kothari,MD,primary-care,Flemington,NJ,08822,40.521995,-74.866644,25,84.94,2.2939,282
1487848149,Ilya,Ivanov,DO,psychiatry,Mount Laurel,NJ,08054,39.948992,-74.900247,21,81.15,1.5335,59
1487853875,Nagwa,Hafez,MD,primary-care,Wayne,NJ,07470,40.945855,-74.245077,46,,2.1685,305
1487859104,Stephen,Nervi,MD,dermatology,Hackettstown,NJ,07840,40.860045,-74.831795,20,85.75,1.5013,1241
1487861373,Nader,Bakhos,MD,orthopedics,Red Bank,NJ,07701,40.360509,-74.078952,22,69.28,1.1597,729
1487885430,Betsy,Mathew,MD,primary-care,New Brunswick,NJ,08901,40.483638,-74.442460,20,,0.6943,63
1487895363,Roveena,Goveas,MD,primary-care,Montclair,NJ,07042,40.813487,-74.219011,21,,0.8621,62
1487909339,Yimei,You,MD,primary-care,Morristown,NJ,07960,40.779235,-74.502462,30,,1.3506,286
1487913026,Shivani,Thakur,MD,primary-care,Hampton,NJ,08827,40.668424,-74.968377,15,,0.4729,178
1487917365,Mohammad,Abdeljawad,MD,primary-care,Voorhees,NJ,08043,39.848570,-74.952843,16,,1.8591,360
1487918637,Kunjal,Patel,MD,primary-care,Branchburg,NJ,08876,40.589554,-74.685411,15,,0.5792,267
1487925038,Muhammad,Mullick,MD,primary-care,Newark,NJ,07112,40.711391,-74.211683,18,87.07,1.2293,148
1487925509,Marissa,Stabile,DO,primary-care,Trenton,NJ,08638,40.254018,-74.763385,16,96.91,0.7219,58
1487941183,Tamkeen,Lally,MD,psychiatry,Maywood,NJ,07607,40.902885,-74.063457,23,81.33,0.8251,198
1487947974,Ingrid,Montgomery,MD,psychiatry,North Bergen,NJ,07047,40.793644,-74.025027,17,,0.4584,16
1487948071,Khoa,Nguyen,DO,orthopedics,Mount Laurel,NJ,08054,39.948992,-74.900247,15,75,1.2061,486
1487969895,Sidhartha,Mehta,MD,primary-care,Newark,NJ,07107,40.762918,-74.186559,19,,0.4789,31
1487977591,Oriana,Cornett,MD,neurology,Paterson,NJ,07503,40.897548,-74.154121,23,,1.0037,211
1497013619,Vasu,Palli,DO,cardiology,Cherry Hill,NJ,08034,39.906100,-75.000375,14,81.15,0.5014,884
1497024863,Chan,Nyein,MD,primary-care,Pennington,NJ,08534,40.329422,-74.792789,20,,0.8766,232
1497041412,Jaime,Andrews,DO,primary-care,Camden,NJ,08103,39.935202,-75.112703,15,99.52,1.2533,150
1497068803,Naresh,Nagella,MD,pulmonology,Ewing,NJ,08628,40.264418,-74.827047,19,96.91,1.0012,356
1497071518,Sean,Fedyna,MD,pulmonology,Cedar Knolls,NJ,07927,40.823725,-74.456354,16,,0.7434,701
1497108211,Sakshi,Jain,MD,primary-care,Hackensack,NJ,07601,40.889398,-74.045698,10,81.33,0.8990,449
1497119473,Saverio,Conca,MD,primary-care,Howell,NJ,07731,40.149537,-74.203987,11,,0.5278,346
1497121743,Christopher,Faludi,MD,primary-care,New Brunswick,NJ,08901,40.483638,-74.442460,11,,1.0600,435
1497133318,Emma,Lundsmith,MD,primary-care,Princeton,NJ,08542,40.354517,-74.660560,11,,0.8082,141
1497173454,Mohammed,Kananeh,MD,neurology,Belleville,NJ,07109,40.793481,-74.161159,15,,1.6452,459
1497195515,Jacob,Scutaru,MD,primary-care,Lakewood,NJ,08701,40.077069,-74.198510,13,,0.1142,33
1497203004,Eric,Murch,DO,primary-care,Newton,NJ,07860,41.057287,-74.802737,10,78.05,1.9241,518
1497214233,Shreya,Patel,MD,dermatology,Neptune,NJ,07753,40.210761,-74.074499,7,92.38,0.9839,563
1497242085,Ramy,Ibrahim,MD,primary-care,Pennington,NJ,08534,40.329422,-74.792789,18,,1.2929,280
1497246219,Vikas,Shah,MD,primary-care,East Brunswick,NJ,08816,40.429119,-74.416287,8,,1.1653,28
1497281737,Jay,Shah,MD,primary-care,Montclair,NJ,07042,40.813487,-74.219011,12,69.43,0.9412,675
1497282644,Jennifer,Sanderson-Smith,MD,primary-care,Egg Harbor Township,NJ,08234,39.388393,-74.620728,9,,0.9074,222
1497288120,Kamil,Amer,MD,orthopedics,Passaic,NJ,07055,40.857552,-74.129089,9,,0.9454,45
1497363592,Deshanki,Pandya,MD,primary-care,Manalapan,NJ,07726,40.286506,-74.342547,7,,0.6366,293
1497367528,Orrin,Main,MD,psychiatry,Cranford,NJ,07016,40.657550,-74.303632,6,,1.2263,44
1497700355,Douglas,Hargrave,DO,primary-care,Buena,NJ,08310,39.531437,-74.896810,31,,1.6340,281
1497701163,Edward,Julie,MD,cardiology,Hoboken,NJ,07030,40.745251,-74.027926,46,95.05,1.1564,1043
1497701205,Richard,Paluzzi,MD,primary-care,Cherry Hill,NJ,08034,39.906100,-75.000375,42,,0.6783,82
1497701676,Soma,Mandal,MD,primary-care,Farmingdale,NJ,07727,40.205491,-74.157535,29,,1.3116,249
1497702187,Dalia,Tadros,MD,primary-care,Parsippany,NJ,07054,40.853767,-74.401574,,,5.1588,133
1497704373,Anil,Agarwal,MD,gastroenterology,Clifton,NJ,07012,40.846899,-74.160537,48,96.09,1.1191,93
1497709612,Or,Shachar,MD,neurology,Voorhees,NJ,08043,39.848570,-74.952843,35,,0.5657,306
1497717516,Ahmed,Shehata,MD,gastroenterology,Cherry Hill,NJ,08003,39.885852,-74.971145,41,88.53,1.1346,834
1497720635,Awani,Kumar,MD,pulmonology,Toms River,NJ,08755,40.008534,-74.221768,39,75,2.3514,959
1497724876,Stephen,Rothbart,MD,cardiology,Newark,NJ,07112,40.711391,-74.211683,49,98.51,1.1617,274
1497727697,Stanley,Fiel,MD,pulmonology,Morristown,NJ,07960,40.779235,-74.502462,53,,0.9067,41
1497728745,Ashok,Patel,MD,cardiology,Bridgewater,NJ,08807,40.592434,-74.618840,36,,1.0565,1038
1497732598,Jesse,Stawicki,DO,primary-care,Hamilton,NJ,08619,40.242301,-74.696408,43,73.83,1.2370,290
1497735484,Thomas,Cavalieri,DO,primary-care,Stratford,NJ,08084,39.828990,-75.015536,50,81.15,1.1982,12
1497738876,Prashant,Pandya,MD,primary-care,Bayonne,NJ,07002,40.662495,-74.110201,34,85.15,1.5853,354
1497750848,Jose,Santana,MD,cardiology,North Bergen,NJ,07047,40.793644,-74.025027,41,96.09,0.6409,872
1497752695,John,Chatlos,MD,psychiatry,Holmdel,NJ,07733,40.374964,-74.173849,48,,1.4821,14
1497756589,Lisa,Stevens,MD,gastroenterology,Mountain Lakes,NJ,07046,40.890853,-74.442032,33,78.32,1.1041,464
1497757173,John,Amrien,MD,primary-care,Salem,NJ,08079,39.542408,-75.431684,45,,1.6795,438
1497776579,Kelly,Kane,MD,dermatology,Somers Point,NJ,08244,39.315511,-74.598278,21,97.48,3.1853,1212
1497779623,James,Sekel,DO,primary-care,Sewell,NJ,08080,39.757353,-75.122043,32,,0.7688,428
1497781546,Magdy,Wahba,MD,primary-care,Clifton,NJ,07011,40.880427,-74.143246,50,,3.1931,229
1497782775,Catherine,Liebhauser,MD,psychiatry,Montclair,NJ,07042,40.813487,-74.219011,44,,0.7245,51
1497784094,Hetal,Shah,MD,primary-care,Marlton,NJ,08053,39.856677,-74.900810,26,75,1.2669,310
1497785281,Maged,Boutros,MD,primary-care,Clifton,NJ,07013,40.869405,-74.173062,23,,1.2361,394
1497794861,Kuljit,Chima,MD,dermatology,Wayne,NJ,07470,40.945855,-74.245077,30,100,0.8517,594
1497795413,Paul,Foster,MD,primary-care,Englewood,NJ,07631,40.891197,-73.972515,32,96.09,1.3291,132
1497796973,Eddie,Santiago,MD,primary-care,Lakewood,NJ,08701,40.077069,-74.198510,25,,3.4274,167
1497799209,Shira,Meyer,DO,primary-care,Marlboro,NJ,07746,40.323490,-74.254572,24,,0.6993,260
1497812796,Jonathan,Resnick,MD,gastroenterology,Berkeley Heights,NJ,07922,40.676590,-74.427022,31,,2.1375,441
1497816995,Mildred,Frantz,MD,primary-care,Eatontown,NJ,07724,40.298625,-74.074178,24,,1.4940,610
1497820906,Maria,Rodino,MD,endocrinology,Westwood,NJ,07675,41.003484,-74.001753,34,,0.8482,171
1497829634,Ellis,Wilcox,MD,primary-care,Secaucus,NJ,07094,40.781958,-74.067649,43,,1.6427,157
1497830293,Robert,Lee,MD,primary-care,Hackensack,NJ,07601,40.889398,-74.045698,38,81.33,1.5753,306
1497837744,Michael,Raguso-Failla,MD,primary-care,Little Egg Harbor Twp,NJ,08087,39.603959,-74.382181,30,,0.7977,355
1497843288,Scott,Cohen,DO,gastroenterology,Mount Laurel,NJ,08054,39.948992,-74.900247,33,23.03,0.9999,753
1497846869,Marie,Brice,MD,primary-care,Elizabeth,NJ,07202,40.652464,-74.216853,24,,0.8945,36
1497847990,Alexander,Russoniello,MD,orthopedics,Edison,NJ,08820,40.576806,-74.365750,43,81.33,1.6488,407
1497851836,Steven,Ingato,MD,primary-care,Brick,NJ,08723,40.038584,-74.111600,41,96.09,1.1214,613
1497852966,Robert,Platzman,DO,primary-care,Princeton,NJ,08540,40.364728,-74.656314,27,88.84,2.2420,911
1497854012,David,Marks,MD,neurology,Newark,NJ,07103,40.738852,-74.195264,43,,0.6512,190
1497857635,Marvin,Chiumento,MD,dermatology,Morristown,NJ,07960,40.779235,-74.502462,42,92.2,0.8846,308
1497861538,Judith,Riley-Lowe,DO,primary-care,Bridgeton,NJ,08302,39.438613,-75.260646,23,,1.3142,128
1497863864,George,Padkowsky,MD,primary-care,Bayonne,NJ,07002,40.662495,-74.110201,48,,0.5537,155
1497872824,Michael,Schettino,MD,primary-care,Old Tappan,NJ,07675,41.003484,-74.001753,20,,0.1807,11
1497875249,Jason,Womack,MD,primary-care,New Brunswick,NJ,08901,40.483638,-74.442460,22,,1.0216,45
1497876601,Wendy,Myers,MD,dermatology,Princeton,NJ,08540,40.364728,-74.656314,22,100,0.7316,907
1497894091,Thomas,Francis,DO,primary-care,Warren,NJ,07059,40.634588,-74.519044,34,98.51,1.0560,131
1497911531,Ming,He,MD,neurology,Edison,NJ,08820,40.576806,-74.365750,37,81.33,0.5335,210
1497917868,Kristyn,Phelps,MD,primary-care,West Windsor,NJ,08550,40.279953,-74.622116,23,,1.0571,258
1497932149,Pravien,Khanna,MD,cardiology,Somerset,NJ,08873,40.499667,-74.531844,20,98.51,1.1287,605
1497946792,Michael,Driscoll,DO,pulmonology,Cherry Hill,NJ,08034,39.906100,-75.000375,24,81.15,0.8169,787
1497947022,Gbolahan,Okubadejo,MD,orthopedics,Englewood,NJ,07631,40.891197,-73.972515,24,,0.5562,40
1497953210,Peter,Hynes,MD,cardiology,Sea Girt,NJ,08750,40.133372,-74.041501,21,88.85,1.2301,1856
1497959696,Zareen,Syed,MD,primary-care,Edison,NJ,08837,40.514281,-74.343859,26,,1.3594,95
1497962815,Lisa,Motavalli,MD,cardiology,Monroe,NJ,08831,40.334341,-74.432502,25,,0.5877,1932
1497998561,Hesham,Abdelfattah,MD,orthopedics,Wall Township,NJ,07753,40.210761,-74.074499,17,,0.8987,296
1497999544,Navatha,Kurugundla,MD,pulmonology,Plainsboro,NJ,08536,40.333076,-74.586628,26,,0.8787,530
1508009366,Shilpi,Gupta,MD,oncology,Morristown,NJ,07960,40.779235,-74.502462,22,,0.8191,422
1508019456,Bora,Toklu,MD,cardiology,Elizabeth,NJ,07202,40.652464,-74.216853,20,,0.5770,434
1508025834,Ayman,Ibrahim,DO,neurology,Hackensack,NJ,07601,40.889398,-74.045698,19,83.12,2.0170,979
1508027574,Mathew,Alias,DO,neurology,Morristown,NJ,07960,40.779235,-74.502462,18,,0.7802,745
1508028770,Michael,Viksjo,MD,gastroenterology,Union,NJ,07083,40.695266,-74.269078,23,74.47,1.0769,181
1508029042,Biljana,Scopulovic-Nikolic,MD,primary-care,Clifton,NJ,07012,40.846899,-74.160537,29,,0.7446,205
1508049578,Henry,Komansky,DO,pulmonology,Cape May Court House,NJ,08210,39.119187,-74.823188,53,94.07,0.8765,333
1508049867,Shoshana,Feiner,MD,primary-care,Berkeley Heights,NJ,07922,40.676590,-74.427022,29,,1.9963,233
1508061623,Shilpan,Shah,MD,primary-care,Long Branch,NJ,07740,40.295372,-73.989899,28,98.51,1.3936,916
1508075847,Thomas,Campo,DO,psychiatry,Blackwood,NJ,08012,39.783815,-75.056068,23,,0.7448,122
1508080995,Rebecca,Rosen,MD,primary-care,Basking Ridge,NJ,07920,40.682268,-74.554143,24,,0.7703,378
1508096405,Castro,Bali,MD,endocrinology,Berkeley Heights,NJ,07922,40.676590,-74.427022,23,,1.6900,313
1508099722,Sakshi,Pawa,MD,primary-care,Toms River,NJ,08755,40.008534,-74.221768,33,,1.6509,553
1508111568,Travante,Cartwright,MD,cardiology,Camden,NJ,08103,39.935202,-75.112703,17,91.83,0.6674,879
1508129172,Jennifer,Mojica Itidiare,DO,primary-care,Turnersville,NJ,08012,39.783815,-75.056068,14,,0.4521,191
1508151499,Chanakya,Jandhyala,MD,orthopedics,Toms River,NJ,08755,40.008534,-74.221768,15,98.51,0.8506,242
1508154162,Amanda,Kaveney,MD,oncology,New Brunswick,NJ,08901,40.483638,-74.442460,17,88.4,0.6557,123
1508154709,Christopher,Haydel,MD,orthopedics,Medford,NJ,08055,39.862695,-74.822311,25,81.15,1.0890,471
1508182452,Nicole,Conroy,MD,neurology,Paterson,NJ,07503,40.897548,-74.154121,16,,0.7638,371
1508190786,Esad,Vucic,MD,cardiology,Livingston,NJ,07039,40.785828,-74.329100,24,98.51,0.1145,1275
1508201138,Raema,Mir,MD,primary-care,Marlton,NJ,08053,39.856677,-74.900810,13,,0.5988,144
1508211137,Rasha,Yassa,MD,primary-care,Florham Park,NJ,07932,40.777461,-74.392845,17,,1.4574,281
1508240441,Amanda,Marino,MD,primary-care,East Orange,NJ,07017,40.771918,-74.207082,12,,0.9812,295
1508244898,Randolph,Sanchez,MD,primary-care,Glen Ridge,NJ,07028,40.804798,-74.204569,13,96.09,1.7755,254
1508250705,Patrick,Wong,MD,primary-care,Edison,NJ,08837,40.514281,-74.343859,11,,0.6400,303
1508354531,Louis,Porreca,MD,neurology,Marlton,NJ,08053,39.856677,-74.900810,8,81.15,0.6444,118
1508358409,Laura,Kaplan,MD,dermatology,West Wood,NJ,07675,41.003484,-74.001753,8,93.65,0.9106,338
1508361353,Christina,Patrone,MD,dermatology,Haddon Heights,NJ,08035,39.879127,-75.065918,8,93.06,0.6357,106
1508362021,Augustine,Tawadros,MD,primary-care,Freehold,NJ,07728,40.225793,-74.285785,8,,0.7083,303
1508397886,Robert,Kantor,MD,dermatology,Berkeley Heights,NJ,07922,40.676590,-74.427022,9,,2.2404,391
1508398546,Kiandokht,Keyhanian,MD,neurology,Wayne,NJ,07470,40.945855,-74.245077,14,81.33,1.0347,57
1508399163,Umar,Sharif Khawaja,MD,endocrinology,Ridgewood,NJ,07450,40.981591,-74.113506,11,95.05,1.6253,522
1508399478,Arslan,Khan,MD,primary-care,Red Bank,NJ,07701,40.360509,-74.078952,9,,0.6026,137
1508419292,Lisa,Ezegbu,MD,primary-care,Atlantic City,NJ,08401,39.377337,-74.451070,11,,0.8775,267
1508442146,Lawrence,Lu,DO,primary-care,Voorhees,NJ,08043,39.848570,-74.952843,5,,0.5577,41
1508801010,Maju,Mathews,MD,psychiatry,Marlton,NJ,08053,39.856677,-74.900810,21,,3.7322,40
1508804345,Rajiv,Uppal,MD,gastroenterology,Brick,NJ,08724,40.091032,-74.114395,43,98.3,0.7749,179
1508805839,Hai,Park,MD,primary-care,Englewood,NJ,07632,40.884634,-73.944654,51,,2.8340,157
1508807082,Virendra,Patel,MD,cardiology,Brick,NJ,08724,40.091032,-74.114395,28,89.85,0.8443,2099
1508807710,James,Hefferan,MD,cardiology,Morristown,NJ,07960,40.779235,-74.502462,40,,1.0757,1153
1508808601,Barry,Zingler,MD,gastroenterology,Englewood Cliffs,NJ,07632,40.884634,-73.944654,41,98.3,0.9135,966
1508810300,Richard,Salzer,MD,orthopedics,Englewood,NJ,07632,40.884634,-73.944654,53,96.09,1.0632,197
1508812330,Michael,Rieber,MD,orthopedics,West Orange,NJ,07052,40.785755,-74.265058,34,,0.8332,245
1508813346,Sandira,Segaram,MD,primary-care,Hackettstown,NJ,07840,40.860045,-74.831795,50,,0.9924,242
1508816661,Robert,Ponzio,DO,orthopedics,Sewell,NJ,08080,39.757353,-75.122043,39,,0.9457,141
1508816729,Saiyid,Abidi,MD,neurology,Maple Shade,NJ,08052,39.952381,-74.994896,,,1.9713,321
1508817008,Smriti,Sharma,MD,primary-care,Hamilton,NJ,08619,40.242301,-74.696408,37,96.91,1.0388,133
1508821489,Aruna,Rao,MD,primary-care,E Brunswick,NJ,08816,40.429119,-74.416287,50,,5.6401,122
1508824566,Joshua,Balog,MD,cardiology,Fair Lawn,NJ,07410,40.935830,-74.117505,23,96.09,2.3479,440
1508824897,Joseph,Brignola,MD,primary-care,Nutley,NJ,07110,40.820616,-74.156250,25,,2.0926,228
1508829318,Ibiyonu,Lawrence,MD,primary-care,New Brunswick,NJ,08901,40.483638,-74.442460,29,98.51,1.0118,274
1508830050,Patrick,Tempera,MD,gastroenterology,Union,NJ,07083,40.695266,-74.269078,40,74.47,0.9759,232
1508834169,Bruce,Mintz,DO,primary-care,Morristown,NJ,07960,40.779235,-74.502462,45,,1.3275,838
1508836339,Bryan,Ferroni,DO,pulmonology,Woodbury,NJ,08096,39.829402,-75.129032,32,19.84,0.8629,507
1508837204,Jason,Lotkowski,DO,primary-care,Swedesboro,NJ,08085,39.753766,-75.331040,25,,1.4161,295
1508838186,Padma,Chava,MD,primary-care,Oakland,NJ,07436,41.031022,-74.240502,33,,0.6906,255
1508838434,Ronald,Villanueva,MD,endocrinology,Lakewood,NJ,08701,40.077069,-74.198510,38,,1.4351,1182
1508838665,Stephen,Grelecki,MD,psychiatry,New Brunswick,NJ,08901,40.483638,-74.442460,39,23.55,0.6210,366
1508841305,Erik,Larsen,DO,orthopedics,Toms River,NJ,08755,40.008534,-74.221768,33,90.61,1.4683,432
1508843624,Harry,Bade,MD,orthopedics,Tinton Falls,NJ,07724,40.298625,-74.074178,50,,0.4555,78
1508848979,Mauricio,Velasco,MD,primary-care,West New York,NJ,07093,40.786704,-74.008909,26,,1.6944,131
1508853441,Jacqueline,Meyer,MD,primary-care,Berkeley Heights,NJ,07922,40.676590,-74.427022,26,,1.1174,236
1508858879,Jeffrey,Raskin,MD,gastroenterology,North Bergen,NJ,07047,40.793644,-74.025027,39,98.3,1.0684,208
1508867235,Cory,Golloub,MD,primary-care,Montville,NJ,07045,40.906942,-74.365608,40,,1.6271,221
1508869553,Lee,Van Houten-Sauter,DO,primary-care,Williamstown,NJ,08094,39.650601,-74.959311,35,,2.0698,350
1508879818,Rajiv,Sahay,MD,primary-care,Barnegat,NJ,08005,39.755802,-74.306609,43,22.88,0.9542,652
1508883752,Christina,Migliore,MD,primary-care,Newark,NJ,07112,40.711391,-74.211683,24,98.51,0.5514,110
1508892282,Eric,Berger,MD,psychiatry,Hackensack,NJ,07601,40.889398,-74.045698,45,81.33,0.5161,545
1508894494,Michelle,Bear,DO,primary-care,Bridgeton,NJ,08302,39.438613,-75.260646,24,,0.8814,268
1508898594,Shailja,Roy,MD,oncology,Vineland,NJ,08360,39.492354,-75.003447,28,99.06,4.9334,617
1508920836,Pankaj,Bhandari,MD,psychiatry,Short Hills,NJ,07078,40.742264,-74.327574,26,87.66,0.4257,414
1508930298,Adam,Elfant,MD,gastroenterology,Mount Laurel,NJ,08054,39.948992,-74.900247,37,91.83,1.1364,743
1508950684,Madhurani,Khare,MD,psychiatry,Princeton,NJ,08540,40.364728,-74.656314,35,,0.9513,16
1508954496,Michael,Betsy,MD,orthopedics,Woodcliff Lake,NJ,07677,41.025977,-74.061061,26,,0.8378,121
1508958471,Amber,Khan,MD,gastroenterology,New Providence,NJ,07974,40.696919,-74.403853,36,,0.9648,26
1508961772,Richard,Senzer,MD,primary-care,Washington,NJ,07882,40.755430,-75.010870,41,,0.9466,199
1508967746,Marek,Lupicki,MD,primary-care,Old Bridge,NJ,08857,40.392789,-74.330397,38,75,1.4527,704
1508968991,Carl,Postighone,DO,primary-care,Stirling,NJ,07980,40.676166,-74.494548,38,,0.5840,706
1508997552,Olga,Tchikindas,MD,psychiatry,Trenton,NJ,08609,40.225747,-74.740906,41,,0.4600,32
1518015783,Lori,Richwine,DO,primary-care,Egg Harbor Twp,NJ,08234,39.388393,-74.620728,37,,1.6201,242
1518021716,Brian,Benoff,MD,pulmonology,Englewood,NJ,07631,40.891197,-73.972515,32,,1.1377,431
1518032093,Suhayl,Dhib-Jalbut,MD,neurology,New Brunswick,NJ,08901,40.483638,-74.442460,46,88.4,0.4197,34
1518034628,David,Finkelstein,MD,dermatology,Voorhees,NJ,08043,39.848570,-74.952843,29,75.05,1.6692,713
1518035625,Kenneth,Swan,MD,orthopedics,Somerset,NJ,08873,40.499667,-74.531844,26,,0.9876,168
1518035807,Fred,Lee,MD,orthopedics,Fort Lee,NJ,07024,40.850640,-73.971007,35,,0.5766,144
1518037340,Kyu,Wang,MD,primary-care,Fort Lee,NJ,07024,40.850640,-73.971007,51,,1.1149,343
1518039791,Narpinder,Singh,MD,cardiology,Phillipsburg,NJ,08865,40.708226,-75.147073,35,97.13,0.6558,1457
1518050467,Edgardo,Vallejo,MD,primary-care,Elizabeth,NJ,07202,40.652464,-74.216853,54,,4.9761,24
1518051499,Albert,Joseph,MD,primary-care,Fair Lawn,NJ,07410,40.935830,-74.117505,48,,1.2096,31
1518051721,Alfred,Lardizabal,MD,pulmonology,Newark,NJ,07103,40.738852,-74.195264,40,,1.3047,88
1518051838,Robert,Fogliani,MD,primary-care,Berkeley Heights,NJ,07922,40.676590,-74.427022,45,,0.4481,67
1518054931,Mona,Bijlani,MD,psychiatry,Piscataway,NJ,08854,40.539658,-74.462791,39,,0.8738,60
1518055755,Olga,Kaczaj,MD,primary-care,Vineland,NJ,08360,39.492354,-75.003447,33,,1.7339,354
1518055896,Jonathan,Shammash,MD,primary-care,Hackensack,NJ,07601,40.889398,-74.045698,34,96.09,1.0564,212
1518063049,Qi,Sun,MD,primary-care,Atlantic City,NJ,08401,39.377337,-74.451070,38,,0.9833,355
1518063551,Noel,Ilogu,MD,primary-care,Somerset,NJ,08873,40.499667,-74.531844,41,98.51,1.6779,115
1518064567,Irina,Vilenskaya,MD,primary-care,Long Branch,NJ,07740,40.295372,-73.989899,42,,2.1333,154
1518066000,Marwan,Assaleh,MD,primary-care,Bayonne,NJ,07002,40.662495,-74.110201,47,85.15,1.7669,86
1518067552,Martin,Corso,MD,primary-care,Plainsboro,NJ,08536,40.333076,-74.586628,50,,0.5684,11
1518068782,Lorna,Bayes,MD,primary-care,Roselle Park,NJ,07204,40.665312,-74.266555,54,,1.3216,115
1518068972,Jiten,Rana,MD,cardiology,Vineland,NJ,08360,39.492354,-75.003447,30,,1.1698,888
1518069970,Christopher,Carey,MD,orthopedics,Voorhees,NJ,08043,39.848570,-74.952843,32,,1.1503,298
1518073782,Kenny,Chiu,MD,gastroenterology,Brick,NJ,08724,40.091032,-74.114395,27,98.3,0.9246,1142
1518084631,Nimer,Mian,DO,neurology,Somerville,NJ,08876,40.589554,-74.685411,24,60.83,1.3071,498
1518086933,Dmitry,Nemirovsky,MD,cardiology,Englewood,NJ,07631,40.891197,-73.972515,27,96.09,1.0089,1143
1518092055,Yvonne,Nelson,MD,primary-care,Edison,NJ,08820,40.576806,-74.365750,23,,1.1951,159
1518092428,Erica,Milas,DO,primary-care,Clarksboro,NJ,08020,39.794221,-75.222232,22,,0.8620,139
1518119700,Deval,Gadhvi,MD,primary-care,Jersey City,NJ,07311,40.719076,-74.032619,25,,1.2847,52
1518126101,Catherine,Laiosa,MD,primary-care,Englewood,NJ,07631,40.891197,-73.972515,19,,0.8880,526
1518139914,Mark,Greaves,MD,gastroenterology,Hillsborough,NJ,08844,40.497692,-74.670505,24,100,2.2475,812
1518151547,Anthony,Scillia,MD,orthopedics,Wayne,NJ,07470,40.945855,-74.245077,19,,0.9284,169
1518161223,Douglas,Ross,MD,primary-care,Shrewsbury,NJ,07702,40.326450,-74.057373,21,,1.0543,602
1518165265,Rose,Mcgeever,DO,primary-care,Pennington,NJ,08534,40.329422,-74.792789,19,96.91,1.0284,222
1518165919,Aamer,Farooq,MD,oncology,Monroe Township,NJ,08831,40.334341,-74.432502,13,100,2.0220,481
1518166420,Bernard,Kim,MD,cardiology,Hackensack,NJ,07601,40.889398,-74.045698,25,81.33,1.7719,437
1518167311,Deborah,Sambucci,DO,cardiology,Haddon Heights,NJ,08035,39.879127,-75.065918,24,90.34,2.3969,1927
1518167824,Benjamin,D Souza,MD,cardiology,Cherry Hill,NJ,08003,39.885852,-74.971145,19,,1.1837,841
1518173665,Biren,Saraiya,MD,oncology,New Brunswick,NJ,08901,40.483638,-74.442460,24,,0.6252,173
1518189133,Irvinder,Bhatia,MD,primary-care,Bound Brook,NJ,08805,40.570639,-74.537551,30,,0.5663,97
1518214626,Ahmet,Can,MD,endocrinology,Hackensack,NJ,07601,40.889398,-74.045698,37,81.33,0.8307,524
1518222108,Michael,Sperling,MD,primary-care,Galloway,NJ,08205,39.482000,-74.452637,14,77.9,1.2890,539
1518237452,Sarah,Wistreich,DO,primary-care,Cranford,NJ,07016,40.657550,-74.303632,17,,0.9548,211
1518257856,Venkataranga,Nallapareddygari,MD,primary-care,Montclair,NJ,07042,40.813487,-74.219011,22,96.09,0.5194,409
1518286939,Domingo,Yang,MD,primary-care,Clifton,NJ,07013,40.869405,-74.173062,25,,2.4719,231
1518301506,Ahmed,Rezk,DO,primary-care,Neptune,NJ,07753,40.210761,-74.074499,14,,0.6469,526
1518302660,Douglas,Nowacki,MD,orthopedics,Wayne,NJ,07470,40.945855,-74.245077,13,88.72,0.9218,87
1518311661,Christina,Picciano,DO,primary-care,Newark,NJ,07105,40.723066,-74.138636,10,,0.8542,48
1518316470,Nishi,Pandey,DO,gastroenterology,Voorhees,NJ,08043,39.848570,-74.952843,10,,2.3643,279
1518318963,Krishnanjali,Jonnalagadda,MD,primary-care,Montclair,NJ,07042,40.813487,-74.219011,20,,0.8702,480
1518320233,Robert,Wilcott,MD,pulmonology,Camden,NJ,08103,39.935202,-75.112703,10,,0.6229,204
1518329572,Fusun,Dikengil,MD,pulmonology,Marlton,NJ,08053,39.856677,-74.900810,11,,0.8910,410
1518341023,Kunal,Dalal,MD,gastroenterology,Camden,NJ,08103,39.935202,-75.112703,11,91.83,0.8488,276
1518351725,Richard,Heekin,MD,psychiatry,Flemington,NJ,08822,40.521995,-74.866644,11,,4.1775,47
1518377258,Abeera,Khan,MD,primary-care,Rio Grande,NJ,08242,39.017380,-74.886908,12,,0.7659,227
1518385889,Christine,Stahl,MD,neurology,Morristown,NJ,07960,40.779235,-74.502462,12,90.8,1.4622,419
1518386135,Amanda,Griffin,DO,primary-care,Bordentown,NJ,08505,40.135589,-74.707255,12,,0.5927,251
1518420181,Alex,Gusler,MD,primary-care,Lakewood,NJ,08701,40.077069,-74.198510,9,96.09,0.8467,355
1518462480,Matthew,Orwitz,MD,neurology,Marlton,NJ,08053,39.856677,-74.900810,8,,0.7278,448
1518487644,Allarice,Linaac,MD,primary-care,Westfield,NJ,07090,40.651644,-74.343447,9,,0.5232,279
1518489392,Ali,Rizvi,MD,primary-care,Toms River,NJ,08755,40.008534,-74.221768,12,87.07,0.6126,631
1518491968,Jean,Soh,MD,primary-care,Marlton,NJ,08053,39.856677,-74.900810,9,,0.7498,228
1518492461,Andrzej,Brzezinski,MD,orthopedics,Avenel,NJ,07001,40.583961,-74.269704,24,87.36,0.7380,140
1518498088,Lidiya,Bukenova,MD,primary-care,Marlton,NJ,08053,39.856677,-74.900810,19,81.15,0.9793,138
1518534890,Haneen,Hussein,DO,primary-care,Edison,NJ,08820,40.576806,-74.365750,5,96.09,0.3361,36
1518546241,Kreena,Shah,MD,primary-care,Pittsgrove,NJ,08318,39.557653,-75.177717,5,,0.4066,11
1518582592,Benjamin,Simmons,MD,primary-care,Livingston,NJ,07039,40.785828,-74.329100,6,,0.6653,224
1518582766,Ahmed,Nashat,MD,primary-care,Somers Point,NJ,08244,39.315511,-74.598278,22,87.63,0.7501,281
1518595537,Muhammad,Kahf,MD,primary-care,Haledon,NJ,07508,40.955021,-74.183692,7,,3.7235,146
1518596667,Anmol,Mittal,MD,primary-care,Livingston,NJ,07039,40.785828,-74.329100,6,,0.5885,375
1518904036,Victor,Hernandez,MD,psychiatry,West New York,NJ,07093,40.786704,-74.008909,46,,1.0040,42
1518906270,Juan,Utreras,MD,primary-care,Haddon Heights,NJ,08035,39.879127,-75.065918,29,99.52,1.2856,210
1518906767,Steven,Kirshner,MD,orthopedics,Marlton,NJ,08053,39.856677,-74.900810,43,,0.6839,31
1518917822,Amar,Bukhari,MD,pulmonology,New Brunswick,NJ,08901,40.483638,-74.442460,35,,0.6953,361
1518918580,David,Chalnick,MD,orthopedics,Ocean,NJ,07712,40.246895,-74.054502,34,72.19,1.0837,702
1518918838,Burak,Arkonac,MD,cardiology,Browns Mills,NJ,08015,39.931536,-74.543720,40,,1.5511,293
1518920552,David,Gigliotti,MD,primary-care,Berlin,NJ,08009,39.760656,-74.932860,32,,0.9039,629
1518920925,Cristian,Enescu,MD,neurology,Hoboken,NJ,07030,40.745251,-74.027926,43,,1.6965,54
1518927474,George,Lin,MD,pulmonology,Emerson,NJ,07630,40.974990,-74.023248,30,96.09,1.1747,689
1518932615,Jose,Suatengco,MD,gastroenterology,Toms River,NJ,08755,40.008534,-74.221768,33,75,1.0499,603
1518936053,Vito,Mazzoccoli,MD,primary-care,Caldwell,NJ,07006,40.851187,-74.282865,39,,1.8664,82
1518937234,Gary,Kershner,DO,primary-care,Union,NJ,07083,40.695266,-74.269078,26,,1.0793,244
1518938422,Igor,Priven,MD,endocrinology,Manalapan,NJ,07726,40.286506,-74.342547,28,99.01,2.9991,1062
1518952324,Francis,Prior,MD,cardiology,Berkeley Heights,NJ,07922,40.676590,-74.427022,44,,0.9215,904
1518954080,Vijay,Maggio,MD,neurology,Colts Neck,NJ,07722,40.287799,-74.166807,27,48.88,0.5660,760
1518954882,Francisco,Gonzalez,MD,primary-care,Union City,NJ,07087,40.767224,-74.032429,37,96.09,1.8900,303
1518956283,Mario,Maffei,MD,primary-care,Voorhees,NJ,08043,39.848570,-74.952843,30,,0.7700,149
1518962257,Nicholas,Defilippis,MD,primary-care,Union,NJ,07083,40.695266,-74.269078,41,,4.0214,410
1518963933,John,Ho,MD,primary-care,Denville,NJ,07834,40.886460,-74.487584,35,,1.2261,449
1518968676,Martha,Maso,MD,dermatology,West Wood,NJ,07675,41.003484,-74.001753,40,93.65,1.2586,1218
1518971068,Maria,Viscuso,MD,primary-care,North Arlington,NJ,07031,40.786256,-74.126220,47,,0.8171,131
1518973296,Rocco,Simmerano,MD,orthopedics,Cedar Knolls,NJ,07927,40.823725,-74.456354,27,,1.0530,453
1518973742,Firpo,Guerrero,MD,gastroenterology,Newark,NJ,07105,40.723066,-74.138636,45,92.69,0.7906,547
1518979541,Frank,Almeida,MD,primary-care,Manasquan,NJ,08736,40.120018,-74.053257,28,,0.7549,432
1518982958,Vipul,Parikh,MD,primary-care,Toms River,NJ,08755,40.008534,-74.221768,37,95.79,2.8459,834
1518985332,Mayank,Patel,MD,gastroenterology,Iselin,NJ,08830,40.570142,-74.316371,48,,0.9699,176
1518986538,Nirmala,Saraf,MD,oncology,East Orange,NJ,07018,40.755733,-74.217917,43,,2.2703,138
1518998160,Sanjay,Bhagat,MD,gastroenterology,Lakewood,NJ,08701,40.077069,-74.198510,41,,0.9839,18
1528001583,David,Goldberg,MD,dermatology,Hackensack,NJ,07601,40.889398,-74.045698,46,100,2.4633,336
1528007457,Agnieszka,Kwapniewski,MD,primary-care,North Arlington,NJ,07031,40.786256,-74.126220,32,,1.1427,142
1528011517,Vasko,Gulevski,MD,neurology,Freehold,NJ,07728,40.225793,-74.285785,24,78.15,1.7825,653
1528013547,Igor,Gefter,MD,psychiatry,Wayne,NJ,07470,40.945855,-74.245077,43,23.1,1.8216,216
1528014925,Lina,Shihabuddin,MD,psychiatry,Belleville,NJ,07109,40.793481,-74.161159,37,,0.7735,342
1528019262,Dilip,Viswanath,MD,cardiology,Haddon Heights,NJ,08035,39.879127,-75.065918,33,90.34,0.9012,2255
1528030384,Robert,Slama,MD,cardiology,Berkeley Heights,NJ,07922,40.676590,-74.427022,55,,0.6612,47
1528032497,Stephen,Verdesca,MD,cardiology,Morristown,NJ,07960,40.779235,-74.502462,36,,0.7800,1467
1528033669,Beth,Balinski,DO,primary-care,Old Bridge,NJ,08857,40.392789,-74.330397,34,,0.4875,326
1528034469,Orin,Atlas,MD,orthopedics,Hainesport,NJ,08036,39.977956,-74.836334,30,22.65,1.8499,396
1528036217,John,Zimmerman,MD,cardiology,Hackensack,NJ,07601,40.889398,-74.045698,48,96.73,0.6780,1005
1528038114,Steven,Baumgarten,MD,pulmonology,Cherry Hill,NJ,08034,39.906100,-75.000375,44,81.15,0.9043,708
1528038403,Kenneth,Panitch,MD,primary-care,Haddonfield,NJ,08033,39.892421,-75.036651,35,,0.9666,504
1528039146,Catherine,Gayle,MD,psychiatry,Bridgewater,NJ,08807,40.592434,-74.618840,46,84.94,0.4244,17
1528039773,Steve,Lisser,MD,orthopedics,Red Bank,NJ,07701,40.360509,-74.078952,39,69.28,1.0173,280
1528040011,Alan,Deutsch,DO,neurology,Neptune,NJ,07753,40.210761,-74.074499,39,75,0.8546,603
1528048055,Hojun,Yoo,MD,cardiology,Brick,NJ,08724,40.091032,-74.114395,32,89.85,0.9703,1277
1528048527,Zinnat,Chowdhury,MD,primary-care,Bordentown,NJ,08505,40.135589,-74.707255,39,,1.2101,362
1528051331,Sophia Naa-Abia,Casely-Hayford,MD,primary-care,Morristown,NJ,07960,40.779235,-74.502462,32,,0.8129,171
1528053477,Fayez,Shamoon,MD,cardiology,Kearny,NJ,07032,40.752332,-74.123093,41,,1.1289,543
1528053642,Gregg,Klein,MD,orthopedics,North Bergen,NJ,07047,40.793644,-74.025027,29,81.33,1.5469,1022
1528056793,Frank,Arlinghaus,MD,pulmonology,Shrewsbury,NJ,07702,40.326450,-74.057373,52,23.36,1.1476,780
1528061975,Harlan,Hiramoto,MD,orthopedics,Cedar Knolls,NJ,07927,40.823725,-74.456354,39,79.23,1.0516,396
1528069416,Erhan,Kucuk,MD,primary-care,Fair Lawn,NJ,07410,40.935830,-74.117505,45,95.05,1.2813,275
1528071164,Alice,Cohen,MD,oncology,Newark,NJ,07112,40.711391,-74.211683,45,98.51,0.4553,132
1528073491,Maasi,Shamilov,MD,psychiatry,Marlton,NJ,08053,39.856677,-74.900810,40,,1.1926,94
1528079654,James,Hale,MD,orthopedics,Teaneck,NJ,07666,40.890317,-74.011478,28,22.63,0.8405,360
1528087509,Mumtaz,Niazi,MD,primary-care,Newark,NJ,07103,40.738852,-74.195264,29,,0.9059,172
1528094927,Marie,Czaplicki-Margiotti,MD,orthopedics,Sparta,NJ,07871,41.046696,-74.627989,52,,1.1790,113
1528096948,Sanjay,Misra,MD,primary-care,Marlton,NJ,08053,39.856677,-74.900810,44,,0.4638,85
1528098076,James,Gibbions,MD,primary-care,Cedar Knolls,NJ,07927,40.823725,-74.456354,26,,0.9680,267
1528116795,Charles,Richwine,DO,primary-care,Egg Harbor Twp,NJ,08234,39.388393,-74.620728,38,,0.5970,396
1528117389,Mini,Gupta,MD,primary-care,Bordentown,NJ,08505,40.135589,-74.707255,30,,0.7568,272
1528119146,Brian,Fertig,MD,endocrinology,Piscataway,NJ,08854,40.539658,-74.462791,37,,3.9215,101
1528129475,Joanna,Denis,MD,primary-care,Parsippany,NJ,07054,40.853767,-74.401574,36,20.61,4.0030,264
1528129509,Vivekkumar,Dasondi,MD,primary-care,Galloway,NJ,08205,39.482000,-74.452637,20,,2.0758,315
1528131281,Robert,Parangi,MD,primary-care,Paramus,NJ,07652,40.947299,-74.070169,34,22.07,1.2811,265
1528136603,Peter,Zazzali,MD,primary-care,Passaic,NJ,07055,40.857552,-74.129089,36,100,0.8399,204
1528137122,John,Gurrieri,MD,primary-care,Voorhees,NJ,08043,39.848570,-74.952843,42,,0.3209,169
1528140076,Eric,Shen,MD,gastroenterology,Plainsboro,NJ,08536,40.333076,-74.586628,27,,1.0145,510
1528142197,Calin,Moucha,MD,orthopedics,Englewood,NJ,07631,40.891197,-73.972515,29,,1.0718,722
1528154903,Christopher,Deitch,MD,gastroenterology,Mount Laurel,NJ,08054,39.948992,-74.900247,33,91.83,0.7366,471
1528156981,Fredric,Ginsberg,MD,cardiology,Cherry Hill,NJ,08034,39.906100,-75.000375,49,91.83,1.0488,777
1528157682,Melanie,Teasley,MD,psychiatry,Princeton,NJ,08540,40.364728,-74.656314,45,,2.1922,102
1528162278,Aviva,Kupershtok-Bojko,MD,neurology,Livingston,NJ,07039,40.785828,-74.329100,41,98.51,1.7441,80
1528179827,David,Mitchell,DO,primary-care,Toms River,NJ,08755,40.008534,-74.221768,37,25.63,1.0729,348
1528186384,Yong,Kwon,MD,gastroenterology,Berkeley Heights,NJ,07922,40.676590,-74.427022,21,,1.3716,380
1528203676,Saira,Ahmad,MD,primary-care,Avenel,NJ,07001,40.583961,-74.269704,22,,1.0859,55
1528203809,Maria,Bernabe,MD,primary-care,Old Bridge,NJ,08857,40.392789,-74.330397,45,,1.4259,785
1528209541,Marissa,Oller Cramsie,DO,neurology,Teaneck,NJ,07666,40.890317,-74.011478,18,,1.4117,343
1528219367,Niyati,Chiniwala,MD,endocrinology,Jackson,NJ,08527,40.108665,-74.358602,23,96.09,0.9552,293
1528221850,Carol,Yuan Duclair,MD,pulmonology,Edison,NJ,08820,40.576806,-74.365750,21,,0.8404,106
1528222155,Anne,Jones,DO,primary-care,Sewell,NJ,08080,39.757353,-75.122043,18,81.15,0.6831,60
1528226842,Adedayo,Aderibigbe,MD,primary-care,Edison,NJ,08837,40.514281,-74.343859,20,95.05,0.8986,141
1528239050,Brett,Sealove,MD,cardiology,Eatontown,NJ,07724,40.298625,-74.074178,24,82.83,1.2156,1811
1528245461,Carl,Vaccaro,DO,primary-care,Little Egg Harbor Twp,NJ,08087,39.603959,-74.382181,21,,0.8521,352
1528253408,Muhammad,Khan,MD,pulmonology,Jackson,NJ,08527,40.108665,-74.358602,25,75,1.1498,891
1528258274,Jeffrey,Pinto,MD,primary-care,Medford,NJ,08055,39.862695,-74.822311,21,,0.7034,344
1528262961,Gammal,Hassanien,DO,primary-care,Paterson,NJ,07505,40.917008,-74.171936,22,,0.9389,256
1528264306,Buvaneswari,Sridar,MD,primary-care,Eatontown,NJ,07724,40.298625,-74.074178,31,,0.6962,323
1528267887,Adam,Levine,DO,cardiology,Haddon Heights,NJ,08035,39.879127,-75.065918,19,90.34,1.4737,1417
1528268521,Kelly,Schiers,DO,pulmonology,Turnersville,NJ,08012,39.783815,-75.056068,19,,0.9814,285
1528276615,Enis,Alberaqdar,MD,primary-care,Haledon,NJ,07508,40.955021,-74.183692,24,100,6.6714,279
1528293354,Gautam,Visveswaran,MD,cardiology,Newark,NJ,07112,40.711391,-74.211683,21,98.51,1.4484,158
1528326600,Courtney,Krathen,DO,cardiology,Browns Mills,NJ,08015,39.931536,-74.543720,14,95.33,0.8919,339
1528334786,Omar,Khatib,MD,orthopedics,Paterson,NJ,07503,40.897548,-74.154121,15,,1.2022,222
1528346962,John,Erickson,MD,orthopedics,New Providence,NJ,07974,40.696919,-74.403853,15,,0.7370,266
1528358652,Ewaen,Okao,MD,psychiatry,Hackensack,NJ,07601,40.889398,-74.045698,31,81.33,1.2307,52
1528364833,Rohit,Marwaha,MD,primary-care,Little Egg Harbor Twp,NJ,08087,39.603959,-74.382181,16,,0.9324,341
1528383403,Avik,Sarkar,MD,gastroenterology,Neptune,NJ,07753,40.210761,-74.074499,16,,1.8531,237
1528386380,Daniel,Amoruso,MD,cardiology,Mendham,NJ,07945,40.780656,-74.601816,16,,0.6454,1394
1528405271,Andrew,Matthews,MD,primary-care,West Orange,NJ,07052,40.785755,-74.265058,13,98.51,0.7056,153
1528422482,Katrina,Gould,DO,primary-care,Robbinsville,NJ,08691,40.208319,-74.600928,10,96.91,0.9048,199
1528444536,Yazan,Vwich,MD,primary-care,North Bergen,NJ,07047,40.793644,-74.025027,11,96.09,0.4165,117
1528471448,Paul,Valestra,MD,pulmonology,Ridgewood,NJ,07450,40.981591,-74.113506,12,95.05,1.3406,554
1528472933,Adonas,Woodard,MD,primary-care,Stratford,NJ,08084,39.828990,-75.015536,12,,1.0124,393
1528478138,Taner,Ulke,DO,primary-care,Voorhees,NJ,08043,39.848570,-74.952843,12,,0.6133,342
1528528775,Maria,Yaseen,MD,primary-care,Voorhees,NJ,08043,39.848570,-74.952843,11,81.15,0.9210,294
1528529401,Jeannett,Marte,MD,primary-care,Berkeley Heights,NJ,07922,40.676590,-74.427022,17,,1.7405,149
1528554342,Saaniya,Ajmeri,MD,primary-care,Haddon Heights,NJ,08035,39.879127,-75.065918,8,99.52,0.6058,98
1528562337,Thai,Tran,MD,primary-care,Mays Landing,NJ,08330,39.469094,-74.746992,8,,0.4902,67
1528589736,Laura,Ruhl,MD,primary-care,Milford,NJ,08848,40.594266,-75.096659,9,,0.4428,167
1528630209,Matthew,Facas,DO,primary-care,Sea Girt,NJ,08750,40.133372,-74.041501,5,,0.6965,195
1528641032,Hiral,Amin,DO,primary-care,Cherry Hill,NJ,08002,39.934605,-75.025389,5,,0.9980,125
1528646015,Paras,Patel,DO,primary-care,West Orange,NJ,07052,40.785755,-74.265058,5,,1.7772,157
1528646254,Pankti,Tamboli,DO,primary-care,Pittsgrove,NJ,08318,39.557653,-75.177717,5,,0.5425,43
1528647807,Iman,Ali,MD,primary-care,Hammonton,NJ,08037,39.631681,-74.773893,5,81.15,0.4189,28
1528680741,Andrea,Davila,DO,primary-care,Bayonne,NJ,07002,40.662495,-74.110201,7,85.15,0.5049,38
1528687803,Zeinab,Abdulrahman,MD,primary-care,Belleville,NJ,07109,40.793481,-74.161159,14,,0.4835,109
1528696820,Rovena,Collins,DO,primary-care,Brick,NJ,08723,40.038584,-74.111600,6,96.09,0.7967,14
1528697315,Basil,Elamir,MD,primary-care,Jersey City,NJ,07304,40.717303,-74.076352,7,,1.5591,189
1538101282,Amy,Geisen,MD,primary-care,Vernon,NJ,07462,41.198456,-74.495575,24,,1.4981,397
1538102843,Erwin,Mermelstein,MD,cardiology,East Brunswick,NJ,08816,40.429119,-74.416287,48,98.51,0.9464,988
1538105895,Harry,Lin,MD,primary-care,Metuchen,NJ,08840,40.543139,-74.358981,40,,1.5026,385
1538105960,Arnold,Pallay,MD,primary-care,Montville,NJ,07045,40.906942,-74.365608,43,,0.9207,294
1538108568,Evan,Kushner,MD,primary-care,Paramus,NJ,07652,40.947299,-74.070169,40,96.09,1.0404,715
1538110754,Viju,Vijaysadan,MD,primary-care,Lincoln Park,NJ,07035,40.927501,-74.308334,31,,6.2545,286
1538113626,Joseph,Fretta,MD,primary-care,West Orange,NJ,07052,40.785755,-74.265058,49,,2.5123,84
1538114103,Louis,Arroyo,MD,psychiatry,Paterson,NJ,07503,40.897548,-74.154121,43,,0.9174,171
1538116041,Pamela,Crilley,DO,oncology,Pennington,NJ,08534,40.329422,-74.792789,47,96.91,0.7214,237
1538119961,Gregory,Breen,MD,pulmonology,Mullica Hill,NJ,08062,39.716095,-75.219267,32,,1.7254,1201
1538120845,Deborah,Rabner,MD,dermatology,West Caldwell,NJ,07006,40.851187,-74.282865,42,75,0.6094,1210
1538121926,Nadeem,Haque,MD,primary-care,Bayonne,NJ,07002,40.662495,-74.110201,39,,1.5319,450
1538122668,Sandra,Elder,MD,dermatology,Marlton,NJ,08053,39.856677,-74.900810,38,71.74,1.8444,675
1538123542,Gaurang,Patel,MD,primary-care,Clifton,NJ,07011,40.880427,-74.143246,26,75,1.8805,583
1538126339,Glenda,Rabie,MD,primary-care,Camden,NJ,08105,39.950340,-75.096278,49,,0.7657,15
1538130398,David,Gross,MD,primary-care,Moorestown,NJ,08057,39.979658,-74.941308,39,99.52,1.0553,409
1538130471,Jeffrey,Daniels,MD,orthopedics,Voorhees,NJ,08043,39.848570,-74.952843,41,,0.9569,249
1538131727,Thomas,Kaylen,MD,primary-care,South Plainfield,NJ,07080,40.574413,-74.414800,32,,3.6592,195
1538136429,Thomas,Kowalenko,DO,primary-care,Clark,NJ,07066,40.620650,-74.309862,30,,4.5396,43
1538136510,Yogesh,Sagar,MD,cardiology,Teaneck,NJ,07666,40.890317,-74.011478,35,96.09,0.4139,1132
1538138656,Gregory,Gallick,MD,orthopedics,Union,NJ,07083,40.695266,-74.269078,46,,0.6763,98
1538139548,Edward,Licitra,MD,oncology,East Brunswick,NJ,08816,40.429119,-74.416287,26,100,6.1279,164
1538142666,Carlos,Sagebien,MD,orthopedics,Somerset,NJ,08873,40.499667,-74.531844,27,75,1.6846,241
1538153523,Stuart,Style,DO,primary-care,Voorhees,NJ,08043,39.848570,-74.952843,36,,0.5591,448
1538153531,Neeta,Motiwala,MD,primary-care,Emerson,NJ,07630,40.974990,-74.023248,44,,0.8865,264
1538154307,Shan,Sivendra,MD,primary-care,Springfield,NJ,07081,40.697966,-74.334436,37,,2.9971,169
1538156815,Frederick,Depaola,MD,orthopedics,Ocean,NJ,07712,40.246895,-74.054502,37,72.19,1.1676,311
1538164496,Timothy,Leddy,MD,orthopedics,Princeton,NJ,08540,40.364728,-74.656314,30,75,0.6184,592
1538164975,Rick,Pumill,MD,cardiology,Edgewater,NJ,07020,40.824650,-73.973793,42,90.32,1.8312,904
1538166368,Bonnie,Sidler,MD,endocrinology,Livingston,NJ,07039,40.785828,-74.329100,39,98.51,0.1026,937
1538179452,Brian,Smith,MD,primary-care,Morristown,NJ,07960,40.779235,-74.502462,46,23.58,0.8935,334
1538181045,Jeffrey,Henning,MD,dermatology,Hillsborough,NJ,08844,40.497692,-74.670505,26,75,1.5708,476
1538182050,Thomas,Amrick,MD,gastroenterology,Westfield,NJ,07090,40.651644,-74.343447,41,44.82,1.0231,379
1538182688,John,Capitanelli,MD,cardiology,Woodland Park,NJ,07424,40.882319,-74.205876,44,,1.6721,385
1538185491,Joseph,Schwartz,MD,endocrinology,Englewood,NJ,07631,40.891197,-73.972515,28,75,3.1355,1134
1538185657,Michael,Simon,MD,primary-care,East Brunswick,NJ,08816,40.429119,-74.416287,37,,1.6059,333
1538190731,Robert,Levine,MD,gastroenterology,Emerson,NJ,07630,40.974990,-74.023248,39,96.09,0.9070,395
1538192257,Adity,Bhattacharyya,MD,primary-care,Edison,NJ,08820,40.576806,-74.365750,45,96.09,0.5577,125
1538203054,Jennifer,Brown,DO,gastroenterology,Nutley,NJ,07110,40.820616,-74.156250,37,98.3,1.6649,366
1538226360,Emmanuel,Weiss,MD,cardiology,Clifton,NJ,07013,40.869405,-74.173062,46,,2.2381,369
1538226980,Neeti,Gupta,MD,primary-care,East Windsor,NJ,08520,40.255800,-74.539882,29,,1.5662,66
1538228432,H,Burns,MD,primary-care,Morris Plains,NJ,07950,40.846026,-74.482314,32,,1.2854,264
1538231873,Sarang,Kim,MD,primary-care,New Brunswick,NJ,08901,40.483638,-74.442460,28,98.51,0.7430,60
1538233242,Suresh,Belani,MD,primary-care,Irvington,NJ,07111,40.723859,-74.232522,46,,1.9307,93
1538233358,Syeda,Farooqui,MD,primary-care,Fair Lawn,NJ,07410,40.935830,-74.117505,47,,2.0218,23
1538233721,Charles,Trigiani,DO,psychiatry,Westampton,NJ,08060,40.010005,-74.792207,47,,2.3844,28
1538241955,Nader,Kasim,MD,orthopedics,Edison,NJ,08820,40.576806,-74.365750,35,,0.6806,191
1538242037,Robert,Simon,MD,primary-care,Browns Mills,NJ,08015,39.931536,-74.543720,40,84.95,0.8200,524
1538250881,Zenan,Switenko,DO,primary-care,Bordentown,NJ,08505,40.135589,-74.707255,37,,1.0726,292
1538252226,Gregorio,Guillen,MD,primary-care,Perth Amboy,NJ,08861,40.520494,-74.272943,44,,1.7870,202
1538253794,Bruce,Rubenstein,MD,psychiatry,Hackensack,NJ,07601,40.889398,-74.045698,36,81.33,0.3233,37
1538261136,Brian,Katz,MD,gastroenterology,Berkeley Heights,NJ,07922,40.676590,-74.427022,29,,0.8697,559
1538272091,John,Hahn,MD,gastroenterology,Bayonne,NJ,07002,40.662495,-74.110201,41,,0.7793,324
1538275458,Elyse,Kernis,MD,primary-care,Turnersville,NJ,08012,39.783815,-75.056068,27,,1.0460,209
1538293576,Mark,Moshiyakhov,MD,cardiology,Neptune,NJ,07753,40.210761,-74.074499,25,95.33,0.9880,1020
1538320551,Neelam,Gidwaney,MD,primary-care,Manahawkin,NJ,08050,39.712132,-74.231888,18,81.33,0.9292,486
1538328745,Brian,Peng,DO,primary-care,Marlton,NJ,08053,39.856677,-74.900810,18,81.15,0.4325,405
1538336904,Jasrai,Gill,MD,cardiology,Toms River,NJ,08755,40.008534,-74.221768,20,86.51,2.3139,1460
1538359633,Priya,Thakker,MD,dermatology,Holmdel,NJ,07733,40.374964,-74.173849,23,100,1.8841,626
1538363841,Ismet,Mirza,MD,primary-care,East Windsor,NJ,08520,40.255800,-74.539882,26,17.66,1.8141,519
1538367198,Patricia,Luceri,DO,endocrinology,Willingboro,NJ,08046,40.027950,-74.886984,19,,0.9454,170
1538367727,Safeer,Ansari,DO,psychiatry,Hammonton,NJ,08037,39.631681,-74.773893,24,,0.4614,27
1538376421,George,Kargul,MD,primary-care,Marlton,NJ,08053,39.856677,-74.900810,21,,0.9532,353
1538382718,Sergio,Yero,MD,psychiatry,Florham Park,NJ,07932,40.777461,-74.392845,34,,5.0546,49
1538387964,Jacob,Katz,MD,primary-care,New Brunswick,NJ,08901,40.483638,-74.442460,13,,3.8550,258
1538390950,Flavia,De La Cruz,MD,primary-care,Jersey City,NJ,07306,40.736294,-74.071128,20,96.09,1.6298,52
1538393178,Daniel,Bazylewicz,MD,orthopedics,Egg Harbor Township,NJ,08234,39.388393,-74.620728,17,92.57,1.2724,525
1538401781,Gayon,Hyatt,MD,primary-care,East Brunswick,NJ,08816,40.429119,-74.416287,14,,0.3756,87
1538459698,Tiffany,Toliver,MD,primary-care,Union,NJ,07083,40.695266,-74.269078,15,,1.1291,128
1538460498,Lisa,Cadoo,MD,primary-care,Montclair,NJ,07042,40.813487,-74.219011,17,,2.4643,139
1538465984,Catherine,Wentowski,MD,pulmonology,New Brunswick,NJ,08901,40.483638,-74.442460,18,,0.8508,91
1538468491,Elion,Krok,MD,primary-care,West Orange,NJ,07052,40.785755,-74.265058,43,94.06,4.3663,401
1538491212,Jason,Suh,MD,oncology,Hoboken,NJ,07030,40.745251,-74.027926,19,95.05,0.5975,600
1538500780,Anna,Uson,MD,primary-care,Cherry Hill,NJ,08034,39.906100,-75.000375,15,81.15,0.3769,316
1538502075,Irena,Demario,DO,primary-care,Livingston,NJ,07039,40.785828,-74.329100,13,87.07,1.2422,295
1538503271,Vinay,Yalamanchi,DO,primary-care,Hackensack,NJ,07601,40.889398,-74.045698,13,98.3,0.6727,722
1538507389,Bishoy,Hanna,MD,primary-care,Jersey City,NJ,07302,40.718808,-74.044634,13,,2.0654,86
1538523360,Dina,Ginzberg,DO,primary-care,Hackensack,NJ,07601,40.889398,-74.045698,10,81.33,1.0740,286
1538523725,Asim,Khan,MD,primary-care,New Brunswick,NJ,08901,40.483638,-74.442460,10,,0.9808,195
1538542949,Christine,Leroy,MD,primary-care,Paterson,NJ,07503,40.897548,-74.154121,20,,0.5978,59
1538543988,Carolina,Medrano Mendez,MD,primary-care,Jersey City,NJ,07306,40.736294,-74.071128,18,,1.2202,78
1538555479,Nadeem,Wain,MD,primary-care,Teaneck,NJ,07666,40.890317,-74.011478,11,,0.5734,1072
1538569355,Neha,Verma,MD,endocrinology,Morristown,NJ,07960,40.779235,-74.502462,12,,0.9825,270
1538570015,Gourg,Atteya,MD,cardiology,Cedar Knolls,NJ,07927,40.823725,-74.456354,16,,2.9183,520
1538587563,Jennifer,Laporta,MD,primary-care,Tinton Falls,NJ,07724,40.298625,-74.074178,12,,0.7655,171
1538596887,Shem,Reece,DO,primary-care,Mount Laurel,NJ,08054,39.948992,-74.900247,10,,0.5679,124
1538597166,David,Abraham,DO,primary-care,Bayonne,NJ,07002,40.662495,-74.110201,46,,2.8516,34
1538615794,Patrick,Fleming,MD,oncology,Plainsboro,NJ,08536,40.333076,-74.586628,10,,0.7722,229
1538659107,Michael,Schwartz,MD,gastroenterology,Morristown,NJ,07960,40.779235,-74.502462,8,,0.8558,158
1538663489,Zaigham,Baloch,MD,primary-care,Edison,NJ,08820,40.576806,-74.365750,10,63.84,0.8615,409
1538676473,Sana,Najib,MD,oncology,Roselle,NJ,07203,40.652211,-74.260158,16,80.53,2.6792,121
1538691340,Lea,Hecht,MD,psychiatry,Camden,NJ,08103,39.935202,-75.112703,9,96.42,0.3553,70
1538692975,Kara,Telesmanick,MD,primary-care,Glassboro,NJ,08028,39.692129,-75.124675,10,,0.3332,172
1538693080,Alejandro,Silva,MD,primary-care,Fair Lawn,NJ,07410,40.935830,-74.117505,9,,1.3240,117
1538694963,Kathleen,Carpio,DO,primary-care,Neptune,NJ,07753,40.210761,-74.074499,9,98.51,1.2300,102
1538695531,Melanie Jordan,Burgos,MD,gastroenterology,Englewood Cliffs,NJ,07632,40.884634,-73.944654,10,,0.7731,129
1538740980,Rushi,Patel,MD,primary-care,Old Bridge,NJ,08857,40.392789,-74.330397,8,,0.9463,145
1538795430,Nana,Safoaah,MD,primary-care,Jersey City,NJ,07307,40.751842,-74.053976,7,,0.5969,99
1538797436,Xue,Ao,MD,primary-care,Morganville,NJ,07751,40.359650,-74.261462,25,96.09,0.4804,169
1538798590,Sarah,Elmedani,MD,primary-care,Neptune,NJ,07753,40.210761,-74.074499,12,,0.8437,657
1548208135,Saraswati,Dayal,MD,primary-care,Hackensack,NJ,07601,40.889398,-74.045698,28,75,17.4253,589
1548211493,Jeffrey,Leavy,MD,cardiology,Haddon Heights,NJ,08035,39.879127,-75.065918,40,90.34,0.9276,2553
1548213796,Steve,Kim,MD,cardiology,Hackensack,NJ,07601,40.889398,-74.045698,28,96.09,0.8251,1358
1548229891,Nonato,Pineda,MD,primary-care,Lakehurst,NJ,08733,40.026868,-74.363674,42,,0.8856,236
1548231228,Joseph,Hong,MD,dermatology,Northfield,NJ,08225,39.358340,-74.536312,33,100,0.8886,1046
1548234628,Giuseppe,Limandri,MD,cardiology,Morristown,NJ,07960,40.779235,-74.502462,39,,0.5271,1331
1548234941,Ofer,Werthaim,MD,primary-care,East Brunswick,NJ,08816,40.429119,-74.416287,41,96.09,1.3162,301
1548237704,Muhammad,Umer,MD,primary-care,Teaneck,NJ,07666,40.890317,-74.011478,36,,3.5613,224
1548249949,Nancy,Janik,DO,primary-care,Maple Shade,NJ,08052,39.952381,-74.994896,31,,0.8357,283
1548255904,Vance,Weber,MD,cardiology,Springfield,NJ,07081,40.697966,-74.334436,50,,0.7031,951
1548258007,Craig,Feinberg,MD,primary-care,Berkeley Heights,NJ,07922,40.676590,-74.427022,27,,1.0771,504
1548261266,Jay,Geller,MD,dermatology,Chester,NJ,07930,40.781309,-74.683590,40,98.89,3.8839,733
1548266125,Dinesh,Singal,MD,cardiology,Somerset,NJ,08873,40.499667,-74.531844,43,,2.6739,1414
1548266265,Clifford,Gladstone,MD,cardiology,Somerset,NJ,08873,40.499667,-74.531844,37,98.51,1.3372,1057
1548274442,Robert,Venuti,DO,primary-care,Turnersville,NJ,08012,39.783815,-75.056068,41,99.52,1.5719,403
1548274574,Amy,Rosen,MD,primary-care,Teaneck,NJ,07666,40.890317,-74.011478,43,,1.5545,114
1548276827,Martin,Riss,DO,primary-care,Brick,NJ,08724,40.091032,-74.114395,54,,0.8629,697
1548287386,Alaa,Eldin,MD,gastroenterology,Jersey City,NJ,07306,40.736294,-74.071128,49,,2.1508,237
1548291131,Stephen,Winters,MD,cardiology,Morristown,NJ,07960,40.779235,-74.502462,47,,0.4215,2667
1548292089,Paul,Popeck,DO,primary-care,Green Brook,NJ,08812,40.598731,-74.478793,29,,0.9249,670
1548295306,Seth,Cohen,MD,oncology,West Long Branch,NJ,07764,40.287904,-74.020019,28,98.51,0.8987,966
1548297971,Srividhya,Subbarayan,MD,primary-care,Plainsboro,NJ,08536,40.333076,-74.586628,33,,0.9923,103
1548317456,Adriana,Phan,MD,psychiatry,Hoboken,NJ,07030,40.745251,-74.027926,31,95.05,0.7130,238
1548321649,Donald,Oh,MD,psychiatry,Toms River,NJ,08753,39.979668,-74.150739,60,,3.6662,152
1548335243,Srikanth,Reddy,MD,psychiatry,Paramus,NJ,07652,40.947299,-74.070169,32,,0.4586,152
1548337322,Dilruba,Khanam,MD,primary-care,Jersey City,NJ,07305,40.693004,-74.069650,25,,1.4423,68
1548338080,Darshana,Tawde,MD,primary-care,Belle Mead,NJ,08502,40.448217,-74.653244,26,83.43,0.8636,570
1548338338,George,Raptis,MD,oncology,Livingston,NJ,07039,40.785828,-74.329100,39,98.51,0.5035,69
1548338478,Gary,Rosman,MD,gastroenterology,Camden,NJ,08103,39.935202,-75.112703,44,91.83,0.7551,459
1548341464,George,Dixon,MD,primary-care,Secaucus,NJ,07094,40.781958,-74.067649,46,,0.9258,61
1548341662,Ghias,Moussa,MD,cardiology,Jersey City,NJ,07305,40.693004,-74.069650,47,,2.6144,82
1548342488,Richard,Chang,DO,cardiology,Toms River,NJ,08755,40.008534,-74.221768,26,98.51,0.7164,1390
1548352438,Michael,Benz,MD,cardiology,Jersey City,NJ,07302,40.718808,-74.044634,33,,1.6206,348
1548352578,David,Garbowit,MD,endocrinology,Livingston,NJ,07039,40.785828,-74.329100,43,40.02,2.0947,866
1548354566,Robert,Schwartz,MD,dermatology,Newark,NJ,07103,40.738852,-74.195264,52,,0.2090,60
1548359151,Edward,Krisiloff,MD,orthopedics,Bayonne,NJ,07002,40.662495,-74.110201,42,85.15,0.5546,134
1548359979,David,Fuller,MD,orthopedics,Camden,NJ,08103,39.935202,-75.112703,35,85.23,0.9163,162
1548374747,Hasna,Kazmouz,MD,primary-care,Paterson,NJ,07505,40.917008,-74.171936,37,,1.2982,17
1548378029,Hilal,Abboushi,MD,primary-care,Bloomfield,NJ,07003,40.809141,-74.187142,49,,4.1411,70
1548385537,Gail,Zimmerman,MD,primary-care,Bay Head,NJ,08742,40.080812,-74.059117,38,,1.6467,123
1548391832,Kavita,Beri,MD,primary-care,Bayonne,NJ,07002,40.662495,-74.110201,23,85.15,1.0861,244
1548405129,Calvin,Natanzon,MD,neurology,Berkeley Heights,NJ,07922,40.676590,-74.427022,18,,0.9340,444
1548429582,Kariann,Abbate,MD,cardiology,Hoboken,NJ,07030,40.745251,-74.027926,19,95.05,0.9456,711
1548442031,Dan,Sandru,MD,primary-care,Jackson,NJ,08527,40.108665,-74.358602,27,,2.2282,374
1548444508,Louis,Amorosa,MD,orthopedics,Ridgewood,NJ,07450,40.981591,-74.113506,20,,0.5346,609
1548455314,Charles,Delgiorno,MD,endocrinology,Turnersville,NJ,08012,39.783815,-75.056068,23,,0.8615,664
1548469406,Larry,Bloomstein,MD,orthopedics,Red Bank,NJ,07701,40.360509,-74.078952,22,69.28,0.6057,557
1548472905,Harit,Desai,DO,primary-care,Pennington,NJ,08534,40.329422,-74.792789,20,96.91,0.9078,558
1548476385,David,Bonney,DO,dermatology,Paramus,NJ,07652,40.947299,-74.070169,28,100,1.4211,740
1548487432,Irina,Kaplounova,MD,gastroenterology,Englewood,NJ,07631,40.891197,-73.972515,27,98.3,1.3639,401
1548502891,Tamara,Khutorskoy,MD,endocrinology,Edison,NJ,08820,40.576806,-74.365750,13,81.33,1.1140,465
1548503451,Michael,Agnelli,MD,primary-care,Paterson,NJ,07503,40.897548,-74.154121,13,,2.0212,58
1548523533,David,Levine,DO,orthopedics,Rockaway,NJ,07866,40.954988,-74.488031,14,,1.5271,638
1548536451,Alexandra,Ward,MD,primary-care,Jersey City,NJ,07302,40.718808,-74.044634,14,94.91,0.1651,1338
1548554249,Arif,Hussain,MD,primary-care,Hamilton,NJ,08610,40.193643,-74.715963,18,75,1.8136,420
1548558125,Yan,Cheng,MD,oncology,Newark,NJ,07112,40.711391,-74.211683,15,98.51,0.5604,76
1548558877,Nipun,Suri,MD,primary-care,Newark,NJ,07103,40.738852,-74.195264,18,,0.7986,106
1548574346,Abhilasha,Ponnamaneni,MD,primary-care,Hammonton,NJ,08037,39.631681,-74.773893,25,,1.1513,51
1548581473,Christopher,Morrison,MD,gastroenterology,Voorhees,NJ,08043,39.848570,-74.952843,16,81.15,2.6915,397
1548581622,Susan,Phung,MD,cardiology,Bayonne,NJ,07002,40.662495,-74.110201,20,,0.9327,266
1548591340,Sushmita,Srivastav,MD,primary-care,New Providence,NJ,07974,40.696919,-74.403853,26,,2.4106,317
1548594211,Veena,Desai,MD,primary-care,Emerson,NJ,07630,40.974990,-74.023248,22,,0.8055,308
1548601594,Magna,Pastrano Lluberes,MD,primary-care,Paramus,NJ,07652,40.947299,-74.070169,15,96.09,0.7922,106
1548607385,William,Smith,MD,orthopedics,Voorhees,NJ,08043,39.848570,-74.952843,13,81.15,0.9321,375
1548609464,Domenica,Fantini,DO,primary-care,Clark,NJ,07066,40.620650,-74.309862,13,,0.4552,55
1548618705,Brian,Flynn,DO,neurology,Marlton,NJ,08053,39.856677,-74.900810,10,81.15,0.9917,697
1548618739,Sarah,Davis,MD,primary-care,Mullica Hill,NJ,08062,39.716095,-75.219267,10,,1.0222,291
1548622368,Valery,Vera-Connolly,MD,primary-care,Cedar Knolls,NJ,07927,40.823725,-74.456354,10,55.5,1.1884,164
1548623788,Lydia,Ayad,MD,primary-care,Toms River,NJ,08755,40.008534,-74.221768,16,87.07,0.7741,467
1548624091,Claudio,Fojanesi,MD,primary-care,Secaucus,NJ,07094,40.781958,-74.067649,7,85.15,1.2813,74
1548627102,Dhiren,Shah,MD,primary-care,Montclair,NJ,07042,40.813487,-74.219011,18,26.17,0.8242,593
1548649544,Robert,Ames,MD,orthopedics,Cherry Hill,NJ,08034,39.906100,-75.000375,11,81.15,1.2277,223
1548654130,Mallik,Patel,MD,primary-care,Morristown,NJ,07960,40.779235,-74.502462,12,16.01,11.4617,429
1548655566,Matthew,Katz,MD,cardiology,Springfield,NJ,07081,40.697966,-74.334436,11,,1.3999,392
1548656556,Sahan,Hapangama,MD,primary-care,Hackensack,NJ,07601,40.889398,-74.045698,11,81.33,1.1881,204
1548656820,Joseph,Albano,DO,orthopedics,Montclair,NJ,07042,40.813487,-74.219011,16,18.09,1.2364,219
1548672249,Chelsea,Brower,MD,primary-care,Pompton Plains,NJ,07444,40.967407,-74.306967,12,,1.0612,351
1548678246,Akshar,Patel,DO,primary-care,Haddon Heights,NJ,08035,39.879127,-75.065918,13,99.52,1.0077,220
1548680986,Mikhail,Varshavski,DO,primary-care,Chatham,NJ,07928,40.724971,-74.415086,12,,0.3824,69
1548687569,Amee,Sodha,MD,primary-care,Newark,NJ,07112,40.711391,-74.211683,13,87.07,1.0705,106
1548689581,Elizabeth,Collins,MD,primary-care,Edison,NJ,08820,40.576806,-74.365750,12,,0.7568,130
1548715998,Joseph,Ho,MD,oncology,Plainsboro,NJ,08536,40.333076,-74.586628,10,,7.3365,371
1548721863,Nicole,Reynoso-Vasquez,MD,primary-care,Newark,NJ,07103,40.738852,-74.195264,7,,0.6431,49
1548722564,Elisabeth,Mason,DO,primary-care,Little Egg Harbor Twp,NJ,08087,39.603959,-74.382181,7,93.34,0.5844,491
1548758378,Radhika,Vala,MD,primary-care,Livingston,NJ,07039,40.785828,-74.329100,8,87.07,1.2828,341
1548765191,Helen,Partridge,MD,psychiatry,Camden,NJ,08103,39.935202,-75.112703,8,96.42,0.8270,108
1548792336,Alex,Plamm,DO,primary-care,Somerset,NJ,08873,40.499667,-74.531844,9,88.4,0.7932,271
1548796592,Amar,Joshi,DO,primary-care,Cherry Hill,NJ,08003,39.885852,-74.971145,9,,0.6727,351
1548830763,Madhu,Karnati,MD,primary-care,Atlantic City,NJ,08401,39.377337,-74.451070,6,,0.4437,103
1548848484,Sharan,Kapoor,MD,primary-care,New Brunswick,NJ,08901,40.483638,-74.442460,5,,1.2605,18
1548849938,Janetta,Brandt,MD,primary-care,Princeton,NJ,08540,40.364728,-74.656314,6,,0.9174,19
1548878465,Akanksha,Saxena,MD,primary-care,Jackson,NJ,08527,40.108665,-74.358602,6,,0.7629,275
1558301176,Howard,Baum,MD,gastroenterology,Berkeley Heights,NJ,07922,40.676590,-74.427022,49,,1.2092,252
1558302349,Keith,Damerau,MD,primary-care,Mount Laurel,NJ,08054,39.948992,-74.900247,31,99.52,1.1461,339
1558302935,Arash,Emami,MD,orthopedics,Wayne,NJ,07470,40.945855,-74.245077,32,,1.0147,128
1558304220,Richard,Lebovicz,MD,orthopedics,South Plainfield,NJ,07080,40.574413,-74.414800,47,,1.4603,176
1558305078,Michael,Leung,MD,primary-care,Chatham,NJ,07928,40.724971,-74.415086,27,,3.1717,237
1558306423,Nighat,Mirza,MD,psychiatry,Hamilton,NJ,08619,40.242301,-74.696408,43,,2.9373,84
1558307900,Karen,Sun,MD,primary-care,Bridgewater,NJ,08807,40.592434,-74.618840,42,,1.6908,143
1558310748,Carmine,Gianatiempo,MD,primary-care,Englewood,NJ,07631,40.891197,-73.972515,40,77.79,1.0711,219
1558314641,Que-Chi,Wong,MD,primary-care,Glassboro,NJ,08028,39.692129,-75.124675,26,,2.0430,249
1558315309,Brian,Cole,MD,orthopedics,Englewood,NJ,07631,40.891197,-73.972515,37,,1.0137,132
1558327221,Manish,Gugnani,MD,pulmonology,Lawrenceville,NJ,08648,40.284490,-74.717487,36,96.91,1.4863,289
1558329227,Svetlana,Shifrin-Douglas,MD,primary-care,Hackensack,NJ,07601,40.889398,-74.045698,31,,0.9936,192
1558329961,Marna,Cutler,DO,primary-care,Little Egg Harbor Twp,NJ,08087,39.603959,-74.382181,26,,0.3256,268
1558331132,Nathaniel,Feldman,MD,primary-care,Newton,NJ,07860,41.057287,-74.802737,43,,0.8349,404
1558332957,Kamaldeep,Momi,MD,orthopedics,Union,NJ,07083,40.695266,-74.269078,33,,1.1667,13
1558333112,Daniel,Schwartz,MD,cardiology,Morristown,NJ,07960,40.779235,-74.502462,42,,0.5863,536
1558334698,Thomas,Armbruster,MD,primary-care,Egg Harbor Township,NJ,08234,39.388393,-74.620728,31,,0.3985,450
1558335455,Margaret,Eichman,MD,primary-care,Lambertville,NJ,08530,40.370020,-74.910161,37,,0.4281,306
1558337634,Stephen,Land,MD,primary-care,Moorestown,NJ,08057,39.979658,-74.941308,40,,1.0562,387
1558339572,Marc,Levine,MD,orthopedics,Trenton,NJ,08619,40.242301,-74.696408,36,98.51,0.8310,189
1558341735,Stuart,Leitner,MD,oncology,Livingston,NJ,07039,40.785828,-74.329100,53,98.51,0.6308,353
1558347229,Carter,Abel,MD,dermatology,Annandale,NJ,08801,40.629609,-74.890490,35,,1.3249,279
1558347641,Manish,Luhana,MD,primary-care,Parsippany,NJ,07054,40.853767,-74.401574,27,,1.9703,562
1558350215,Lynda,Bascelli,MD,primary-care,Voorhees,NJ,08043,39.848570,-74.952843,29,81.15,1.1513,39
1558353326,Sivaraman,Yegya-Raman,MD,cardiology,Sewell,NJ,08080,39.757353,-75.122043,51,81.15,0.7818,1365
1558356287,Rakesh,Singh,MD,primary-care,Berkeley Heights,NJ,07922,40.676590,-74.427022,45,,0.3797,601
1558357996,Elizabeth,Clark,MD,primary-care,New Brunswick,NJ,08901,40.483638,-74.442460,29,,0.6801,105
1558362202,Rajitha,Gujja,MD,primary-care,Montclair,NJ,07042,40.813487,-74.219011,30,96.09,2.5956,176
1558369579,Audrey,Von Poelnitz,MD,cardiology,Morristown,NJ,07960,40.779235,-74.502462,47,,0.5900,1477
1558370635,Michele,Lanza,MD,primary-care,Red Bank,NJ,07701,40.360509,-74.078952,24,92.42,0.9629,434
1558371930,Laisa,Vadakara,MD,primary-care,Hamilton,NJ,08619,40.242301,-74.696408,37,96.91,1.0182,176
1558378034,Steven,Gerber,MD,primary-care,Cherry Hill,NJ,08002,39.934605,-75.025389,42,,2.4135,209
1558378976,Kenneth,Snyder,MD,primary-care,Hillsborough,NJ,08844,40.497692,-74.670505,33,,0.8088,328
1558381681,Giuseppe,Militello,MD,dermatology,Cherry Hill,NJ,08002,39.934605,-75.025389,24,,1.3874,188
1558391490,Rebecca,Moore,DO,primary-care,Hammonton,NJ,08037,39.631681,-74.773893,23,81.15,0.7929,197
1558393462,Asma,Badar,MD,psychiatry,Galloway,NJ,08205,39.482000,-74.452637,34,,1.6477,12
1558394536,Gina,Fioriti,MD,primary-care,Newton,NJ,07860,41.057287,-74.802737,29,,0.6409,450
1558395046,Devang,Patel,MD,gastroenterology,South Plainfield,NJ,07080,40.574413,-74.414800,28,,2.1305,51
1558395673,Theodore,Dacosta,MD,gastroenterology,West Orange,NJ,07052,40.785755,-74.265058,37,,0.9802,211
1558398859,Jill,Young,DO,primary-care,Pennington,NJ,08534,40.329422,-74.792789,23,96.91,1.2399,105
1558402032,Nizar,Souayah,MD,neurology,Morristown,NJ,07960,40.779235,-74.502462,,88.4,0.5102,39
1558413617,Aileen,Estavillo,MD,primary-care,Colts Neck,NJ,07722,40.287799,-74.166807,32,,0.8080,326
1558414979,Maryann,Phinney,MD,primary-care,Princeton,NJ,08540,40.364728,-74.656314,23,,0.6471,129
1558419630,Neal,Breit,MD,endocrinology,Westwood,NJ,07675,41.003484,-74.001753,29,,1.6883,57
1558428680,Maria,Ramos,MD,primary-care,Lodi,NJ,07644,40.877915,-74.082500,38,,2.9993,255
1558434308,Steven,Koerner,DO,gastroenterology,Manahawkin,NJ,08050,39.712132,-74.231888,37,81.33,0.8617,735
1558437251,Gabriella,Weiss,MD,primary-care,Clifton,NJ,07013,40.869405,-74.173062,47,,4.2463,162
1558437665,Anna,Chernyak,MD,primary-care,Union,NJ,07083,40.695266,-74.269078,48,,3.1883,108
1558441238,Kenneth,Miller,MD,primary-care,Randolph,NJ,07869,40.841640,-74.578522,51,,2.6284,448
1558443945,Glen,Landesman,MD,primary-care,Hillsborough,NJ,08844,40.497692,-74.670505,38,,0.7169,256
1558453225,Luis,Luna,MD,primary-care,Paterson,NJ,07503,40.897548,-74.154121,28,,3.9825,74
1558456608,Iqbal,Singh,MD,primary-care,Somerset,NJ,08873,40.499667,-74.531844,50,,1.1235,75
1558456822,Mark,Krell,MD,cardiology,Summit,NJ,07901,40.714923,-74.366372,47,86.68,1.8398,917
1558458950,John,Cosmi,MD,cardiology,Morristown,NJ,07960,40.779235,-74.502462,29,,0.4949,2794
1558459511,Anca,Popescu,MD,neurology,Woodbury,NJ,08097,39.813290,-75.150650,30,,1.6108,176
1558462044,Clark,Philogene,MD,primary-care,Union,NJ,07083,40.695266,-74.269078,36,,1.4645,189
1558468090,Steven,Somogyi,MD,primary-care,Perth Amboy,NJ,08861,40.520494,-74.272943,43,,1.9045,268
1558479436,Joseph,Guarino,MD,cardiology,Toms River,NJ,08755,40.008534,-74.221768,46,84.95,1.2957,834
1558486092,Concepcion,Dancel,MD,primary-care,Rahway,NJ,07065,40.607152,-74.280531,58,,1.3450,64
1558503458,Jose,Vega,MD,neurology,Manahawkin,NJ,08050,39.712132,-74.231888,23,,0.5699,253
1558507178,Petr,Tsenovoy,MD,primary-care,Secaucus,NJ,07094,40.781958,-74.067649,30,,0.2718,482
1558512855,Alejandro,Herrera,MD,primary-care,Voorhees,NJ,08043,39.848570,-74.952843,20,81.15,0.8699,479
1558514380,Mark,Kavanagh,MD,orthopedics,Berkeley Heights,NJ,07922,40.676590,-74.427022,23,,0.9828,434
1558520700,Hari,Nadiminti,MD,dermatology,Berkeley Heights,NJ,07922,40.676590,-74.427022,21,,3.3097,1328
1558522821,Robert,Dragert,DO,psychiatry,Westampton,NJ,08060,40.010005,-74.792207,22,,0.7447,99
1558523597,Unnati,Patel,MD,psychiatry,Cedar Knolls,NJ,07927,40.823725,-74.456354,21,,0.3912,287
1558561076,Amabelle,Pinzon,MD,primary-care,Clifton,NJ,07013,40.869405,-74.173062,23,,3.0759,98
1558562793,Martin,Gutierrez,MD,oncology,Hackensack,NJ,07601,40.889398,-74.045698,35,81.1,2.6274,661
1558566471,Amor,Mehta,MD,neurology,Marlboro,NJ,07746,40.323490,-74.254572,19,75,2.7405,682
1558567206,Tina,Sichrovsky,MD,cardiology,Ridgewood,NJ,07450,40.981591,-74.113506,28,95.05,2.4985,891
1558580936,Vanessa,Escobar-Barboza,MD,endocrinology,Jersey City,NJ,07302,40.718808,-74.044634,24,,0.8976,67
1558585497,Kevin,Law,MD,pulmonology,Livingston,NJ,07039,40.785828,-74.329100,39,98.51,1.5584,656
1558597336,Anna,Iones,MD,neurology,Morristown,NJ,07960,40.779235,-74.502462,17,,1.9940,301
1558623330,Lara,Vonberg,MD,primary-care,Clark,NJ,07066,40.620650,-74.309862,14,,0.9338,204
1558628776,Jill,Kropa,MD,primary-care,New Brunswick,NJ,08901,40.483638,-74.442460,14,,0.5278,80
1558649020,Heidi,Griffith,MD,primary-care,Atlantic City,NJ,08401,39.377337,-74.451070,22,,0.8063,374
1558651208,Jennifer,Reimer,DO,primary-care,Point Pleasant Boro,NJ,08742,40.080812,-74.059117,26,96.09,1.0138,271
1558688986,Christopher,Vare,MD,primary-care,Haddonfield,NJ,08033,39.892421,-75.036651,19,,1.1180,297
1558702498,Siddhant,Mehta,MD,orthopedics,Hackensack,NJ,07601,40.889398,-74.045698,15,81.33,1.1051,112
1558707620,Yevgeniy,Vaynkof,MD,primary-care,Shrewsbury,NJ,07702,40.326450,-74.057373,14,,1.2460,359
1558715623,Gabrielle,Samuels,DO,primary-care,Summit,NJ,07901,40.714923,-74.366372,10,,0.8796,224
1558758128,Aaron,Desai,MD,neurology,Edison,NJ,08820,40.576806,-74.365750,13,,1.0983,104
1558764910,Ali,Surahio,MD,psychiatry,East Orange,NJ,07018,40.755733,-74.217917,16,,1.1479,25
1558769257,Yasmin,Nazia,MD,psychiatry,New Brunswick,NJ,08901,40.483638,-74.442460,22,98.51,0.4428,61
1558785121,Inessa,Bronshteyn,MD,primary-care,Englewood,NJ,07631,40.891197,-73.972515,12,97.83,1.1072,219
1558854414,Kevin,Walpole,DO,primary-care,Clementon,NJ,08021,39.806156,-75.000012,5,,0.3669,149
1558859207,Meha,Halari,MD,primary-care,Waretown,NJ,08758,39.794543,-74.253337,8,,0.6645,91
1558864678,Kirsy,Japa,MD,psychiatry,Galloway,NJ,08205,39.482000,-74.452637,24,,0.8586,84
1558865915,Benjamin,Cohen,MD,endocrinology,Ridgewood,NJ,07450,40.981591,-74.113506,8,95.05,0.9038,267
1558899062,Anam,Fatma,MD,primary-care,Camden,NJ,08103,39.935202,-75.112703,10,81.21,0.8830,152
1558899443,Mariam,Ibrahim,MD,primary-care,Shrewsbury,NJ,07702,40.326450,-74.057373,10,81.97,0.4609,616
1558920090,Alyssa,Foster,MD,primary-care,Englewood,NJ,07631,40.891197,-73.972515,8,,0.6039,51
1558940890,Jonathan,Low,DO,primary-care,Sewell,NJ,08080,39.757353,-75.122043,5,,0.3310,91
1558998344,Miriam,Donis-Garcia,MD,primary-care,Morristown,NJ,07960,40.779235,-74.502462,7,,0.9162,209
1558999409,Ahmed,Anwar,DO,primary-care,Morristown,NJ,07960,40.779235,-74.502462,6,,0.7157,920
1568023034,Partia,Patel,DO,primary-care,Willingboro,NJ,08046,40.027950,-74.886984,7,99.52,0.8935,262
1568040913,Jalal,Koj,MD,primary-care,Fair Lawn,NJ,07410,40.935830,-74.117505,13,,0.8904,26
1568083327,Anand,Jetti,MD,primary-care,Dover,NJ,07801,40.901125,-74.564783,29,,0.6063,74
1568401636,Viren,Desai,MD,pulmonology,Kearny,NJ,07032,40.752332,-74.123093,40,96.79,2.9169,311
1568405702,Mohammad,Sandhu,MD,cardiology,Newark,NJ,07112,40.711391,-74.211683,56,,0.8254,378
1568410249,Vinodrai,Ghetiya,MD,primary-care,Toms River,NJ,08753,39.979668,-74.150739,48,75,2.5736,340
1568415990,Sapna,Jain,MD,primary-care,Colonia,NJ,07067,40.589328,-74.311417,32,,1.3575,132
1568416352,Victor,Bugay,MD,primary-care,Toms River,NJ,08755,40.008534,-74.221768,29,,0.9270,541
1568417137,Wayne,Colizza,MD,orthopedics,Cedar Knolls,NJ,07927,40.823725,-74.456354,39,79.23,0.6123,511
1568418101,Herbert,Jung,DO,primary-care,Haddonfield,NJ,08033,39.892421,-75.036651,41,,1.6507,295
1568424570,Lauren,Koniaris,MD,pulmonology,Hackensack,NJ,07601,40.889398,-74.045698,32,81.33,0.7142,79
1568426559,George,Schmid,MD,primary-care,Cherry Hill,NJ,08034,39.906100,-75.000375,46,81.15,0.5535,731
1568431914,Kevin,Skole,MD,gastroenterology,Plainsboro,NJ,08536,40.333076,-74.586628,26,,0.9317,559
1568440592,Gary,Levin,MD,gastroenterology,Marlton,NJ,08053,39.856677,-74.900810,48,,0.9267,477
1568442648,Kivarkis,Younan,MD,cardiology,Parlin,NJ,08859,40.458172,-74.303799,49,,0.1226,2401
1568443646,John,Ahrens,MD,primary-care,Vineland,NJ,08361,39.449369,-74.958827,39,,0.8386,850
1568447241,Haidy,Behman,MD,neurology,Carteret,NJ,07008,40.583790,-74.227457,40,99.23,1.9998,422
1568454080,Neil,Morganstein,MD,oncology,Union,NJ,07083,40.695266,-74.269078,28,,1.0577,589
1568462505,Lalitha,Hansch,MD,primary-care,Somerville,NJ,08876,40.589554,-74.685411,27,,0.6203,164
1568475911,Gina,Lacapra,MD,primary-care,Morristown,NJ,07960,40.779235,-74.502462,35,,0.5215,219
1568483451,Howard,Lebowitz,MD,primary-care,Lakewood,NJ,08701,40.077069,-74.198510,36,,0.7344,15
1568488468,Richard,Santamaria,MD,primary-care,Mount Laurel,NJ,08054,39.948992,-74.900247,29,,1.2593,438
1568493088,Ralf,Vander Sluis,MD,neurology,Somers Point,NJ,08244,39.315511,-74.598278,37,88.56,0.7875,718
1568497824,William,Grella,MD,primary-care,Boonton,NJ,07005,40.930350,-74.411123,29,37.15,4.6801,595
1568498376,Sandy,Milgraum,MD,dermatology,East Brunswick,NJ,08816,40.429119,-74.416287,40,,0.8895,352
1568499374,Vinay,Sikand,MD,pulmonology,Toms River,NJ,08755,40.008534,-74.221768,39,75,1.6538,1036
1568512499,Rhondalyn,Forde-Mclean,MD,cardiology,Camden,NJ,08103,39.935202,-75.112703,25,84.91,1.0803,77
1568514784,Nicholas,Cunicella,DO,primary-care,Scotch Plains,NJ,07076,40.633029,-74.372899,46,,1.3415,78
1568516896,Jocelyn,Lim,MD,primary-care,Hoboken,NJ,07030,40.745251,-74.027926,38,,0.5591,59
1568530210,Ahmed,Fahmy,MD,primary-care,Fort Lee,NJ,07024,40.850640,-73.971007,38,,1.3302,22
1568532927,Grant,Simons,MD,cardiology,Englewood,NJ,07631,40.891197,-73.972515,36,96.09,1.6593,567
1568541027,Barry,Rubino,MD,primary-care,Long Branch,NJ,07740,40.295372,-73.989899,43,89.18,1.8058,258
1568547768,Dale,Schaar,MD,oncology,New Brunswick,NJ,08901,40.483638,-74.442460,29,88.4,1.0456,119
1568549335,Joseph,Cavallaro,DO,primary-care,Cherry Hill,NJ,08034,39.906100,-75.000375,26,99.52,1.4398,345
1568549871,Michael,Vives,MD,orthopedics,Newark,NJ,07103,40.738852,-74.195264,31,,0.4347,77
1568552966,Glenn,Zuck,DO,orthopedics,Somers Point,NJ,08244,39.315511,-74.598278,44,81.15,0.7550,334
1568555019,Joel,Spielman,MD,orthopedics,Dover,NJ,07801,40.901125,-74.564783,40,22.7,0.8969,435
1568556512,Riyadh,Hammod,MD,gastroenterology,Camden,NJ,08103,39.935202,-75.112703,47,,0.9875,548
1568558906,Daniel,Mascarenhas,MD,cardiology,Phillipsburg,NJ,08865,40.708226,-75.147073,47,75,5.6971,199
1568570661,Allen,Sapadin,MD,dermatology,Hackensack,NJ,07601,40.889398,-74.045698,38,100,1.5943,1408
1568596328,James,Sanfilippo,MD,orthopedics,Voorhees,NJ,08043,39.848570,-74.952843,23,81.15,1.1322,319
1568611465,Michael,Demyen,MD,gastroenterology,Tenafly,NJ,07670,40.918309,-73.950523,26,96.09,0.8968,228
1568614659,Vishnu,Oruganti,MD,primary-care,Lawrence Township,NJ,08648,40.284490,-74.717487,23,,1.0055,112
1568626877,Hartaj,Virk,MD,cardiology,Fair Lawn,NJ,07410,40.935830,-74.117505,28,,2.2001,536
1568636314,Rachael,Hartman,MD,dermatology,Berkeley Heights,NJ,07922,40.676590,-74.427022,19,,0.7135,350
1568637858,Peter,Lapman,MD,cardiology,Neptune,NJ,07753,40.210761,-74.074499,21,80.88,1.5328,1230
1568641058,Sandarsh,Kancherla,MD,gastroenterology,Englewood,NJ,07631,40.891197,-73.972515,20,98.3,2.2462,415
1568667855,Sara,Lubitz,MD,endocrinology,New Brunswick,NJ,08901,40.483638,-74.442460,23,88.4,0.5898,174
1568673135,Samir,Haddad,MD,primary-care,Passaic,NJ,07055,40.857552,-74.129089,47,,1.2499,212
1568690642,Jenny,Melli,MD,primary-care,Camden,NJ,08103,39.935202,-75.112703,17,99.52,0.9073,93
1568692010,Shahla,Yassir,MD,primary-care,Livingston,NJ,07039,40.785828,-74.329100,22,,0.5133,25
1568692051,Victor,Ortiz,MD,orthopedics,Franklin Lakes,NJ,07417,41.007526,-74.205653,17,,1.0755,244
1568711448,Abel,Gonzalez,MD,primary-care,West Orange,NJ,07052,40.785755,-74.265058,22,,1.0002,173
1568732527,Hao,Zhang,MD,primary-care,Edison,NJ,08817,40.514655,-74.393104,36,,2.7790,280
1568738268,Steve,Khalil,MD,primary-care,New Brunswick,NJ,08901,40.483638,-74.442460,14,,2.2930,427
1568745016,Emad,Aziz,DO,cardiology,Newark,NJ,07103,40.738852,-74.195264,22,,0.7665,85
1568752467,Anny,Rodrigues,MD,primary-care,Morristown,NJ,07960,40.779235,-74.502462,22,,0.6095,942
1568754042,Nishil,Dalsania,MD,pulmonology,Egg Harbor Township,NJ,08234,39.388393,-74.620728,19,,0.8849,244
1568781672,Mohammad,Miqbel,MD,primary-care,Hoboken,NJ,07030,40.745251,-74.027926,17,,0.9231,241
1568789634,Roman,Prager,MD,primary-care,Teaneck,NJ,07666,40.890317,-74.011478,16,,1.2159,606
1568803971,Sivraj,Muralikrishnan,MD,oncology,New Brunswick,NJ,08901,40.483638,-74.442460,13,88.4,0.3390,184
1568804912,Tracy,Persily,DO,primary-care,Willingboro,NJ,08046,40.027950,-74.886984,13,,1.0748,206
1568876027,Stavan,Patel,MD,primary-care,Morristown,NJ,07960,40.779235,-74.502462,12,,0.5748,224
1568889814,Jonathan,Mcnamara,MD,primary-care,Montclair,NJ,07042,40.813487,-74.219011,12,,0.8566,746
1568907996,Jennifer,Wellings,MD,cardiology,Englewood,NJ,07631,40.891197,-73.972515,12,96.09,0.8154,580
1568923506,Cyerwin Monique,Malvar,MD,endocrinology,Newark,NJ,07103,40.738852,-74.195264,9,,0.3368,23
1568966141,Matthew,Dambrosio,DO,orthopedics,Voorhees,NJ,08043,39.848570,-74.952843,8,,1.3443,58
1568966935,Andrew,Sawires,MD,orthopedics,Wayne,NJ,07470,40.945855,-74.245077,8,87.01,0.6624,94
1568982189,Moutaz,Ghrewati,MD,primary-care,Paterson,NJ,07503,40.897548,-74.154121,12,,1.0718,235
1568993632,Qamar,Khan,MD,primary-care,Brick Township,NJ,08724,40.091032,-74.114395,9,93.07,0.7235,480
1568994275,Gregory,Dimesa,DO,primary-care,Morristown,NJ,07960,40.779235,-74.502462,9,,0.6309,336
1578023271,Jessica,Carpenter,MD,primary-care,East Windsor,NJ,08512,40.324357,-74.525526,7,,1.0931,237
1578060091,Khai,Tran,MD,psychiatry,Perth Amboy,NJ,08861,40.520494,-74.272943,9,81.33,1.2182,58
1578090411,Rabia,Malik,MD,primary-care,New Milford,NJ,07646,40.934161,-74.019453,11,,0.6876,40
1578094223,Patrick,Ho,DO,pulmonology,Vineland,NJ,08360,39.492354,-75.003447,9,,0.9941,339
1578124608,Arifa,Ghori,MD,neurology,Edison,NJ,08820,40.576806,-74.365750,21,,0.5739,46
1578181038,Kelash,Rai,MD,primary-care,Stratford,NJ,08084,39.828990,-75.015536,16,,0.9126,297
1578501565,Syed,Siddiq,MD,primary-care,North Plainfield,NJ,07060,40.616667,-74.422042,42,,2.1660,153
1578501615,Wasique,Narvel,MD,primary-care,Vineland,NJ,08361,39.449369,-74.958827,35,86.62,1.4995,648
1578503405,Suzanne,Holdcraft,MD,primary-care,Pennington,NJ,08534,40.329422,-74.792789,43,,0.6490,267
1578505178,Jeanette,Biller,DO,primary-care,Wayne,NJ,07470,40.945855,-74.245077,30,82.88,3.7688,393
1578505509,Ishak,Soliman,MD,primary-care,Passaic,NJ,07055,40.857552,-74.129089,38,,2.8285,357
1578505988,Zahid,Farooki,MD,primary-care,Closter,NJ,07624,40.972890,-73.960315,56,,0.6614,282
1578509394,Dennis,Piccone,DO,primary-care,Voorhees,NJ,08043,39.848570,-74.952843,50,,0.9231,224
1578511135,James,Agresti,DO,primary-care,Nutley,NJ,07110,40.820616,-74.156250,58,,2.6282,632
1578513131,Sangbaek,Oh,MD,gastroenterology,Glen Ridge,NJ,07028,40.804798,-74.204569,35,96.09,1.3357,447
1578513743,John,Nogueira,MD,neurology,Hackensack,NJ,07601,40.889398,-74.045698,26,83,1.2761,549
1578524864,Ebrahim,Issa,MD,cardiology,Teaneck,NJ,07666,40.890317,-74.011478,46,,1.1337,523
1578525432,Shefali,Shah,DO,primary-care,Landing,NJ,07850,40.906766,-74.659352,33,,1.2286,176
1578526349,Lalit,Mehta,MD,primary-care,Union City,NJ,07087,40.767224,-74.032429,51,,1.4127,81
1578527941,Kenneth,Citak,MD,neurology,Ridgewood,NJ,07450,40.981591,-74.113506,40,95.05,0.8639,942
1578528089,Tatyana,Feldman,MD,oncology,Hackensack,NJ,07601,40.889398,-74.045698,34,86.8,1.3325,481
1578528592,Ben,Terrany,MD,gastroenterology,Long Branch,NJ,07740,40.295372,-73.989899,38,98.3,0.8782,632
1578538039,Richard,Schenk,MD,orthopedics,Whippany,NJ,07981,40.824413,-74.426241,42,,1.5674,91
1578542965,Arthur,Mcdermet,DO,primary-care,Pennsauken,NJ,08109,39.949330,-75.049530,36,,0.8544,211
1578552865,James,Kwak,MD,primary-care,Voorhees,NJ,08043,39.848570,-74.952843,25,,2.1772,142
1578555298,Javier,Torrens,MD,endocrinology,Summit,NJ,07901,40.714923,-74.366372,35,,0.6278,365
1578558847,Shaik,Abubakar,MD,primary-care,Englewood,NJ,07631,40.891197,-73.972515,47,96.09,1.4827,73
1578561759,Steven,Hodes,MD,gastroenterology,Hackensack,NJ,07601,40.889398,-74.045698,52,81.33,1.1902,582
1578562245,Robin,Innella,DO,orthopedics,Mountain Lakes,NJ,07046,40.890853,-74.442032,44,78.32,0.7518,310
1578562948,Howard,Levine,DO,primary-care,Bayonne,NJ,07002,40.662495,-74.110201,39,,2.3663,430
1578563243,Lev,Simkhayev,MD,primary-care,East Brunswick,NJ,08816,40.429119,-74.416287,45,75,4.1689,307
1578567160,Khalil,Suaray,MD,cardiology,Woodbridge,NJ,07095,40.552857,-74.286939,35,,0.1340,562
1578567350,Gregory,Broslawski,DO,primary-care,Flemington,NJ,08822,40.521995,-74.866644,37,,0.7917,372
1578574414,Duk,Kim,MD,primary-care,Galloway,NJ,08205,39.482000,-74.452637,29,,0.6946,341
1578586632,Dante,Implicito,MD,orthopedics,Maywood,NJ,07607,40.902885,-74.063457,36,81.33,0.7776,154
1578588851,Amy,Gruber,MD,primary-care,Chatham,NJ,07928,40.724971,-74.415086,38,,0.5621,172
1578590162,Howard,Wilson,MD,primary-care,Verona,NJ,07044,40.832468,-74.242863,49,,0.6864,132
1578591814,Eric,Avezzano,MD,gastroenterology,Emerson,NJ,07630,40.974990,-74.023248,41,96.09,0.9363,257
1578594941,Aparna,Mandal,MD,primary-care,Toms River,NJ,08755,40.008534,-74.221768,36,93.52,1.5159,423
1578596508,Robert,Tassan,MD,oncology,Westwood,NJ,07675,41.003484,-74.001753,27,94.63,2.4228,878
1578603692,Fredrick,Weinberg,MD,cardiology,Princeton,NJ,08540,40.364728,-74.656314,48,,0.2836,2133
1578606448,Patricia,Nee,MD,primary-care,East Brunswick,NJ,08816,40.429119,-74.416287,41,,1.6568,357
1578608162,Stephen,Goldfine,MD,primary-care,Mount Laurel,NJ,08054,39.948992,-74.900247,39,,1.0923,208
1578616942,Theresa,Sacchieri,MD,primary-care,Lebanon,NJ,08833,40.645542,-74.816261,24,,0.9746,257
1578621413,Caecilia,Hostetler,MD,primary-care,Berkeley Heights,NJ,07922,40.676590,-74.427022,32,,1.2265,148
1578630281,Paul,Ljubich,MD,gastroenterology,Somers Point,NJ,08244,39.315511,-74.598278,40,98.3,1.5871,865
1578631891,Lawrence,Ognibene,DO,gastroenterology,Somers Point,NJ,08244,39.315511,-74.598278,36,98.3,0.7239,806
1578644860,Safwan,Sweidan,MD,primary-care,Paterson,NJ,07514,40.924786,-74.144542,44,,0.7346,71
1578651709,Malgorzata,Piszcz Connelly,MD,primary-care,Millville,NJ,08332,39.366217,-75.026853,42,75,1.2344,628
1578653754,Jeffrey,Augustin,MD,orthopedics,Bayonne,NJ,07002,40.662495,-74.110201,28,,0.6352,430
1578654786,Michael,Nekoranik,DO,pulmonology,Phillipsburg,NJ,08865,40.708226,-75.147073,40,97.13,0.8331,429
1578666764,Himanshu,Shah,MD,pulmonology,Berkeley Heights,NJ,07922,40.676590,-74.427022,43,,1.0021,641
1578670253,Alan,Gingold,DO,gastroenterology,Hillsborough,NJ,08844,40.497692,-74.670505,26,100,1.1485,845
1578672390,Allen,Lempel,MD,primary-care,Lakewood,NJ,08701,40.077069,-74.198510,45,,1.4034,461
1578680914,Kevin,Crutchfield,MD,neurology,Hackensack,NJ,07601,40.889398,-74.045698,38,,0.8876,356
1578695714,Gamal,Gad,MD,psychiatry,Paterson,NJ,07504,40.912433,-74.140689,52,,3.1654,12
1578723615,Ping,Liu,MD,primary-care,Denville,NJ,07834,40.886460,-74.487584,34,,0.6853,244
1578724324,Jason,Smith,DO,cardiology,Haddon Heights,NJ,08035,39.879127,-75.065918,23,90.34,1.1127,957
1578724571,Kapila,Paghdal,MD,dermatology,Ridgewood,NJ,07450,40.981591,-74.113506,18,100,2.7510,547
1578725255,Archana,Joshi,MD,primary-care,Edison,NJ,08820,40.576806,-74.365750,29,,0.8922,35
1578737987,Heidi,Handler,MD,primary-care,Secaucus,NJ,07094,40.781958,-74.067649,22,,0.4767,388
1578741732,Anita,Osmundson,DO,dermatology,Brick,NJ,08724,40.091032,-74.114395,23,88.02,1.1815,1075
1578744041,Lydia,Sun,MD,primary-care,Hamilton,NJ,08690,40.225833,-74.660096,36,,2.6317,36
1578763371,Archna,Parmar,DO,primary-care,New Brunswick,NJ,08901,40.483638,-74.442460,19,,11.4485,594
1578765863,Mini,Balaji,MD,primary-care,Somerville,NJ,08876,40.589554,-74.685411,30,,0.9651,390
1578777439,Edward,Rivera,MD,primary-care,Voorhees,NJ,08043,39.848570,-74.952843,22,81.15,0.4647,172
1578785838,Gagan,Beri,MD,gastroenterology,Ocean,NJ,07712,40.246895,-74.054502,25,85.15,0.9821,440
1578794335,Anna,Zajac,MD,primary-care,Hillsborough,NJ,08844,40.497692,-74.670505,19,,0.5958,212
1578797270,Rakesh,Ahuja,MD,primary-care,Morristown,NJ,07960,40.779235,-74.502462,28,,0.7269,387
1578798617,Beth,Greenwood,MD,primary-care,Red Bank,NJ,07701,40.360509,-74.078952,17,,0.7778,34
1578802591,Afshan,Khan,DO,primary-care,Berkeley Heights,NJ,07922,40.676590,-74.427022,16,,1.4419,103
1578819652,Bharat,Nandu,MD,psychiatry,Edison,NJ,08820,40.576806,-74.365750,23,,0.2994,169
1578827440,Jamie,Zacharias,MD,primary-care,Sewell,NJ,08080,39.757353,-75.122043,14,,1.0324,147
1578827721,Mukundha,Maneyapanda,MD,primary-care,Clifton,NJ,07013,40.869405,-74.173062,14,,0.8275,106
1578839775,Shumaila,Kashif,MD,primary-care,Red Bank,NJ,07701,40.360509,-74.078952,23,,1.2689,593
1578840492,Rashminkumar,Solanki,MD,psychiatry,Cedar Grove,NJ,07009,40.858017,-74.229784,27,,0.6939,22
1578842977,Ida,Carideo,MD,primary-care,Toms River,NJ,08755,40.008534,-74.221768,38,,0.4561,545
1578844007,Aarti,Ravikumar,MD,endocrinology,Morristown,NJ,07960,40.779235,-74.502462,16,,1.1999,51
1578854618,Hamid,Shaaban,MD,oncology,Newark,NJ,07102,40.735659,-74.173605,22,,0.5845,185
1578872776,Stephan,Dorkhom,DO,oncology,Totowa,NJ,07512,40.903415,-74.219779,19,,0.5140,181
1578911939,Jagpreet,Grewal,MD,cardiology,New Brunswick,NJ,08901,40.483638,-74.442460,11,88.4,0.8136,192
1578912259,Amna,Karim,DO,primary-care,Pennington,NJ,08534,40.329422,-74.792789,10,,0.5958,237
1578917191,Amit,Shah,DO,cardiology,Robbinsville,NJ,08691,40.208319,-74.600928,10,96.91,1.0392,96
1578945416,Zhanna,Ivanov,MD,primary-care,Somerville,NJ,08876,40.589554,-74.685411,12,,0.4203,378
1578974762,Kelley,Coffman,MD,oncology,Middletown,NJ,07748,40.396300,-74.115274,12,82.85,0.8430,58
1578982955,Semhar,Teklezgi,DO,primary-care,Wayne,NJ,07470,40.945855,-74.245077,12,,0.7891,203
1578985040,Ka Yeon,Lee,MD,primary-care,Englewood Cliffs,NJ,07632,40.884634,-73.944654,17,,0.6853,36
1578991840,Steven,San Filippo,MD,primary-care,Somerset,NJ,08873,40.499667,-74.531844,13,,0.4785,60
1588007041,Nancy,Gadallah,DO,neurology,Edison,NJ,08820,40.576806,-74.365750,18,81.33,0.6302,221
1588009195,Delphine,Tang,DO,cardiology,Edison,NJ,08820,40.576806,-74.365750,13,98.51,0.7888,813
1588014997,Steven,Mennona,MD,orthopedics,Manasquan,NJ,08736,40.120018,-74.053257,10,,0.9033,827
1588016372,Asrar,Ahmad,MD,primary-care,Mountain Lks,NJ,07046,40.890853,-74.442032,15,,0.5550,125
1588018816,Joanna,Blanco,MD,primary-care,Harrington Park,NJ,07640,40.991681,-73.980202,10,,1.2286,458
1588027965,Kevin,Wells,DO,psychiatry,Piscataway,NJ,08854,40.539658,-74.462791,10,,0.5596,39
1588028138,Richard,Hajjar,MD,cardiology,Oakland,NJ,07436,41.031022,-74.240502,10,,1.0286,393
1588045298,Katrina,Sabates Arnesen,MD,primary-care,Washington,NJ,07882,40.755430,-75.010870,12,97.13,1.4681,278
1588045348,Jose,Nieves,MD,primary-care,Turnersville,NJ,08012,39.783815,-75.056068,11,,0.9717,224
1588046684,Justin,Lee,MD,cardiology,Hackensack,NJ,07601,40.889398,-74.045698,11,81.33,0.6936,646
1588074108,Nancy,Song,MD,neurology,Newark,NJ,07103,40.738852,-74.195264,12,,0.7402,130
1588094569,James,Penn,MD,primary-care,Edison,NJ,08820,40.576806,-74.365750,14,,0.7836,521
1588125470,Atasha,Jordan,MD,psychiatry,Camden,NJ,08103,39.935202,-75.112703,7,96.42,0.4516,61
1588127120,Patrick,Correa,MD,primary-care,Tinton Falls,NJ,07701,40.360509,-74.078952,7,96.09,0.8207,309
1588161632,Dennis,Hogan,MD,primary-care,Haddon Heights,NJ,08035,39.879127,-75.065918,18,81.15,0.9106,365
1588169429,Daniel,Murray,MD,orthopedics,Paramus,NJ,07652,40.947299,-74.070169,8,83.58,0.4378,76
1588187231,Steven,Danziger,MD,neurology,Englewood,NJ,07631,40.891197,-73.972515,9,96.09,0.9805,462
1588191472,Christina,Theodorou Ross,MD,primary-care,New Brunswick,NJ,08901,40.483638,-74.442460,9,,1.1818,137
1588195648,David,Collins,MD,cardiology,Egg Harbor Township,NJ,08234,39.388393,-74.620728,10,,0.9051,913
1588199616,Omry,Zuckerman,DO,pulmonology,Hackensack,NJ,07601,40.889398,-74.045698,9,,1.4680,87
1588220560,Piyush,Savalia,DO,primary-care,Hackettstown,NJ,07840,40.860045,-74.831795,7,,0.5599,365
1588292494,Erinie,Mekheal,MD,primary-care,Lodi,NJ,07644,40.877915,-74.082500,11,96.09,0.9434,38
1588608525,Paul,Krisa,MD,primary-care,Englewood,NJ,07631,40.891197,-73.972515,46,,2.0889,280
1588620199,John,Co,MD,cardiology,Ridgewood,NJ,07450,40.981591,-74.113506,43,20.72,0.1665,10281
1588624340,Jack,Devita,MD,gastroenterology,Marlton,NJ,08053,39.856677,-74.900810,31,,0.9770,501
1588624860,Denise,Siwinski,MD,primary-care,Glassboro,NJ,08028,39.692129,-75.124675,30,,0.3305,85
1588625859,Manar,Hanna,MD,primary-care,Eatontown,NJ,07724,40.298625,-74.074178,38,91.79,4.5119,261
1588635296,Jennifer,Naticchia,MD,primary-care,Sicklerville,NJ,08081,39.732848,-74.976641,34,,1.5392,135
1588636534,Larry,Deutsch,MD,orthopedics,Union,NJ,07083,40.695266,-74.269078,44,,0.8720,24
1588637292,Samuel,The,MD,primary-care,Rutherford,NJ,07070,40.820314,-74.106041,56,,2.2427,234
1588637540,Kenny,Hui,MD,gastroenterology,Brick,NJ,08724,40.091032,-74.114395,33,98.3,0.8438,868
1588638563,Wilson,Yap,MD,primary-care,Lakewood,NJ,08701,40.077069,-74.198510,36,85.52,2.6526,251
1588643944,Shannon,Rittberg,DO,primary-care,Manasquan,NJ,08736,40.120018,-74.053257,24,96.62,1.5571,394
1588644405,Rajesh,Jain,MD,orthopedics,Voorhees,NJ,08043,39.848570,-74.952843,26,81.15,1.4004,562
1588646400,Maria,Silva Khazai,MD,primary-care,Linden,NJ,07036,40.624711,-74.239362,39,100,2.1685,244
1588659296,Samir,Patel,MD,primary-care,Spotswood,NJ,08884,40.393613,-74.392737,36,100,2.1948,626
1588673180,David,Porter,DO,primary-care,Hasbrouck Heights,NJ,07604,40.861513,-74.073114,51,,1.1859,211
1588674956,James,Marmora,MD,primary-care,East Brunswick,NJ,08816,40.429119,-74.416287,31,,0.9876,460
1588677629,Richard,Tancer,DO,primary-care,Little Ferry,NJ,07643,40.843431,-74.034239,42,,1.1027,189
1588688303,Raphael,Longobardi,MD,orthopedics,Livingston,NJ,07039,40.785828,-74.329100,36,,0.8238,100
1588693642,Mark,Gordin,MD,psychiatry,Cranford,NJ,07016,40.657550,-74.303632,39,,1.0809,166
1588694780,Mathew,Cholankeril,MD,cardiology,Elizabeth,NJ,07202,40.652464,-74.216853,29,,3.1387,381
1588695712,Alan,Gellerstein,MD,primary-care,Cedar Knolls,NJ,07927,40.823725,-74.456354,30,,1.2393,495
1588712467,Michael,Stewart,MD,psychiatry,Marlton,NJ,08053,39.856677,-74.900810,32,,0.4755,74
1588722318,Lorenzo,Martinetti,MD,primary-care,New Providence,NJ,07974,40.696919,-74.403853,41,,1.1897,94
1588730212,Mary,Cholankeril,MD,primary-care,Elizabeth,NJ,07202,40.652464,-74.216853,51,,3.5296,42
1588730667,Dana Lyn,Brahms,MD,primary-care,Morristown,NJ,07960,40.779235,-74.502462,25,,1.3355,330
1588753842,Wonil,Park,MD,primary-care,Ridgefield,NJ,07657,40.832677,-74.014088,39,,2.9377,271
1588754014,Richard,Morski,MD,primary-care,Oakland,NJ,07436,41.031022,-74.240502,45,,0.4478,118
1588757058,Ohan,Karatoprak,MD,primary-care,Fort Lee,NJ,07024,40.850640,-73.971007,49,,2.3753,411
1588757165,Koulin,Chou,MD,dermatology,Voorhees,NJ,08043,39.848570,-74.952843,38,71.94,2.6962,709
1588758809,Muhammad,Selevany,MD,primary-care,Haledon,NJ,07508,40.955021,-74.183692,50,,1.2533,79
1588760094,Wagih,Wassef,MD,primary-care,Montville,NJ,07045,40.906942,-74.365608,46,,1.0002,148
1588764005,Terri,Katz,MD,primary-care,Fort Lee,NJ,07024,40.850640,-73.971007,40,,1.0089,537
1588773758,Michael,Meese,MD,orthopedics,Hackensack,NJ,07601,40.889398,-74.045698,39,,0.9466,160
1588773824,Generosa,Grana,MD,oncology,Voorhees,NJ,08043,39.848570,-74.952843,41,91.83,0.2961,248
1588777304,Avery,Browne,DO,primary-care,South Plainfield,NJ,07080,40.574413,-74.414800,23,,0.5031,220
1588783237,Lawrence,Demilio,MD,psychiatry,Berkeley Heights,NJ,07922,40.676590,-74.427022,50,,1.1873,26
1588788814,Robert,Altman,MD,cardiology,Berkeley Heights,NJ,07922,40.676590,-74.427022,22,,1.3075,1265
1588790760,Nicholas,Lopresti,MD,dermatology,Mount Laurel,NJ,08054,39.948992,-74.900247,30,100,0.8029,1578
1588801518,Arnold,Williams,MD,psychiatry,Toms River,NJ,08755,40.008534,-74.221768,20,98.51,0.5495,297
1588801567,Ilya,Berim,MD,pulmonology,New Brunswick,NJ,08901,40.483638,-74.442460,22,,1.0274,427
1588820708,Seema,Varma,MD,oncology,Brick,NJ,08724,40.091032,-74.114395,24,100,0.5664,422
1588823165,Joseph,Bellapianta,MD,orthopedics,Montclair,NJ,07042,40.813487,-74.219011,22,24.23,1.4995,434
1588829352,Ann,Kim,MD,primary-care,Englewood Cliffs,NJ,07632,40.884634,-73.944654,22,,1.3575,31
1588831986,Xue,Zhang,MD,primary-care,Berkeley Heights,NJ,07922,40.676590,-74.427022,33,97.28,0.6873,149
1588854459,Kimberly,Hogan,MD,primary-care,Little Egg Harbor Twp,NJ,08087,39.603959,-74.382181,32,,0.6429,189
1588862221,Irmute,Usiene,MD,psychiatry,Paterson,NJ,07503,40.897548,-74.154121,34,,1.1643,48
1588912844,Ahmed,Al-Khazraji,MD,primary-care,Newark,NJ,07103,40.738852,-74.195264,19,,0.4414,21
1588942668,Mekhala,Mathure,MD,primary-care,Edison,NJ,08820,40.576806,-74.365750,28,,0.8600,438
1588951867,Ting-Yu,Jih,MD,primary-care,New Brunswick,NJ,08901,40.483638,-74.442460,17,87.07,1.0164,218
1588955165,Rachel,Rosenberg,MD,primary-care,Newark,NJ,07103,40.738852,-74.195264,15,,1.2335,22
1588979181,Sabeen,Khan,MD,primary-care,Garwood,NJ,07027,40.651331,-74.323152,25,,3.2788,76
1598006926,David,Klein,MD,orthopedics,Cedar Knolls,NJ,07927,40.823725,-74.456354,13,79.23,1.0032,583
1598008948,Habib,Nazir,MD,primary-care,Bayonne,NJ,07002,40.662495,-74.110201,25,,1.1769,87
1598023996,Jonathan,Krathen,DO,cardiology,Browns Mills,NJ,08015,39.931536,-74.543720,14,95.33,2.9403,378
1598044273,Ashwin,Sridharan,MD,oncology,New Brunswick,NJ,08901,40.483638,-74.442460,20,88.4,0.4983,142
1598052748,C. Jonathan,Foster,DO,gastroenterology,Turnersville,NJ,08012,39.783815,-75.056068,15,,1.0089,621
1598056699,Richard,Yoon,MD,orthopedics,Jersey City,NJ,07302,40.718808,-74.044634,15,98.51,1.4199,320
1598064537,Mona,Doshi,MD,primary-care,Hillsborough,NJ,08844,40.497692,-74.670505,34,,1.8638,15
1598086290,Nyan,Latt,MD,gastroenterology,Camden,NJ,08103,39.935202,-75.112703,19,,0.7481,245
1598110199,Akhil,Kumar,DO,primary-care,Voorhees,NJ,08043,39.848570,-74.952843,10,,0.7425,502
1598110405,Mira,Mandal,MD,pulmonology,Camden,NJ,08103,39.935202,-75.112703,10,91.83,0.5860,421
1598118010,Roger,Saez,MD,primary-care,Hackettstown,NJ,07840,40.860045,-74.831795,11,,1.0924,405
1598119562,Mary,O'Connor,MD,primary-care,Somerset,NJ,08873,40.499667,-74.531844,10,98.51,0.5459,74
1598129470,Everest,Seci,MD,primary-care,Hackensack,NJ,07601,40.889398,-74.045698,10,81.33,1.0211,345
1598142523,Samantha,Cotler,DO,primary-care,Wall Township,NJ,07719,40.168908,-74.073226,11,,0.9983,302
1598149643,Habib,Habib,MD,cardiology,Fair Lawn,NJ,07410,40.935830,-74.117505,13,96.09,1.5954,670
1598151417,Zachary,Shirley,MD,orthopedics,Voorhees,NJ,08043,39.848570,-74.952843,11,,1.2804,341
1598171472,Yaser,Alhamshari,MD,cardiology,Voorhees,NJ,08043,39.848570,-74.952843,15,81.15,1.4877,120
1598173684,Javad,Hazeghi,MD,primary-care,Bernardsville,NJ,07924,40.725770,-74.591213,26,,1.2925,74
1598178162,Natalie,Branton,DO,primary-care,Milford,NJ,08848,40.594266,-75.096659,12,,0.4254,209
1598183311,Mark,Leekoff,MD,neurology,Bridgewater,NJ,08807,40.592434,-74.618840,12,,1.0558,85
1598253858,Kaniz Zehra,Abbas,MD,primary-care,Toms River,NJ,08755,40.008534,-74.221768,20,82.53,0.6338,327
1598254443,Brian,Perez,MD,orthopedics,Cedar Knolls,NJ,07927,40.823725,-74.456354,8,,0.5102,163
1598257354,Ian,Gleaner,MD,primary-care,Camden,NJ,08103,39.935202,-75.112703,8,,0.6997,378
1598344434,Brittany,Kramer,DO,primary-care,Edison,NJ,08820,40.576806,-74.365750,5,96.09,0.3398,35
1598713737,Advay,Bhatt,MD,cardiology,Paramus,NJ,07652,40.947299,-74.070169,23,95.05,2.1732,752
1598723827,Eric,Comsti,MD,primary-care,Lakehurst,NJ,08733,40.026868,-74.363674,36,22.9,1.3394,644
1598723884,Amy,Pappert,MD,dermatology,Somerset,NJ,08873,40.499667,-74.531844,37,88.4,0.6777,336
1598727299,Alan,Kalischer,MD,cardiology,Westfield,NJ,07090,40.651644,-74.343447,49,22.82,3.5190,445
1598730368,Daniel,Zacharias,MD,primary-care,Short Hills,NJ,07078,40.742264,-74.327574,48,,1.2452,78
1598731085,Daniel,Shufler,MD,gastroenterology,Salem,NJ,08079,39.542408,-75.431684,46,47.82,1.6465,282
1598732935,Glauco,Radoslovich,MD,cardiology,Hackensack,NJ,07601,40.889398,-74.045698,41,96.09,0.6793,1450
1598736423,Thomas,Odowd,MD,orthopedics,Voorhees,NJ,08043,39.848570,-74.952843,47,,1.2195,161
1598738858,Parag,Patel,MD,cardiology,Bridgewater,NJ,08807,40.592434,-74.618840,29,,0.9377,1279
1598739757,Brett,Kolpan,MD,primary-care,Flemington,NJ,08822,40.521995,-74.866644,28,,0.7875,504
1598740292,Mukesh,Patel,MD,primary-care,Edison,NJ,08820,40.576806,-74.365750,45,,2.6371,180
1598744344,Perry,Leong,MD,primary-care,Morristown,NJ,07960,40.779235,-74.502462,34,,1.4277,293
1598744450,James,Milbauer,MD,dermatology,Parsippany,NJ,07054,40.853767,-74.401574,44,,0.5088,476
1598744898,Gary,Burke,MD,cardiology,Cherry Hill,NJ,08034,39.906100,-75.000375,41,81.15,0.6210,1450
1598752081,Emile,Rangel,MD,primary-care,Guttenberg,NJ,07093,40.786704,-74.008909,40,,5.3788,38
1598756173,Asim,Gilani,MD,primary-care,Brick,NJ,08724,40.091032,-74.114395,26,,1.3745,1129
1598760787,Jeffrey,Kaminetzky,MD,primary-care,Lakewood,NJ,08701,40.077069,-74.198510,35,,0.0983,36
1598762676,Mark,Tanchel,MD,gastroenterology,Hackensack,NJ,07601,40.889398,-74.045698,32,75.13,1.3919,537
1598766636,Richard,Rosenberg,MD,neurology,Morristown,NJ,07960,40.779235,-74.502462,45,,0.7579,736
1598766743,Andrew,Freedman,MD,pulmonology,Edison,NJ,08817,40.514655,-74.393104,47,,0.5414,408
1598777310,Jeffrey,Kleeman,DO,primary-care,Camden,NJ,08104,39.916459,-75.111355,39,,0.8086,123
1598780991,Dominick,Ligresti,MD,dermatology,Nutley,NJ,07110,40.820616,-74.156250,44,100,1.3939,770
1598782930,Manjula,Thopcherla,MD,primary-care,Lakewood,NJ,08701,40.077069,-74.198510,35,,2.7079,1294
1598786246,Yatish,Merchant,MD,cardiology,Galloway,NJ,08205,39.482000,-74.452637,47,,0.6242,1411
1598787640,Anthony,Botti,MD,oncology,Livingston,NJ,07039,40.785828,-74.329100,44,75,6.3473,1083
1598795411,Mariam,Maniya,MD,primary-care,Hamilton,NJ,08610,40.193643,-74.715963,36,75,2.8931,467
1598807521,Irene,Hao,MD,pulmonology,Pennington,NJ,08534,40.329422,-74.792789,20,96.91,1.3480,220
1598836280,Alan,Cohen,MD,dermatology,Clark,NJ,07066,40.620650,-74.309862,41,75,0.6822,379
1598841942,Yoonjoo,Kim,MD,primary-care,Fort Lee,NJ,07024,40.850640,-73.971007,41,,2.8236,165
1598850760,Poonam,Soni,MD,primary-care,Manahawkin,NJ,08050,39.712132,-74.231888,28,83.03,1.1330,517
1598862930,Zeba,Nizam,MD,psychiatry,Edison,NJ,08820,40.576806,-74.365750,38,,0.4925,89
1598870891,Yeshavanth,Nayak,MD,pulmonology,Toms River,NJ,08755,40.008534,-74.221768,54,25.18,1.6874,388
1598871162,Bradford,Tucker,MD,orthopedics,Egg Harbor Township,NJ,08234,39.388393,-74.620728,29,92.57,0.7786,222
1598874042,Alexandre,Hageboutros,MD,oncology,Voorhees,NJ,08043,39.848570,-74.952843,39,91.83,0.5457,199
1598875619,Linda,Marcus,MD,dermatology,Wyckoff,NJ,07481,40.999093,-74.168849,51,,1.6736,224
1598878910,Kalyani,Theivanayagam,MD,primary-care,West Orange,NJ,07052,40.785755,-74.265058,31,,2.4774,120
1598889248,Tatiana,Sharahy,MD,primary-care,Wayne,NJ,07470,40.945855,-74.245077,37,,2.0241,124
1598899015,Emad,Mounir,MD,psychiatry,Wayne,NJ,07470,40.945855,-74.245077,40,,1.9730,44
1598907990,Geethan,Sivananthan,MD,gastroenterology,Union,NJ,07083,40.695266,-74.269078,17,75,0.9469,713
1598920019,Yelena,Khaysman,MD,psychiatry,East Orange,NJ,07018,40.755733,-74.217917,20,19.12,1.6516,446
1598922981,Andrey,Silkov,MD,primary-care,Belleville,NJ,07109,40.793481,-74.161159,33,87.07,0.5310,240
1598923245,Julie,Stern,MD,primary-care,Howell,NJ,07731,40.149537,-74.203987,21,,1.7666,223
1598931420,Tina,Mayer,MD,oncology,New Brunswick,NJ,08901,40.483638,-74.442460,23,88.4,0.6135,174
1598938391,Meherwan,Joshi,MD,cardiology,Rahway,NJ,07065,40.607152,-74.280531,26,98.51,2.4709,490
1598941007,Asma,Nisar,MD,psychiatry,Belle Mead,NJ,08502,40.448217,-74.653244,32,,0.6387,42
1598945412,Neelima,Vudarla,MD,primary-care,Ewing,NJ,08638,40.254018,-74.763385,27,,1.8382,139
1598952632,Madhavi,Kakarla,MD,primary-care,Pennington,NJ,08534,40.329422,-74.792789,27,,0.5180,270
1598965071,Tina,Vazirani,MD,gastroenterology,Englishtown,NJ,07726,40.286506,-74.342547,19,98.3,0.7684,306
1598971335,Agnieszka,Sulewski,DO,primary-care,Lakewood,NJ,08701,40.077069,-74.198510,20,,0.1143,103
1598977753,Nader,Habib,MD,primary-care,Berkeley Heights,NJ,07922,40.676590,-74.427022,28,,0.4015,379
1609000199,Darshan,Vaidya,MD,dermatology,Robbinsville,NJ,08691,40.208319,-74.600928,18,100,0.9241,937
1609037985,Christopher,Milburn,MD,psychiatry,Camden,NJ,08103,39.935202,-75.112703,18,,0.8085,32
1609073386,Nidhi,Narayan,MD,primary-care,Tenafly,NJ,07670,40.918309,-73.950523,19,,1.2445,282
1609083393,Michael,Chustek,MD,psychiatry,Short Hills,NJ,07078,40.742264,-74.327574,22,87.66,1.4785,487
1609093590,Bipinpreet,Nagra,MD,cardiology,Woodbury,NJ,08097,39.813290,-75.150650,27,,0.4200,1567
1609107051,Zarina,Nestor,MD,pulmonology,Emerson,NJ,07630,40.974990,-74.023248,17,96.09,0.9312,504
1609111699,Punitha,Shivaprasad,DO,gastroenterology,Cherry Hill,NJ,08003,39.885852,-74.971145,18,81.15,1.2263,216
1609118298,Christopher,D Andrea,MD,primary-care,Berkeley Heights,NJ,07922,40.676590,-74.427022,13,,1.9599,263
1609118843,Sue,Park,MD,oncology,Middletown,NJ,07748,40.396300,-74.115274,13,82.85,0.4696,269
1609127869,Aaron,Greenberg,MD,orthopedics,Edison,NJ,08837,40.514281,-74.343859,17,,1.2906,20
1609138908,Muhammad,Shahid,MD,cardiology,Neptune,NJ,07753,40.210761,-74.074499,14,80.88,1.5769,1252
1609163674,Biju,Raju,DO,primary-care,Morristown,NJ,07960,40.779235,-74.502462,15,,1.3845,367
1609166461,Steven,Nguyen,MD,primary-care,Maple Shade,NJ,08052,39.952381,-74.994896,15,,0.7167,279
1609181452,Deepti,Reddy,MD,primary-care,Hackensack,NJ,07601,40.889398,-74.045698,16,81.33,1.0164,74
1609195726,Shai,Shoshani,MD,primary-care,Berkeley Heights,NJ,07922,40.676590,-74.427022,16,,0.4204,341
1609196377,David,Anwar,DO,cardiology,Long Branch,NJ,07740,40.295372,-73.989899,16,98.51,0.7416,1361
1609212067,Meghan,Kaumaya,MD,oncology,Englewood,NJ,07631,40.891197,-73.972515,13,96.09,1.1559,481
1609220763,Ari,Young,MD,gastroenterology,Summit,NJ,07901,40.714923,-74.366372,10,,0.9819,213
1609229566,Muhammad,Bashir,MD,primary-care,Trenton,NJ,08618,40.249340,-74.789968,14,,0.7410,140
1609239110,Neha,Paralkar,MD,primary-care,Hackensack,NJ,07601,40.889398,-74.045698,10,96.09,0.9047,122
1609261544,Jaimin,Dudhia,MD,primary-care,Montclair,NJ,07042,40.813487,-74.219011,11,68.71,0.9226,722
1609261726,Ian,Walker,MD,neurology,Cherry Hill,NJ,08002,39.934605,-75.025389,11,91.83,1.3988,292
1609262039,Jonathon,Lentz,MD,orthopedics,Ocean,NJ,07712,40.246895,-74.054502,11,72.19,1.3760,24
1609263102,Joshua,Josephs,MD,primary-care,Hackensack,NJ,07601,40.889398,-74.045698,11,81.33,0.9175,166
1609284397,Navjot,Jain,DO,primary-care,Haddon Heights,NJ,08035,39.879127,-75.065918,13,99.52,0.5024,70
1609290337,Sara,Gellis,DO,primary-care,Hoboken,NJ,07030,40.745251,-74.027926,15,,0.3505,35
1609302017,Andrew,Iskandar,MD,oncology,Sewell,NJ,08080,39.757353,-75.122043,10,,0.3756,72
1609302314,Sujal,Singh,DO,primary-care,Rahway,NJ,07065,40.607152,-74.280531,9,,1.5526,21
1609304393,Andrew,Habib,MD,primary-care,East Brunswick,NJ,08816,40.429119,-74.416287,9,96.09,1.1689,277
1609308840,Samuel,Kim,MD,cardiology,Glen Ridge,NJ,07028,40.804798,-74.204569,9,81.33,0.7594,30
1609339043,David,Henry,MD,primary-care,Haddon Heights,NJ,08035,39.879127,-75.065918,7,99.52,0.7077,229
1609355007,Laura,Yapor,MD,pulmonology,Glen Ridge,NJ,07028,40.804798,-74.204569,12,96.09,1.2486,266
1609360684,Andrew,Hogrogian,MD,psychiatry,Moorestown,NJ,08057,39.979658,-74.941308,8,81.15,0.7693,56
1609370089,Gurdarshan,Sandhu,MD,primary-care,Morristown,NJ,07960,40.779235,-74.502462,8,,0.5177,1005
1609370667,Sunny,Patel,MD,endocrinology,Princeton,NJ,08540,40.364728,-74.656314,8,,1.4144,361
1609454503,Nowair,Hussain,MD,primary-care,New Brunswick,NJ,08901,40.483638,-74.442460,2,,1.2988,23
1609492545,Rohan,Umrani,DO,primary-care,Camden,NJ,08103,39.935202,-75.112703,6,,1.0228,420
1609800754,Michael,Holwell,MD,primary-care,Glassboro,NJ,08028,39.692129,-75.124675,23,,0.3613,254
1609802057,Nauman,Diwan,MD,primary-care,Hamilton,NJ,08619,40.242301,-74.696408,37,96.91,1.1570,174
1609805027,Richard,Troum,DO,gastroenterology,Long Branch,NJ,07740,40.295372,-73.989899,41,98.3,0.9123,746
1609806454,David,Abend,DO,primary-care,North Brunswick,NJ,08902,40.441513,-74.491214,37,,1.2967,180
1609806694,Weekon,Choi,MD,primary-care,Englewood Cliffs,NJ,07632,40.884634,-73.944654,38,81.33,2.7470,364
1609807379,Pius,Chikezie,MD,primary-care,Toms River,NJ,08755,40.008534,-74.221768,38,,0.9607,20
1609808807,Elmira,Kapchits,MD,primary-care,East Brunswick,NJ,08816,40.429119,-74.416287,51,22.93,2.2033,323
1609810126,Harry,Fried,MD,gastroenterology,Emerson,NJ,07630,40.974990,-74.023248,40,27.77,2.0462,227
1609815836,Martin,Dawson,MD,cardiology,Camden,NJ,08103,39.935202,-75.112703,33,,0.7936,797
1609816511,Jill,Mortensen,MD,primary-care,Millville,NJ,08332,39.366217,-75.026853,46,,1.1575,323
1609816750,David,Altimore,DO,cardiology,Browns Mills,NJ,08015,39.931536,-74.543720,42,95.33,0.2587,1635
1609818756,Suma,Ghanta,MD,primary-care,Flanders,NJ,07836,40.843163,-74.710684,28,,0.8306,199
1609822501,Karen,Peters,DO,primary-care,Flanders,NJ,07836,40.843163,-74.710684,37,,1.0424,126
1609822782,Robert,Lind,MD,cardiology,Flemington,NJ,08822,40.521995,-74.866644,38,85.54,0.5050,979
1609825033,Scott,Fields,MD,primary-care,Berkeley Heights,NJ,07922,40.676590,-74.427022,27,,1.4561,443
1609829985,John,Vitali,MD,primary-care,Howell,NJ,07731,40.149537,-74.203987,38,,0.7939,99
1609834522,Joseph,Mauti,MD,primary-care,Union,NJ,07083,40.695266,-74.269078,54,,3.9002,77
1609835586,Stanley,Waintraub,MD,oncology,Hackensack,NJ,07601,40.889398,-74.045698,49,87.18,0.9721,784
1609838986,Gary,Alweiss,MD,neurology,Englewood,NJ,07631,40.891197,-73.972515,38,96.09,1.3696,207
1609840602,Arun,Kachroo,MD,neurology,Lumberton,NJ,08048,39.953850,-74.803026,32,,0.7931,579
1609844828,Peter,Barry,DO,primary-care,Berkeley Heights,NJ,07922,40.676590,-74.427022,27,,1.6073,340
1609847730,Penny,Turtel,MD,gastroenterology,Long Branch,NJ,07740,40.295372,-73.989899,40,98.3,0.9147,533
1609849819,Paul,Bryman,DO,primary-care,Stratford,NJ,08084,39.828990,-75.015536,43,81.15,2.3178,135
1609852623,Joseph,Curreri,DO,pulmonology,Merchantville,NJ,08109,39.949330,-75.049530,36,100,1.5201,558
1609858455,Peter,Mencel,MD,oncology,Hackensack,NJ,07601,40.889398,-74.045698,44,81.33,0.8271,287
1609858463,Carl,Henningson,MD,oncology,Hackensack,NJ,07601,40.889398,-74.045698,30,82.67,8.7001,920
1609861301,Presh,Singal,MD,primary-care,Old Bridge,NJ,08857,40.392789,-74.330397,27,,0.4633,75
1609870245,Susan,Flanzman,MD,primary-care,Paramus,NJ,07652,40.947299,-74.070169,39,,0.5189,522
1609884303,Katalin,Horvath,MD,primary-care,Edison,NJ,08820,40.576806,-74.365750,37,,1.2403,57
1609890193,William,Antonelli,DO,primary-care,Willingboro,NJ,08046,40.027950,-74.886984,41,81.15,1.1003,255
1609898022,Paul,Nicholas,DO,primary-care,Woodstown,NJ,08098,39.639301,-75.329801,45,,4.2384,45
1609899632,Bankim,Shah,MD,primary-care,Toms River,NJ,08755,40.008534,-74.221768,50,,0.9293,146
1609900455,Gretchen,Magnani,MD,psychiatry,Camden,NJ,08103,39.935202,-75.112703,32,96.42,0.4479,40
1609902493,Vineet,Prasad,MD,primary-care,Rahway,NJ,07065,40.607152,-74.280531,27,,1.7537,55
1609934298,Paul,Ahn,DO,primary-care,Metuchen,NJ,08840,40.543139,-74.358981,33,,2.2009,316
1609936806,Joselito,Domingo,MD,psychiatry,Morris Plains,NJ,07950,40.846026,-74.482314,43,,0.9070,35
1609950906,Lisa,Melsky,MD,primary-care,Wayne,NJ,07470,40.945855,-74.245077,39,,1.0917,430
1609958131,Nandini,Moray,MD,primary-care,Edison,NJ,08820,40.576806,-74.365750,34,,1.3670,65
1609959550,Harold,Mckenna,MD,primary-care,South Amboy,NJ,08879,40.466447,-74.278639,51,,0.8233,233
1609967710,Mark,Mcbride,MD,orthopedics,Cedar Knolls,NJ,07927,40.823725,-74.456354,46,79.23,0.4386,693
1609971118,Smita,Randhawa,MD,primary-care,Flemington,NJ,08822,40.521995,-74.866644,30,,0.7371,238
1609971803,Myung,Chung,MD,primary-care,Moorestown,NJ,08057,39.979658,-74.941308,45,,0.7789,141
1609973346,Suganthini,Umakanthan,MD,primary-care,Newark,NJ,07112,40.711391,-74.211683,37,98.51,1.1055,108
1609981281,Gary,Berman,MD,cardiology,West Orange,NJ,07052,40.785755,-74.265058,47,98.51,1.5706,655
1609985597,Matthew,Tangorra,DO,gastroenterology,Brick,NJ,08724,40.091032,-74.114395,25,98.3,0.7636,765
1619006814,Ronald,Costa,MD,primary-care,Red Bank,NJ,07701,40.360509,-74.078952,52,,1.2954,35
1619021045,David,Semar,MD,psychiatry,Saddle River,NJ,07458,41.046658,-74.096482,39,,4.1634,51
1619024510,Jenny,Kim,MD,pulmonology,Berkeley Heights,NJ,07922,40.676590,-74.427022,29,,1.4323,159
1619033529,Steve,Weintraub,MD,primary-care,Livingston,NJ,07039,40.785828,-74.329100,36,,1.6602,264
1619035037,Vinod,Sinha,MD,primary-care,Perth Amboy,NJ,08861,40.520494,-74.272943,52,,1.9022,42
1619035342,Ramchand,Thadhani,MD,primary-care,Galloway,NJ,08205,39.482000,-74.452637,49,,1.8647,559
1619052305,Ann,Miller,MD,neurology,Hackensack,NJ,07601,40.889398,-74.045698,45,81.33,0.5666,115
1619054137,Chaudhry,Aman,MD,pulmonology,Jersey City,NJ,07302,40.718808,-74.044634,42,,0.9337,170
1619060902,Deborah,Wright,MD,primary-care,Flemington,NJ,08822,40.521995,-74.866644,37,,0.8200,204
1619063963,Jack,Dworkin,MD,cardiology,Freehold,NJ,07728,40.225793,-74.285785,45,98.51,0.7201,585
1619065075,Jennifer,Twardzik,DO,primary-care,Little Egg Harbor Twp,NJ,08087,39.603959,-74.382181,29,,0.7054,407
1619067071,Andrew,Oswari,MD,primary-care,Moorestown,NJ,08057,39.979658,-74.941308,29,,0.7980,24
1619068616,Charles,Gatto,MD,orthopedics,Morristown,NJ,07960,40.779235,-74.502462,34,,1.6157,159
1619072303,Karin,Satra,MD,dermatology,Ridgewood,NJ,07450,40.981591,-74.113506,41,100,1.1725,1011
1619077690,Jonathan,Cohen,MD,primary-care,Lakewood,NJ,08701,40.077069,-74.198510,45,,0.9286,399
1619083177,Rana,Ali,MD,pulmonology,Brick,NJ,08724,40.091032,-74.114395,31,75,0.6937,1184
1619104650,Sathesh,Porur Evalappan,MD,primary-care,Somerset,NJ,08873,40.499667,-74.531844,21,,2.3395,231
1619117926,Munaza,Khan,MD,psychiatry,Camden,NJ,08103,39.935202,-75.112703,23,81.15,0.2703,13
1619119583,Mital,Patel Cohen,MD,dermatology,Berkeley Heights,NJ,07922,40.676590,-74.427022,17,,0.6853,720
1619127024,Manasi,Revankar,DO,primary-care,Phillipsburg,NJ,08865,40.708226,-75.147073,19,97.13,0.9033,379
1619134285,Julie,Keller,MD,orthopedics,Maywood,NJ,07607,40.902885,-74.063457,22,,1.0772,172
1619137494,Addi,Znamensky,MD,primary-care,Teaneck,NJ,07666,40.890317,-74.011478,18,,3.3613,49
1619137767,Elizabeth,Koorie,MD,primary-care,Flemington,NJ,08822,40.521995,-74.866644,21,,0.5892,201
1619140324,Komali,Tungaturty,MD,primary-care,Camden,NJ,08103,39.935202,-75.112703,25,81.15,0.8832,211
1619141561,Inderpreet,Sachar,MD,primary-care,Teaneck,NJ,07666,40.890317,-74.011478,25,96.09,1.7726,402
1619142833,Himanshu,Patel,MD,primary-care,Toms River,NJ,08755,40.008534,-74.221768,39,,2.0605,333
1619182276,Yair,Kissin,MD,orthopedics,Hackensack,NJ,07601,40.889398,-74.045698,24,81.33,0.9963,441
1619192028,Lillian,Alt,MD,primary-care,Elizabeth,NJ,07202,40.652464,-74.216853,35,,0.4854,177
1619193240,Kathleen,Hoey,MD,primary-care,Rockaway,NJ,07866,40.954988,-74.488031,38,,0.8255,386
1619230307,Robert,Sehgel,DO,primary-care,Hamilton,NJ,08691,40.208319,-74.600928,14,,0.4073,1151
1619248457,Thomas,John,MD,primary-care,Basking Ridge,NJ,07920,40.682268,-74.554143,21,81.57,1.1431,186
1619282985,Xitlalichomiha,Odell,DO,primary-care,Hammonton,NJ,08037,39.631681,-74.773893,16,,0.3580,346
1619286226,Neelima,Chilukuri,MD,primary-care,Marlton,NJ,08053,39.856677,-74.900810,23,81.15,0.4722,462
1619288073,Nicholas,Roy,DO,pulmonology,Glassboro,NJ,08028,39.692129,-75.124675,16,,1.1580,362
1619293396,Amirali,Masoumi,MD,cardiology,Morristown,NJ,07960,40.779235,-74.502462,23,,1.5875,211
1619318177,Jigar,Patel,MD,primary-care,Pennington,NJ,08534,40.329422,-74.792789,13,,1.4046,163
1619322575,Chan,Chen,MD,neurology,Plainsboro,NJ,08536,40.333076,-74.586628,19,98.51,0.7335,87
1619336559,Vijay,Peruvemba,DO,primary-care,Newton,NJ,07860,41.057287,-74.802737,11,,0.8809,429
1619354701,Zabeer,Bhatti,MD,cardiology,Lawrenceville,NJ,08648,40.284490,-74.717487,11,,1.6404,264
1619358207,Eitan,Kohan,MD,orthopedics,North Bergen,NJ,07047,40.793644,-74.025027,11,92.57,1.3563,220
1619358512,Sundeep,Saini,DO,orthopedics,Toms River,NJ,08755,40.008534,-74.221768,11,75,0.7621,697
1619358892,Paul,Cowen,DO,primary-care,Moorestown,NJ,08057,39.979658,-74.941308,11,81.15,0.4498,1378
1619361011,Luigi,Baretto,MD,primary-care,Little Egg Harbor Twp,NJ,08087,39.603959,-74.382181,17,,0.5759,289
1619362225,Sabeen,Ahmed,MD,primary-care,Edison,NJ,08817,40.514655,-74.393104,16,,1.0707,330
1619387040,Hassan,Shahid,MD,pulmonology,Cranbury,NJ,08512,40.324357,-74.525526,13,,1.9448,228
1619389624,Jay,Reidler,MD,orthopedics,Englewood,NJ,07631,40.891197,-73.972515,12,,0.7189,151
1619395274,Jared,Walsh,MD,primary-care,Newark,NJ,07103,40.738852,-74.195264,12,,0.8364,51
1619395951,Devyani,Shah,MD,psychiatry,Newark,NJ,07103,40.738852,-74.195264,18,,0.3255,27
1619403128,Pooja,Bhargava,DO,primary-care,Livingston,NJ,07039,40.785828,-74.329100,9,,0.6887,421
1619404035,Anila,Kumar,DO,gastroenterology,Hackensack,NJ,07601,40.889398,-74.045698,9,,0.7905,82
1619409877,Coatney,Alexander,MD,primary-care,Summit,NJ,07901,40.714923,-74.366372,10,,0.8695,216
1619471869,Megna,Khatri,MD,primary-care,Newark,NJ,07103,40.738852,-74.195264,8,,0.5902,66
1619505039,Matthew,Balatbat,MD,primary-care,Hackensack,NJ,07601,40.889398,-74.045698,6,81.33,0.5624,322
1619557261,Syed,Ali,MD,primary-care,Holmdel,NJ,07733,40.374964,-74.173849,6,,1.1013,106
1619580032,Nariman,Konjkavfard,MD,psychiatry,New Brunswick,NJ,08901,40.483638,-74.442460,7,,0.3208,50
1619900586,Shawna,Reigel,MD,primary-care,Clarksboro,NJ,08020,39.794221,-75.222232,24,,1.7858,159
1619900883,Gowri,Veeraraghavan,MD,primary-care,Somerset,NJ,08873,40.499667,-74.531844,26,,0.5161,82
1619905379,Jennifer,Reeder,MD,oncology,Berkeley Heights,NJ,07922,40.676590,-74.427022,23,,6.8040,511
1619908878,Christine,Gerula,MD,cardiology,Newark,NJ,07103,40.738852,-74.195264,30,,0.2611,1257
1619912102,Shahnaz,Akhtar,MD,primary-care,Bayonne,NJ,07002,40.662495,-74.110201,38,25.04,1.9688,266
1619912284,Vivian,Lan,MD,primary-care,Emerson,NJ,07630,40.974990,-74.023248,32,,0.7486,656
1619913605,Priyanka,Sanjay,MD,primary-care,Piscataway,NJ,08854,40.539658,-74.462791,27,,0.9985,53
1619914470,Alexander,Poulathas,DO,primary-care,Browns Mills,NJ,08015,39.931536,-74.543720,25,95.33,0.8856,276
1619917788,Renee,Hickman,MD,primary-care,Pennington,NJ,08534,40.329422,-74.792789,28,96.91,1.4123,184
1619918828,Daniel,Altman,MD,primary-care,Galloway,NJ,08205,39.482000,-74.452637,32,,0.5662,60
1619923067,Galina,Grigoryan,MD,primary-care,Hackensack,NJ,07601,40.889398,-74.045698,30,96.09,0.5911,323
1619924388,Erinn,Beagin,MD,primary-care,Princeton,NJ,08540,40.364728,-74.656314,25,,0.9503,224
1619929627,Gerardo,Dumapit,MD,primary-care,South Plainfield,NJ,07080,40.574413,-74.414800,41,19.42,1.9981,501
1619929874,Mark,Sapienza,MD,gastroenterology,Englewood,NJ,07631,40.891197,-73.972515,30,98.3,1.6333,627
1619940038,Howard,Goldschmidt,MD,cardiology,Ridgewood,NJ,07450,40.981591,-74.113506,43,95.05,1.0682,1651
1619944295,Steven,Lederman,MD,cardiology,Moorestown,NJ,08057,39.979658,-74.941308,52,81.15,1.3982,36
1619946431,Timothy,Brannan,MD,neurology,Jersey City,NJ,07302,40.718808,-74.044634,51,,0.6724,214
1619954286,Ziad,Boujaoude,MD,pulmonology,Camden,NJ,08103,39.935202,-75.112703,31,91.83,0.5695,500
1619962578,Danny,Wang,MD,cardiology,Somerset,NJ,08873,40.499667,-74.531844,41,98.51,1.1538,1006
1619966850,Debra,Goldstein,MD,gastroenterology,Monroe,NJ,08831,40.334341,-74.432502,39,,1.0047,433
1619969474,Mitchell,Fuhrman,MD,cardiology,Voorhees,NJ,08043,39.848570,-74.952843,49,81.15,0.2800,1268
1619971132,Howard,Levite,MD,cardiology,Cape May Court House,NJ,08210,39.119187,-74.823188,46,,1.9633,396
1619974466,Walter,Husar,MD,neurology,Avenel,NJ,07001,40.583961,-74.269704,38,,1.1926,155
1619975687,Eugene,Decker,DO,primary-care,Phillipsburg,NJ,08865,40.708226,-75.147073,39,97.13,0.5777,36
1619977667,Steven,Jacoby,MD,pulmonology,Hoboken,NJ,07030,40.745251,-74.027926,27,95.05,1.9631,580
1619978905,Edward,Prins,MD,primary-care,Hackensack,NJ,07601,40.889398,-74.045698,44,,0.7587,571
1619985744,Jodi,Abramowitz,DO,primary-care,Linwood,NJ,08221,39.339936,-74.564470,44,,1.3322,188
1619986841,Howard,Karp,DO,primary-care,Northfield,NJ,08225,39.358340,-74.536312,57,,1.7348,123
1619989639,Atul,Bhasin,MD,primary-care,Freehold,NJ,07728,40.225793,-74.285785,28,,1.5870,1647
1619989712,Steve,Mcilveen,MD,orthopedics,Paramus,NJ,07652,40.947299,-74.070169,53,21.67,0.9878,302
1619991866,Nandita,Joshi,MD,primary-care,Englewood,NJ,07631,40.891197,-73.972515,32,,0.7694,409
1619996774,Gary,Gorodokin,MD,gastroenterology,Fair Lawn,NJ,07410,40.935830,-74.117505,37,100,1.5009,431
1629001482,Irene,Cueto,MD,primary-care,Hamilton,NJ,08690,40.225833,-74.660096,38,,1.3764,75
1629005566,Matthew,Krupnick,MD,gastroenterology,Dover,NJ,07801,40.901125,-74.564783,36,24.82,1.1197,504
1629012521,William,Berna,MD,primary-care,Moorestown,NJ,08057,39.979658,-74.941308,41,26.3,1.2219,505
1629013933,Liviu,Rappaport,MD,primary-care,Morristown,NJ,07960,40.779235,-74.502462,42,,1.5004,1277
1629019955,Rekha,Sehgal,MD,primary-care,Vineland,NJ,08360,39.492354,-75.003447,49,96.58,2.2995,553
1629021399,David,Lopez,MD,orthopedics,Little Silver,NJ,07739,40.336952,-74.034535,27,69.66,0.9790,320
1629022769,Hugo,Franco,MD,psychiatry,Hackensack,NJ,07601,40.889398,-74.045698,48,81.33,0.6278,160
1629023478,Stanley,Szwed,MD,cardiology,Passaic,NJ,07055,40.857552,-74.129089,44,,1.6849,565
1629024005,Mohammad,Ramay,MD,psychiatry,Westwood,NJ,07675,41.003484,-74.001753,44,,1.3328,126
1629037254,Arthur,Mark,MD,orthopedics,Ocean,NJ,07712,40.246895,-74.054502,30,,1.1342,834
1629040423,Mirela,Feurdean,MD,primary-care,Newark,NJ,07103,40.738852,-74.195264,31,,1.2293,50
1629045323,Ambrose,Mgbako,MD,psychiatry,East Orange,NJ,07018,40.755733,-74.217917,54,,0.7765,41
1629046388,Ellen,Urrutia,MD,cardiology,Glen Ridge,NJ,07028,40.804798,-74.204569,39,96.09,1.3535,984
1629055181,Savneet,Chattha,MD,primary-care,Plainsboro,NJ,08536,40.333076,-74.586628,26,,0.9061,60
1629056494,Kenneth,Prins,MD,primary-care,Manahawkin,NJ,08050,39.712132,-74.231888,55,,1.4534,55
1629057971,Henry,Kong,MD,primary-care,Toms River,NJ,08757,39.960591,-74.260843,31,,1.7793,267
1629062187,Steven,Sheris,MD,cardiology,Springfield,NJ,07081,40.697966,-74.334436,38,,0.6361,171
1629064043,Antonella,Auciello,MD,primary-care,Chester,NJ,07930,40.781309,-74.683590,30,,1.1757,383
1629064837,Peter,Symington,MD,primary-care,Harrington Park,NJ,07640,40.991681,-73.980202,30,,0.9874,476
1629065982,Kaleem,Ahmad,MD,oncology,Marmora,NJ,08223,39.269520,-74.657118,44,87.06,5.0922,729
1629069703,Karen,Agersborg,DO,endocrinology,Cape May Court House,NJ,08210,39.119187,-74.823188,28,78.15,1.2562,548
1629070305,Edward,Fein,MD,pulmonology,Old Bridge,NJ,08857,40.392789,-74.330397,37,,0.6978,295
1629070354,Maria,Garcia,MD,primary-care,Stirling,NJ,07980,40.676166,-74.494548,31,,0.8479,145
1629072046,Yihong,Cheng,MD,primary-care,Berkeley Heights,NJ,07922,40.676590,-74.427022,25,,0.4211,158
1629073127,Arthur,Geller,MD,gastroenterology,Hackensack,NJ,07601,40.889398,-74.045698,41,98.3,0.8176,883
1629075064,Joseph,Boak,MD,primary-care,Red Bank,NJ,07701,40.360509,-74.078952,31,96.09,0.9916,1077
1629076625,Rim,Al-Bezem,MD,cardiology,Columbus,NJ,08022,40.067590,-74.705741,36,,0.4726,1161
1629081211,Charles,Choe,DO,primary-care,Flanders,NJ,07836,40.843163,-74.710684,23,,0.7580,177
1629082300,Jimmy,Chang,MD,primary-care,Hackettstown,NJ,07840,40.860045,-74.831795,34,,1.2715,455
1629088695,Minakshi,Nijhawan,MD,primary-care,Freehold,NJ,07728,40.225793,-74.285785,39,,1.0929,542
1629096821,Robert,Winn,MD,primary-care,Haddon Township,NJ,08108,39.915048,-75.062244,28,,1.3143,77
1629098603,Daniel,Conroy,MD,cardiology,Passaic,NJ,07055,40.857552,-74.129089,51,,0.0547,181
1629115126,Mary,Kannankeril,MD,psychiatry,Montville,NJ,07045,40.906942,-74.365608,51,,3.7790,38
1629116371,David,Rosenfeld,MD,psychiatry,Ridgewood,NJ,07450,40.981591,-74.113506,38,,1.4671,110
1629139076,Stephen,Willis,MD,gastroenterology,Hampton,NJ,08827,40.668424,-74.968377,28,97.13,0.8407,721
1629145115,John,Wittenborn,MD,neurology,Hillsborough,NJ,08844,40.497692,-74.670505,53,,1.6184,134
1629150024,William,Glenn,DO,primary-care,Little Egg Harbor Twp,NJ,08087,39.603959,-74.382181,46,,0.7145,147
1629156153,Rajmayur,Brahmbhatt,MD,primary-care,Hamilton,NJ,08690,40.225833,-74.660096,34,,0.5852,376
1629161989,Jeffrey,Rapaport,MD,dermatology,Englewood Cliffs,NJ,07632,40.884634,-73.944654,48,,0.3225,240
1629162177,Syed,Ahmad,MD,primary-care,Hamilton,NJ,08619,40.242301,-74.696408,53,,2.2306,322
1629164918,Janah,Aji,MD,cardiology,Voorhees,NJ,08043,39.848570,-74.952843,47,,1.2865,248
1629173240,Rahat,Salamat,MD,pulmonology,Hoboken,NJ,07030,40.745251,-74.027926,31,95.05,0.8314,610
1629174669,Nicole,Henry-Dindial,MD,primary-care,Berkeley Heights,NJ,07922,40.676590,-74.427022,32,,1.3714,297
1629179411,Charles,Park,MD,psychiatry,Clark,NJ,07066,40.620650,-74.309862,28,,0.6123,161
1629195532,Luke,Austin,MD,orthopedics,Marlton,NJ,08053,39.856677,-74.900810,22,92.57,1.0535,502
1629195748,Reza,Akhtar,MD,gastroenterology,Oakhurst,NJ,07755,40.263470,-74.023623,22,98.3,0.9576,787
1629204771,Sujai,Jalaj,MD,gastroenterology,Somers Point,NJ,08244,39.315511,-74.598278,17,98.3,0.9885,878
1629207030,Mayurkumar,Patel,MD,primary-care,Neptune,NJ,07753,40.210761,-74.074499,23,,1.5622,983
1629211297,Michael,Lowenstein,MD,primary-care,Newton,NJ,07860,41.057287,-74.802737,17,,0.4320,111
1629222781,Brendan,Kelly,DO,primary-care,Brigantine,NJ,08203,39.421713,-74.392873,18,,1.2383,429
1629231279,Daniel,Huberman,MD,endocrinology,Summit,NJ,07901,40.714923,-74.366372,21,52.85,0.7203,849
1629238860,Matthew,Davis,MD,neurology,Middletown,NJ,07748,40.396300,-74.115274,19,,1.5608,633
1629239371,Gian,Pal,MD,neurology,New Brunswick,NJ,08901,40.483638,-74.442460,18,88.4,1.2892,209
1629249321,Narinder,Dhillon-Athwal,MD,primary-care,Somerville,NJ,08876,40.589554,-74.685411,21,87.07,0.5676,172
1629250535,Haroon,Faraz,MD,cardiology,North Bergen,NJ,07047,40.793644,-74.025027,25,,1.9629,284
1629255708,Aditi,Mathur,MD,pulmonology,Hackensack,NJ,07601,40.889398,-74.045698,20,,0.7067,351
1629260013,Dimitrios,Barmpouletos,MD,cardiology,Vineland,NJ,08360,39.492354,-75.003447,24,,0.9191,1100
1629269600,Justin,Fox,MD,cardiology,Hamilton,NJ,08690,40.225833,-74.660096,22,,1.6322,1244
1629275250,Manny,Porat,MD,orthopedics,Voorhees,NJ,08043,39.848570,-74.952843,21,81.15,0.8788,686
1629275342,Ashok,Mandala,MD,primary-care,Camden,NJ,08103,39.935202,-75.112703,25,,0.6965,113
1629276746,Christian,White,DO,psychiatry,Stratford,NJ,08084,39.828990,-75.015536,19,81.15,0.8040,260
1629278536,Ansu,Joy,MD,endocrinology,Princeton,NJ,08540,40.364728,-74.656314,20,,1.0910,386
1629290556,Ravinder,Dhillon,MD,gastroenterology,Pennington,NJ,08534,40.329422,-74.792789,24,96.91,0.9986,300
1629308150,Muhammad,Raza,MD,cardiology,Browns Mills,NJ,08015,39.931536,-74.543720,27,95.33,2.1651,253
1629332663,Yeva,Fernandez,MD,neurology,Hackensack,NJ,07601,40.889398,-74.045698,15,81.33,1.2536,130
1629334941,Meghan,Bishop,MD,orthopedics,Marlton,NJ,08053,39.856677,-74.900810,14,92.57,0.6853,241
1629338231,Victoria,Rose,MD,primary-care,Rio Grande,NJ,08242,39.017380,-74.886908,14,,0.7324,452
1629356803,Sarah,Weiss,MD,oncology,New Brunswick,NJ,08901,40.483638,-74.442460,17,88.4,0.6778,168
1629357835,Jennifer,Hsieh,MD,gastroenterology,Bayonne,NJ,07002,40.662495,-74.110201,17,,0.7806,141
1629363007,Jyotsana,Singh,MD,primary-care,Sewell,NJ,08080,39.757353,-75.122043,24,,0.8174,291
1629368097,Megha,Rao,MD,primary-care,New Brunswick,NJ,08901,40.483638,-74.442460,15,,0.6446,68
1629368352,Jamila,Baird,MD,primary-care,Bridgewater,NJ,08807,40.592434,-74.618840,16,,0.5949,211
1629374533,Oleksandr,Pistun,MD,pulmonology,Flemington,NJ,08822,40.521995,-74.866644,24,84.94,1.0824,508
1629381025,Radhika,Laskarzewski,MD,primary-care,Lawrenceville,NJ,08648,40.284490,-74.717487,16,96.91,0.8481,99
1629395629,Eugene,Festa,MD,primary-care,Wayne,NJ,07470,40.945855,-74.245077,16,,1.7162,80
1629411947,Emily,Novik,MD,psychiatry,Parsippany,NJ,07054,40.853767,-74.401574,13,,2.0834,48
1629451034,Puja,Patel,MD,primary-care,Hillsborough,NJ,08844,40.497692,-74.670505,11,,0.6454,310
1629458088,Karnik,Patel,MD,primary-care,Hoboken,NJ,07030,40.745251,-74.027926,11,96.09,0.9880,125
1629463690,Andrew,Yang,MD,orthopedics,Fort Lee,NJ,07024,40.850640,-73.971007,5,82.13,0.7216,66
1629480033,Marija,Tusheva,MD,primary-care,Atlantic City,NJ,08401,39.377337,-74.451070,16,,0.5771,431
1629487707,Tawfiq,Karadsheh,MD,primary-care,Paterson,NJ,07503,40.897548,-74.154121,13,,0.6795,230
1629496195,Muhammad,Younus,MD,primary-care,Pennington,NJ,08534,40.329422,-74.792789,17,,0.6925,502
1629531165,Valentina,Pecoraro,MD,primary-care,Brick,NJ,08724,40.091032,-74.114395,8,96.09,0.5976,415
1629539762,Joseph,Heaton,MD,primary-care,Brick,NJ,08723,40.038584,-74.111600,7,96.09,0.7487,290
1629565056,Mihir,Patel,MD,primary-care,Jackson,NJ,08527,40.108665,-74.358602,10,96.09,1.0491,350
1629573845,Jonathan,Golani,MD,primary-care,Glen Ridge,NJ,07028,40.804798,-74.204569,8,,0.8881,216
1629573985,Mary,Lare,DO,primary-care,Livingston,NJ,07039,40.785828,-74.329100,8,,0.6811,162
1629574058,Jesse,Abend,DO,primary-care,Rockaway,NJ,07866,40.954988,-74.488031,8,,2.0756,69
1629575543,Elsa,Sleiman,MD,cardiology,Galloway,NJ,08205,39.482000,-74.452637,10,93.34,0.8851,267
1629607643,Mihir,Odak,MD,primary-care,Haddon Heights,NJ,08035,39.879127,-75.065918,6,90.34,0.4828,24
1629633649,Sohail,Chaudhry,MD,primary-care,Westwood,NJ,07675,41.003484,-74.001753,7,,1.1290,485
1639100233,Neil,Kothari,MD,primary-care,Newark,NJ,07103,40.738852,-74.195264,26,,1.2039,14
1639102627,Shashi,Raja,MD,primary-care,Morristown,NJ,07960,40.779235,-74.502462,33,,0.9536,615
1639105331,Carmen,Garcia,MD,dermatology,Paramus,NJ,07652,40.947299,-74.070169,49,90.76,0.5172,700
1639112501,Michael,Basista,MD,primary-care,Clifton,NJ,07013,40.869405,-74.173062,49,,0.6546,174
1639114614,Attila,Farkas,MD,primary-care,Chatham,NJ,07928,40.724971,-74.415086,27,90.07,3.4156,347
1639116395,Teresa,Schaer,MD,primary-care,Dayton,NJ,08810,40.368285,-74.490999,45,,1.1183,134
1639116569,Nicholas,Palladino,MD,primary-care,Berlin,NJ,08009,39.760656,-74.932860,41,,2.5355,931
1639116973,Edgar,Bigornia,MD,gastroenterology,Toms River,NJ,08755,40.008534,-74.221768,39,98.3,0.9986,614
1639120462,Jeffrey,Ranalli,DO,primary-care,Medford,NJ,08055,39.862695,-74.822311,32,93.28,3.3955,202
1639124399,Stanley,Zimmerman,MD,primary-care,Warren,NJ,07059,40.634588,-74.519044,51,98.51,1.0048,221
1639140841,Daniel,Mulholland,MD,orthopedics,Red Bank,NJ,07701,40.360509,-74.078952,39,69.28,0.7261,812
1639143951,Matt,Bach,MD,cardiology,Eatontown,NJ,07724,40.298625,-74.074178,42,82.83,1.1657,1668
1639144132,Kevin,Aurori,MD,orthopedics,Morristown,NJ,07960,40.779235,-74.502462,47,,0.3288,14
1639147325,Steven,Welish,MD,cardiology,Teaneck,NJ,07666,40.890317,-74.011478,40,,1.3745,821
1639148927,Richard,Solomon,MD,primary-care,Millburn,NJ,07041,40.722433,-74.301561,42,,1.3174,213
1639149495,Parveen,Verma,MD,endocrinology,Cherry Hill,NJ,08034,39.906100,-75.000375,27,81.15,0.8614,302
1639150840,Austin,Pattner,MD,primary-care,Englewood,NJ,07631,40.891197,-73.972515,60,96.09,1.9459,125
1639157068,Gerard,Ventrella,MD,primary-care,Elmer,NJ,08318,39.557653,-75.177717,37,,1.0170,490
1639159742,Nadine,Rosenthal,MD,primary-care,Voorhees,NJ,08043,39.848570,-74.952843,36,,0.4709,425
1639164486,Saquiba,Syed,MD,primary-care,Jersey City,NJ,07306,40.736294,-74.071128,30,96.09,1.8505,111
1639166101,Julianne,Childs,DO,oncology,Marmora,NJ,08223,39.269520,-74.657118,40,87.91,7.4439,698
1639171457,Asad,Cheema,MD,cardiology,Glen Ridge,NJ,07028,40.804798,-74.204569,29,96.09,2.2166,774
1639173008,Mitchell,Mayer,DO,primary-care,Iselin,NJ,08830,40.570142,-74.316371,41,,0.6255,501
1639174048,Mark,Hoffman,MD,primary-care,Lyndhurst,NJ,07071,40.797113,-74.112980,43,,1.1273,91
1639174394,Shobana,Natarajan,MD,primary-care,Edison,NJ,08820,40.576806,-74.365750,37,,2.3869,143
1639179252,Robert,Meirowitz,MD,gastroenterology,Princeton,NJ,08540,40.364728,-74.656314,42,98.3,0.9143,670
1639186158,John,Eck,MD,primary-care,Piscataway,NJ,08854,40.539658,-74.462791,46,,0.7825,173
1639196256,Rengaswamy,Asokan,MD,primary-care,Newfoundland,NJ,07435,41.040778,-74.441910,48,,2.2959,283
1639197239,Joseph,Hickey,MD,primary-care,Bayonne,NJ,07002,40.662495,-74.110201,41,,0.6224,547
1639197437,Harmeet,Singh,MD,primary-care,Paramus,NJ,07652,40.947299,-74.070169,45,96.09,2.7431,466
1639201510,Jean Robert,Darbouze,MD,primary-care,Jersey City,NJ,07305,40.693004,-74.069650,51,,2.3565,44
1639227804,Mauro,Mecca,MD,primary-care,Lodi,NJ,07644,40.877915,-74.082500,50,,0.7676,95
1639230840,Annette,Cozzarelli-Franklin,MD,primary-care,Hamilton,NJ,08690,40.225833,-74.660096,40,98.51,1.2308,168
1639242852,Prabhaker,Patel,MD,psychiatry,Turnersville,NJ,08012,39.783815,-75.056068,48,,0.7504,165
1639245343,William,Strazzella,MD,pulmonology,Toms River,NJ,08755,40.008534,-74.221768,43,23.07,1.2789,634
1639256696,Jay,Patel,MD,primary-care,Marlton,NJ,08053,39.856677,-74.900810,26,75,1.1317,442
1639257934,Sakina,Gunja,MD,psychiatry,Piscataway,NJ,08854,40.539658,-74.462791,45,,1.9605,18
1639262975,Maria,Ongsiako,MD,psychiatry,Manalapan,NJ,07726,40.286506,-74.342547,44,,1.5257,139
1639264393,Joseph,Porter,MD,primary-care,Clifton,NJ,07013,40.869405,-74.173062,43,,1.1222,96
1639266729,Kanan,Shridharani,MD,primary-care,Berkeley Heights,NJ,07922,40.676590,-74.427022,35,,1.3490,194
1639274061,David,Kirschenbaum,MD,orthopedics,East Brunswick,NJ,08816,40.429119,-74.416287,40,,0.4888,191
1639290646,Nahla,Mahgoub,MD,psychiatry,Perth Amboy,NJ,08861,40.520494,-74.272943,35,,0.8319,21
1639293103,Traian,Zisu,MD,psychiatry,Ridgewood,NJ,07450,40.981591,-74.113506,36,18.53,3.6265,330
1639293244,Kevin,Bell,MD,primary-care,Warren,NJ,07059,40.634588,-74.519044,51,24.3,1.4560,313
1639295686,Omid,Dardashti,MD,cardiology,Hoboken,NJ,07030,40.745251,-74.027926,25,95.05,1.2786,1043
1639307945,Vladislav,Zelondzhev,DO,psychiatry,Manalapan,NJ,07726,40.286506,-74.342547,18,,1.3486,126
1639330012,Dharmesh,Kaswala,MD,primary-care,Long Branch,NJ,07740,40.295372,-73.989899,23,98.3,0.8448,406
1639331861,Susanthi,Gunadasa,MD,primary-care,Hackensack,NJ,07601,40.889398,-74.045698,21,,2.2869,385
1639336175,Gillian,Boyd Woschinko,MD,endocrinology,Glen Ridge,NJ,07028,40.804798,-74.204569,19,96.09,1.0672,458
1639337884,Jason,Schneidkraut,MD,orthopedics,Wayne,NJ,07470,40.945855,-74.245077,20,,1.4702,106
1639338205,Harris,Tesher,MD,pulmonology,Englewood,NJ,07631,40.891197,-73.972515,19,,1.0741,644
1639338783,Oren,Bernheim,MD,gastroenterology,Wayne,NJ,07470,40.945855,-74.245077,18,89.98,1.3543,395
1639345333,Haralabos,Zacharatos,DO,neurology,Edison,NJ,08820,40.576806,-74.365750,21,81.33,3.0915,105
1639349939,Anubha,Sinha,MD,pulmonology,Perth Amboy,NJ,08861,40.520494,-74.272943,25,,2.2073,134
1639357163,Frances,Russo,DO,primary-care,Lambertville,NJ,08530,40.370020,-74.910161,28,,2.0756,175
1639376361,Priya,Angi,MD,primary-care,Long Branch,NJ,07740,40.295372,-73.989899,33,,0.8833,379
1639377229,Mohammed,Niazi,MD,psychiatry,Paramus,NJ,07652,40.947299,-74.070169,29,,1.3218,109
1639377914,John,Rajapakse,MD,primary-care,Perth Amboy,NJ,08861,40.520494,-74.272943,23,95.09,1.5501,136
1639389315,Douglas,Weinstein,MD,gastroenterology,Neptune,NJ,07753,40.210761,-74.074499,21,96.91,1.0722,209
1639401250,Michael,Alapatt,MD,orthopedics,Chatham,NJ,07928,40.724971,-74.415086,20,70.01,0.5414,383
1639425754,Bryan,Davis,DO,endocrinology,Sewell,NJ,08080,39.757353,-75.122043,14,,1.5994,354
1639451214,Ajay,Lall,MD,orthopedics,Paramus,NJ,07652,40.947299,-74.070169,15,,0.9509,91
1639463730,Anthony,Morelli,DO,primary-care,Tinton Falls,NJ,07724,40.298625,-74.074178,15,,1.8586,214
1639466634,Ankur,Modi,MD,endocrinology,Berkeley Heights,NJ,07922,40.676590,-74.427022,18,,1.1470,1152
1639469794,Matthew,Kutner,DO,gastroenterology,Hackensack,NJ,07601,40.889398,-74.045698,15,88.51,1.3440,634
1639482581,Raimonda,Goldman,DO,oncology,Teaneck,NJ,07666,40.890317,-74.011478,22,,0.4249,298
1639498249,Dana,Schonberg,MD,primary-care,Berkeley Heights,NJ,07922,40.676590,-74.427022,19,,1.2114,85
1639507510,Johnathan Val,Fagel,DO,primary-care,Cherry Hill,NJ,08002,39.934605,-75.025389,14,,0.4157,282
1639513187,Meena,Azeem,MD,primary-care,New Brunswick,NJ,08901,40.483638,-74.442460,17,88.4,0.6073,67
1639533276,Usman,Ahmed,MD,psychiatry,Hackensack,NJ,07601,40.889398,-74.045698,26,98.51,0.4069,257
1639539109,Nihit,Shah,MD,gastroenterology,Cherry Hill,NJ,08003,39.885852,-74.971145,11,81.15,0.9645,392
1639559438,Mohammad,Hossain,MD,primary-care,Neptune,NJ,07753,40.210761,-74.074499,24,96.09,0.8254,138
1639580475,Vignesh,Raghunath,MD,cardiology,Morristown,NJ,07960,40.779235,-74.502462,12,,0.9175,696
1639583990,Craig,Bober,DO,primary-care,Mullica Hill,NJ,08062,39.716095,-75.219267,12,,1.2266,690
1639589666,Adonis,Cheng,DO,primary-care,Morristown,NJ,07960,40.779235,-74.502462,8,,0.7494,130
1639597370,Jason,Li,DO,primary-care,Morristown,NJ,07960,40.779235,-74.502462,12,51.39,3.6532,479
1639602196,Joseph,Ippolito,MD,orthopedics,Newark,NJ,07103,40.738852,-74.195264,9,,0.9922,98
1639602576,Zachary,Klock,MD,primary-care,Camden,NJ,08103,39.935202,-75.112703,9,,0.8122,116
1639604648,Saad,Shahzad,MD,primary-care,Old Bridge,NJ,08857,40.392789,-74.330397,9,,0.5204,525
1639605041,Michel,Terzibachi,MD,primary-care,Paramus,NJ,07652,40.947299,-74.070169,15,95.05,1.2363,597
1639607823,Mark,Sunga,DO,primary-care,Camden,NJ,08103,39.935202,-75.112703,9,81.15,0.5445,512
1639639487,Carolyn,Kushner,MD,dermatology,Short Hills,NJ,07078,40.742264,-74.327574,7,96.62,1.0984,88
1639661762,Mohamed,Albana,DO,orthopedics,Vineland,NJ,08360,39.492354,-75.003447,8,,1.1033,91
1639664584,Jessica,Richmond,MD,primary-care,Collingswood,NJ,08108,39.915048,-75.062244,8,99.52,0.6862,128
1639666001,Niral,Patel,MD,primary-care,Marlton,NJ,08053,39.856677,-74.900810,8,81.15,0.3415,319
1639668155,Alexa,Yuen,MD,endocrinology,Berkeley Heights,NJ,07922,40.676590,-74.427022,8,,1.1537,190
1639673239,Myladis,Reyes,MD,primary-care,Ramsey,NJ,07446,41.059136,-74.145931,8,,0.8183,286
1639691975,Fariha,Saleem,MD,primary-care,Robbinsville,NJ,08691,40.208319,-74.600928,9,,0.7502,159
1639707433,Aleena,Nazeef,MD,primary-care,Pennington,NJ,08534,40.329422,-74.792789,10,,0.6087,226
1639708498,Emmanuel,Amofah,DO,primary-care,Mullica Hill,NJ,08062,39.716095,-75.219267,6,,0.8330,164
1639794530,Kang,Han,DO,primary-care,Voorhees,NJ,08043,39.848570,-74.952843,6,99.52,0.8688,159
1639799075,Kevin,Chen,MD,primary-care,Old Bridge,NJ,08857,40.392789,-74.330397,6,,0.9548,324
1649202193,Yoram,Sharon,MD,primary-care,Green Brook,NJ,08812,40.598731,-74.478793,30,,0.8828,673
1649203530,Natarajan,Elangovan,MD,psychiatry,West Orange,NJ,07052,40.785755,-74.265058,43,19.1,3.3104,272
1649210345,Grishma,Parikh,MD,endocrinology,Edgewater,NJ,07020,40.824650,-73.973793,27,,1.6657,136
1649211921,Indu,Sabnani,MD,oncology,Maplewood,NJ,07040,40.733607,-74.271159,46,,12.3232,151
1649215989,Muhammad,Mustafa,MD,cardiology,Trenton,NJ,08638,40.254018,-74.763385,32,23.94,4.3488,318
1649218421,Dennis,Digiacomo,MD,primary-care,Newark,NJ,07106,40.741768,-74.230452,48,,5.2620,64
1649219478,Armando,Montiel,MD,primary-care,Audubon,NJ,08106,39.890992,-75.073329,51,,0.7553,44
1649225236,Arturo,Marrero-Figarella,MD,psychiatry,Paramus,NJ,07652,40.947299,-74.070169,45,,0.4089,109
1649227174,Gary,Karakashian,MD,dermatology,West Long Branch,NJ,07764,40.287904,-74.020019,42,,4.2137,464
1649228248,Dahlia,Irby,MD,neurology,Cherry Hill,NJ,08002,39.934605,-75.025389,29,,0.6013,289
1649230673,Mark,Pressman,MD,orthopedics,Princeton,NJ,08540,40.364728,-74.656314,39,75,1.5214,528
1649233347,Catherine,Schiano,DO,primary-care,East Brunswick,NJ,08816,40.429119,-74.416287,39,,1.2632,82
1649238106,Bernard,Davidoff,MD,primary-care,Morristown,NJ,07960,40.779235,-74.502462,53,,0.6799,94
1649244732,Derek,Santiago,MD,cardiology,Morristown,NJ,07960,40.779235,-74.502462,43,,1.0809,816
1649248634,William,Gomez,MD,orthopedics,Bordentown,NJ,08505,40.135589,-74.707255,44,92.57,0.8983,298
1649249509,Amal,Al-Shrouf,MD,pulmonology,Fair Lawn,NJ,07410,40.935830,-74.117505,35,96.09,2.0816,75
1649249582,Tonel,Leibu,MD,primary-care,Paramus,NJ,07652,40.947299,-74.070169,42,16.79,2.3204,369
1649249715,Oliver,Felibrico,MD,primary-care,Howell,NJ,07731,40.149537,-74.203987,44,96.09,1.2329,310
1649250846,Melissa,Roesly,MD,primary-care,Medford,NJ,08055,39.862695,-74.822311,32,,0.7203,274
1649253998,Saddad,Toor,MD,cardiology,Wayne,NJ,07470,40.945855,-74.245077,23,,0.5366,2721
1649259250,Arnold,Bacarro,MD,primary-care,Mays Landing,NJ,08330,39.469094,-74.746992,32,,1.1612,724
1649259383,Lian Jie,Li,MD,dermatology,Phillipsburg,NJ,08865,40.708226,-75.147073,39,75,2.1021,1669
1649267204,Jennifer,Horn,MD,primary-care,Newton,NJ,07860,41.057287,-74.802737,38,,1.0223,293
1649267881,Gregory,Stiefel,MD,primary-care,Mullica Hill,NJ,08062,39.716095,-75.219267,29,,1.5460,441
1649270976,Saad,Habba,MD,gastroenterology,Summit,NJ,07901,40.714923,-74.366372,42,,1.4335,180
1649282658,Michael,Nillas,MD,cardiology,Camden,NJ,08103,39.935202,-75.112703,26,91.83,0.5296,1358
1649284639,Peter,Bolo,MD,psychiatry,Morristown,NJ,07960,40.779235,-74.502462,41,,1.9415,51
1649289364,Jennifer,Wagmiller,MD,oncology,Livingston,NJ,07039,40.785828,-74.329100,26,98.51,0.6879,328
1649290453,Steven,Cohn,MD,cardiology,Haddon Heights,NJ,08035,39.879127,-75.065918,44,90.34,2.8660,2069
1649296310,Anthony,Carlino,MD,primary-care,West Orange,NJ,07052,40.785755,-74.265058,26,98.51,0.8428,165
1649297110,Thomas,Schwartzer,MD,primary-care,Somerset,NJ,08873,40.499667,-74.531844,33,,1.0510,569
1649326463,Neha,Vagadia,DO,pulmonology,Marlton,NJ,08053,39.856677,-74.900810,22,81.15,0.9816,572
1649327826,Nilesh,Patel,MD,orthopedics,Edison,NJ,08837,40.514281,-74.343859,29,36.72,1.0070,352
1649330580,Brian,Vannozzi,MD,orthopedics,Princeton,NJ,08540,40.364728,-74.656314,23,,2.0547,1007
1649336264,Mir,Ahmad,MD,primary-care,Somerset,NJ,08873,40.499667,-74.531844,39,79.34,2.3946,304
1649337296,Nitin,Parikh,MD,primary-care,Jersey City,NJ,07307,40.751842,-74.053976,47,,3.1628,89
1649338971,Dennis,Bernardo,MD,primary-care,Ramsey,NJ,07446,41.059136,-74.145931,39,,0.5614,224
1649342627,William,Kasumi,MD,primary-care,Hackensack,NJ,07601,40.889398,-74.045698,30,,1.1811,54
1649343492,William,Reed,DO,cardiology,Manahawkin,NJ,08050,39.712132,-74.231888,37,81.33,0.3863,1468
1649347345,Michael,Krachman,MD,gastroenterology,Somers Point,NJ,08244,39.315511,-74.598278,39,98.3,1.0347,860
1649347444,Kenneth,Schwab,MD,gastroenterology,Somers Point,NJ,08244,39.315511,-74.598278,39,98.3,0.8990,940
1649347964,Robert,Gajdos,MD,primary-care,Clifton,NJ,07013,40.869405,-74.173062,41,,1.3837,424
1649352857,Kalpana,Cheeti,MD,primary-care,Hackensack,NJ,07601,40.889398,-74.045698,30,,0.7919,358
1649354119,Lorraine,Lira,MD,neurology,Westwood,NJ,07675,41.003484,-74.001753,37,81.36,1.4098,281
1649357633,Rajendra,Patel,MD,cardiology,Edison,NJ,08820,40.576806,-74.365750,39,,2.1081,562
1649362377,Elaine,Vellas,MD,primary-care,Lyndhurst,NJ,07071,40.797113,-74.112980,45,,1.1278,171
1649363409,Anju,Nayar,MD,psychiatry,Cherry Hill,NJ,08034,39.906100,-75.000375,48,,1.6875,72
1649366089,Joseph,Donnellan,MD,psychiatry,Hillsborough,NJ,08844,40.497692,-74.670505,40,,1.7879,156
1649366832,Damanjit,Ghuman,MD,oncology,Jersey City,NJ,07306,40.736294,-74.071128,26,93.84,6.6120,801
1649381310,Mathias,Zemel,MD,dermatology,Paterson,NJ,07514,40.924786,-74.144542,46,,0.6355,56
1649405275,Tanganyika,Barnes,DO,primary-care,Englewood,NJ,07631,40.891197,-73.972515,17,96.09,0.9241,89
1649408956,Manoj,Puthiyathu,MD,psychiatry,Paramus,NJ,07652,40.947299,-74.070169,29,,1.7760,56
1649417437,Karleung,Siu,MD,oncology,Livingston,NJ,07039,40.785828,-74.329100,21,,1.9341,393
1649425083,Jose,Andrade,MD,primary-care,Red Bank,NJ,07701,40.360509,-74.078952,21,85,0.8887,489
1649429739,Shiri,Segal,MD,primary-care,Paramus,NJ,07652,40.947299,-74.070169,21,,0.6205,16
1649430109,Bryan,Barrett,DO,primary-care,Egg Harbor Township,NJ,08234,39.388393,-74.620728,19,,0.3551,606
1649432261,Michael,Benke,MD,orthopedics,Berkeley Heights,NJ,07922,40.676590,-74.427022,19,,1.3526,521
1649434333,Vijay,Balakrishnan,MD,endocrinology,Northfield,NJ,08225,39.358340,-74.536312,12,86.93,0.8319,504
1649434366,Jisun,Choe,MD,primary-care,Cherry Hill,NJ,08002,39.934605,-75.025389,22,,0.9739,292
1649436973,Michael,Rotkowitz,MD,oncology,Sewell,NJ,08080,39.757353,-75.122043,20,,0.4584,329
1649437690,Brian,Corbett,DO,primary-care,Camden,NJ,08103,39.935202,-75.112703,22,,0.7972,627
1649447269,Richard,Andraws,MD,cardiology,South Plainfield,NJ,07080,40.574413,-74.414800,24,,0.6500,770
1649450990,Pamela,Grover,MD,primary-care,Maplewood,NJ,07040,40.733607,-74.271159,22,,1.7621,83
1649469321,Behzad,Ahkami,MD,psychiatry,Wayne,NJ,07470,40.945855,-74.245077,57,,2.5750,72
1649476946,Sonali,Maniar,MD,primary-care,Denville,NJ,07834,40.886460,-74.487584,30,,0.7120,575
1649499336,Anupama,Doraiswamy,MD,oncology,Montvale,NJ,07645,41.054594,-74.047298,29,82.85,0.6672,69
1649506932,Chintan,Modi,MD,gastroenterology,Edison,NJ,08820,40.576806,-74.365750,23,,1.9241,720
1649509126,Shari,Sperling,DO,dermatology,Florham Park,NJ,07932,40.777461,-74.392845,21,,1.0275,176
1649513474,Breehan,Chancellor,MD,neurology,Paterson,NJ,07503,40.897548,-74.154121,17,,3.0822,105
1649533696,Malathi,Pilla,MD,psychiatry,Princeton Junction,NJ,08550,40.279953,-74.622116,10,,1.2967,13
1649538141,Danhua,Xiao,MD,primary-care,Summit,NJ,07901,40.714923,-74.366372,29,,1.0491,92
1649539180,Vishwala,Kasbekar,MD,primary-care,Morristown,NJ,07960,40.779235,-74.502462,15,,0.5280,196
1649541863,Jessica,Yang,MD,oncology,Basking Ridge,NJ,07920,40.682268,-74.554143,13,81.57,0.8101,170
1649558586,Tiffany,Pompa,MD,oncology,Toms River,NJ,08755,40.008534,-74.221768,15,99.06,0.7463,596
1649562380,Anupama,Bhatt,MD,cardiology,West Orange,NJ,07052,40.785755,-74.265058,15,98.51,0.7299,1394
1649577495,Vanessa,Abrina,MD,primary-care,Keansburg,NJ,07734,40.444152,-74.136812,19,,0.9624,306
1649602509,Hyun,Bae,MD,primary-care,Pennington,NJ,08534,40.329422,-74.792789,14,,0.5051,166
1649610965,David,Fridman,MD,cardiology,Cliffside Park,NJ,07010,40.822052,-73.987938,13,,1.7861,1116
1649615626,Sean,Wilkinson,DO,orthopedics,Newton,NJ,07860,41.057287,-74.802737,13,78.05,1.0008,584
1649633876,Leonid,Kapulsky,MD,psychiatry,Wayne,NJ,07470,40.945855,-74.245077,10,,1.6172,57
1649634908,Gerald,Andah,MD,orthopedics,Franklin Lakes,NJ,07417,41.007526,-74.205653,10,75,1.6330,369
1649664889,Wanshu,Di,MD,neurology,Camden,NJ,08103,39.935202,-75.112703,11,,0.3840,315
1649684556,James,Sweeney,MD,cardiology,Eatontown,NJ,07724,40.298625,-74.074178,19,82.83,0.8713,1475
1649688615,Sharon,Lawrence,MD,primary-care,North Arlington,NJ,07031,40.786256,-74.126220,12,81.33,1.3393,103
1649699034,Said,Ashraf,MD,primary-care,Galloway,NJ,08205,39.482000,-74.452637,16,,1.5404,309
1649699547,Christopher,Noel,MD,primary-care,Camden,NJ,08103,39.935202,-75.112703,12,,0.9355,266
1649702994,Karambir,Khangoora,MD,primary-care,Trenton,NJ,08638,40.254018,-74.763385,9,,0.9118,300
1649716689,Hyon,Kim,MD,endocrinology,New Brunswick,NJ,08901,40.483638,-74.442460,10,88.4,0.8228,146
1649731597,Do Yun,Kim,DO,primary-care,Newton,NJ,07860,41.057287,-74.802737,7,,0.8544,478
1649764580,Rajkishen,Narayanan,MD,orthopedics,Camden,NJ,08103,39.935202,-75.112703,8,,0.8284,25
1649775958,Christina,Pindar,MD,primary-care,Morristown,NJ,07960,40.779235,-74.502462,8,,0.6507,81
1649807587,Donna,Zarandi,MD,primary-care,Englewood,NJ,07631,40.891197,-73.972515,7,,1.0472,399
1649822081,Raahi,Upadhyay,MD,primary-care,New Brunswick,NJ,08901,40.483638,-74.442460,7,87.07,1.2059,149
1649844697,Kristy,Hou,MD,primary-care,Bordentown,NJ,08505,40.135589,-74.707255,5,81.15,0.5222,39
1649867979,Sung-Han,Yoon,MD,cardiology,Hackensack,NJ,07601,40.889398,-74.045698,22,81.33,2.0861,138
1649895582,Raqiya,Shoaib,DO,primary-care,Turnersville,NJ,08012,39.783815,-75.056068,6,,0.5875,313
1659301836,Natalie,Tsigonis,DO,primary-care,Stratford,NJ,08084,39.828990,-75.015536,34,,0.9805,206
1659302941,Jeanne,Ferrante,MD,primary-care,New Brunswick,NJ,08901,40.483638,-74.442460,39,,0.5462,21
1659306835,Chitharanjan,Rao,MD,neurology,Pompton Plains,NJ,07444,40.967407,-74.306967,40,,0.8515,304
1659307510,Cecilia,Celestino,MD,primary-care,Clinton,NJ,08809,40.646036,-74.924609,36,,0.7588,167
1659307643,Jennifer,Neumann,MD,primary-care,Hillsborough,NJ,08844,40.497692,-74.670505,20,,0.6156,319
1659308310,Richard,Boiardo,MD,orthopedics,West Orange,NJ,07052,40.785755,-74.265058,47,,1.4207,135
1659309227,Ramamurthy,Bangalore,MD,pulmonology,Edison,NJ,08820,40.576806,-74.365750,49,98.72,1.5913,186
1659312098,Samuel,Mallouhi,MD,primary-care,Woodland Park,NJ,07424,40.882319,-74.205876,45,,2.0624,232
1659313005,Joseph,Sireci,DO,primary-care,Haddonfield,NJ,08033,39.892421,-75.036651,28,,1.1677,268
1659318483,Rafael,Lucila,MD,primary-care,Clifton,NJ,07012,40.846899,-74.160537,41,,1.0413,216
1659322204,Pranaychandra,Vaidya,MD,cardiology,Hackensack,NJ,07601,40.889398,-74.045698,54,81.33,0.4300,839
1659327211,Robin,Levin,MD,dermatology,Mount Laurel,NJ,08054,39.948992,-74.900247,30,96.55,0.7591,342
1659327898,Sripad,Dhawlikar,MD,orthopedics,Toms River,NJ,08755,40.008534,-74.221768,43,75,2.1443,852
1659327922,Niraj,Patel,MD,primary-care,Berkeley Heights,NJ,07922,40.676590,-74.427022,28,,1.0956,322
1659328987,Aloysius,Onwuka,MD,primary-care,Villas,NJ,08251,39.028823,-74.928921,45,,1.4092,823
1659330629,Sudha,Garla,MD,primary-care,Ocean,NJ,07712,40.246895,-74.054502,36,,2.3657,112
1659331221,Harold,Kim,MD,cardiology,Berkeley Heights,NJ,07922,40.676590,-74.427022,28,,0.9002,1335
1659332591,John,Nasr,MD,neurology,Ridgewood,NJ,07450,40.981591,-74.113506,31,95.05,1.4234,779
1659339133,Scott,Modena,MD,gastroenterology,Medford,NJ,08055,39.862695,-74.822311,27,81.15,0.9199,385
1659340107,Enrico,Orlandoni,DO,primary-care,Lake Hopatcong,NJ,07849,40.964142,-74.612574,31,,1.1307,428
1659341923,Christopher,Colopinto,DO,primary-care,Camden,NJ,08103,39.935202,-75.112703,48,,1.3197,494
1659346203,Arnold,Alday,MD,primary-care,Clifton,NJ,07011,40.880427,-74.143246,34,,1.5567,173
1659348142,Kishwar,Shareef,MD,primary-care,Randolph,NJ,07869,40.841640,-74.578522,35,,2.2148,536
1659350882,Maurice,Weiss,MD,cardiology,Neptune,NJ,07753,40.210761,-74.074499,38,86.51,2.9597,1469
1659352292,David,Kaufman,MD,primary-care,Camden,NJ,08103,39.935202,-75.112703,52,91.83,0.6870,58
1659355832,Harold,Cotler,DO,primary-care,Wall Township,NJ,07719,40.168908,-74.073226,47,,1.4160,781
1659359263,John,Kim,MD,primary-care,Fort Lee,NJ,07024,40.850640,-73.971007,37,,0.9658,144
1659361079,Bert,Bieler,MD,endocrinology,Camden,NJ,08103,39.935202,-75.112703,24,91.83,0.7767,417
1659366904,Jeffrey,Smith,DO,primary-care,Haskell,NJ,07420,41.029333,-74.302841,24,23.33,1.1519,277
1659367100,Matthew,Garberina,MD,orthopedics,Berkeley Heights,NJ,07922,40.676590,-74.427022,29,,0.8971,478
1659372829,Deepak,Amin,MD,primary-care,Union City,NJ,07087,40.767224,-74.032429,37,75,3.4376,599
1659373421,Erwin,Oei,MD,pulmonology,Rockaway,NJ,07866,40.954988,-74.488031,34,,0.8123,1000
1659373439,Frederick,Potulski,MD,pulmonology,Manasquan,NJ,08736,40.120018,-74.053257,47,75,0.8450,553
1659376713,Peter,Orlic,MD,primary-care,Pompton Plains,NJ,07444,40.967407,-74.306967,37,,0.9905,847
1659379865,Gerardo,Estevez,MD,primary-care,Edison,NJ,08837,40.514281,-74.343859,39,,0.7210,312
1659382349,Anthony,Kyreakakis,MD,cardiology,Hoboken,NJ,07030,40.745251,-74.027926,47,,0.9314,109
1659382604,Ibrahim,Moussa,DO,cardiology,Cherry Hill,NJ,08034,39.906100,-75.000375,23,81.15,2.2436,477
1659383651,Geeta,Gupta,MD,primary-care,Lakewood,NJ,08701,40.077069,-74.198510,46,88.22,1.9119,44
1659385615,Scott,Kindsfather,MD,oncology,Pennington,NJ,08534,40.329422,-74.792789,37,96.91,0.6008,261
1659387264,Mihir,Maniar,MD,primary-care,West Long Branch,NJ,07764,40.287904,-74.020019,32,96.09,0.9986,583
1659388858,Lisa,Jordan-Scalia,DO,primary-care,Raritan,NJ,08869,40.571344,-74.646026,29,,0.8363,470
1659390193,Lynne,Kossow,MD,primary-care,Princeton,NJ,08540,40.364728,-74.656314,38,,1.4934,152
1659390789,Chad,Richmond,DO,primary-care,Glassboro,NJ,08028,39.692129,-75.124675,28,,0.4820,323
1659396653,Sara,Thomas,MD,psychiatry,Lakewood,NJ,08701,40.077069,-74.198510,48,,2.0869,17
1659397610,George,Witmer,MD,primary-care,Camden,NJ,08103,39.935202,-75.112703,26,,1.1490,398
1659401636,Tobi,Ippolito,MD,primary-care,Kearny,NJ,07032,40.752332,-74.123093,30,,1.4502,502
1659425148,Christopher,Janson,MD,neurology,Stratford,NJ,08084,39.828990,-75.015536,25,,0.5043,330
1659431195,Anthony,Pastena,DO,primary-care,Berkeley Heights,NJ,07922,40.676590,-74.427022,29,,1.5795,311
1659438943,Carmen,Tadros,MD,primary-care,Somerset,NJ,08873,40.499667,-74.531844,31,,1.0504,177
1659446607,John,Catalano,MD,orthopedics,Vineland,NJ,08360,39.492354,-75.003447,38,3,0.9769,677
1659460509,Sangeeta,Buddala,MD,primary-care,New Lisbon,NJ,08064,39.937350,-74.616269,25,,1.2009,103
1659469005,Pacifico,Magahis,MD,gastroenterology,Brick,NJ,08724,40.091032,-74.114395,33,98.3,1.0010,966
1659471720,John,Morton,MD,gastroenterology,Morristown,NJ,07960,40.779235,-74.502462,30,98.51,0.7938,492
1659473239,Kenneth,Goldstein,MD,primary-care,Mount Laurel,NJ,08054,39.948992,-74.900247,40,,1.4091,315
1659478212,Ronaldo,Deguzman,DO,primary-care,Marlton,NJ,08053,39.856677,-74.900810,32,,1.1543,384
1659488138,Arnaldo,Negron,MD,psychiatry,Skillman,NJ,08558,40.413411,-74.703745,36,,2.0791,73
1659508687,Kannan,Sivaraju,MD,primary-care,Verona,NJ,07044,40.832468,-74.242863,29,,2.0792,199
1659516813,James,Orsini,MD,oncology,Belleville,NJ,07109,40.793481,-74.161159,18,80.53,8.4166,549
1659519346,Patricia,Thomas,DO,primary-care,Glassboro,NJ,08028,39.692129,-75.124675,18,,0.3786,221
1659530608,Elan,Diamond,MD,oncology,Berkeley Heights,NJ,07922,40.676590,-74.427022,18,,12.8777,540
1659539443,Alexis,Young,MD,dermatology,Brick,NJ,08723,40.038584,-74.111600,19,96.09,0.6292,886
1659539633,Holger,Armas,MD,primary-care,Union City,NJ,07087,40.767224,-74.032429,35,,1.1748,48
1659542702,Aamir,Zaman,MD,primary-care,Rutherford,NJ,07070,40.820314,-74.106041,42,100,7.5328,185
1659566628,Michael,Huang,DO,cardiology,Kendall Park,NJ,08824,40.420727,-74.553458,22,,0.2736,1649
1659568699,Shivangi,Patel,MD,primary-care,Rockaway,NJ,07866,40.954988,-74.488031,22,,1.3958,815
1659573525,Brian,Copeland,DO,gastroenterology,Cherry Hill,NJ,08003,39.885852,-74.971145,24,,0.7005,107
1659574770,Vasudha,Dhar,MD,gastroenterology,Princeton,NJ,08540,40.364728,-74.656314,30,98.3,1.2054,413
1659578664,John,Sotiriadis,MD,gastroenterology,Hoboken,NJ,07030,40.745251,-74.027926,22,75,1.6109,437
1659579274,Ramzan,Zakir,MD,cardiology,New Brunswick,NJ,08901,40.483638,-74.442460,25,,10.4912,842
1659599256,Mohammed,Saeed,MD,primary-care,Paramus,NJ,07652,40.947299,-74.070169,35,96.72,2.3796,684
1659601128,Yuriy,Ilkovych,MD,primary-care,Voorhees,NJ,08043,39.848570,-74.952843,21,,0.8133,443
1659636967,Laura,Dutu,MD,primary-care,Hackensack,NJ,07601,40.889398,-74.045698,21,,1.4060,132
1659637320,Reid,Collins,MD,primary-care,Lebanon,NJ,08833,40.645542,-74.816261,17,,0.7566,193
1659641983,Soofia,Kashif,MD,primary-care,Turnersville,NJ,08012,39.783815,-75.056068,25,,0.7202,154
1659651099,Jessica,Simon,MD,dermatology,East Windsor,NJ,08520,40.255800,-74.539882,16,100,0.9890,583
1659670123,Taral,Shah,MD,endocrinology,Little Egg Harbor Twp,NJ,08087,39.603959,-74.382181,19,,0.8720,317
1659685519,Amutha,Sornaraj,MD,primary-care,Hammonton,NJ,08037,39.631681,-74.773893,30,,0.9218,31
1659692887,Chibuzo,Emenari,MD,primary-care,Phillipsburg,NJ,08865,40.708226,-75.147073,17,97.13,0.4354,259
1659697167,Pawan,Arora,MD,primary-care,Marlton,NJ,08053,39.856677,-74.900810,20,,0.3978,125
1659697290,Haroon,Shahid,MD,gastroenterology,Neptune,NJ,07753,40.210761,-74.074499,16,,2.1757,201
1659712008,Tuan,Bui,MD,orthopedics,Somers Point,NJ,08244,39.315511,-74.598278,13,86.93,1.2144,376
1659721959,Alexa-Jade,Simeron,MD,primary-care,Hoboken,NJ,07030,40.745251,-74.027926,10,,1.4531,156
1659751659,Kai,Yan,MD,primary-care,Moorestown,NJ,08057,39.979658,-74.941308,23,,0.5461,273
1659761948,Ketankumar,Shah,MD,primary-care,Edison,NJ,08820,40.576806,-74.365750,16,97.8,0.8000,186
1659764025,Rachel,Masel-Miller,DO,primary-care,Haddonfield,NJ,08033,39.892421,-75.036651,11,99.52,1.1322,285
1659767838,Jonathan,Tiu,MD,neurology,Hackensack,NJ,07601,40.889398,-74.045698,11,84.2,1.5104,87
1659768588,Brenden,Brunner,MD,primary-care,Toms River,NJ,08755,40.008534,-74.221768,11,,1.9757,655
1659773141,Lakshmi Asritha,Gollapudi,MD,gastroenterology,Morristown,NJ,07960,40.779235,-74.502462,13,,0.4459,22
1659784072,Justin,Sciancalepore,DO,primary-care,Stratford,NJ,08084,39.828990,-75.015536,9,81.15,0.7953,306
1659784247,Mary,Nakhla,MD,primary-care,Eatontown,NJ,07724,40.298625,-74.074178,18,,0.8699,42
1659792802,Opal,Thakar,MD,primary-care,Eatontown,NJ,07724,40.298625,-74.074178,13,96.09,0.7246,248
1659802361,Imad,Harsouni,MD,primary-care,Cliffside Park,NJ,07010,40.822052,-73.987938,9,,0.3532,130
1659803278,Jocelyn,Abraham,MD,primary-care,Fort Lee,NJ,07024,40.850640,-73.971007,14,,0.4894,53
1659808392,Komal,Yadav,MD,primary-care,Montvale,NJ,07645,41.054594,-74.047298,9,,0.8585,244
1659808772,Gregory,Parker,MD,orthopedics,Tinton Falls,NJ,07724,40.298625,-74.074178,9,,0.8930,359
1659812642,Kristen,Patterson,DO,primary-care,Camden,NJ,08103,39.935202,-75.112703,9,99.52,1.0425,224
1659834745,Danielle,Lee,MD,neurology,Paramus,NJ,07652,40.947299,-74.070169,7,,0.7419,30
1659866523,Gabrielle,Hassinger,MD,primary-care,Camden,NJ,08103,39.935202,-75.112703,8,99.52,0.7636,210
1659989598,Meetali,Patel,DO,primary-care,Morganville,NJ,07751,40.359650,-74.261462,6,,0.5368,269
1669001426,Kevin,Vasquez,MD,primary-care,Lodi,NJ,07644,40.877915,-74.082500,7,96.09,0.8373,76
1669032090,Lindsay,Michel,DO,psychiatry,Camden,NJ,08103,39.935202,-75.112703,7,96.42,0.5199,53
1669032330,Irene,Pakos,DO,primary-care,Hackensack,NJ,07601,40.889398,-74.045698,7,81.33,0.8417,195
1669041570,Lilliam,Wong Ryan,MD,psychiatry,Hackensack,NJ,07601,40.889398,-74.045698,43,,3.0245,41
1669056297,Rija,Ahmad,MD,primary-care,Hamilton,NJ,08690,40.225833,-74.660096,7,,1.1217,138
1669400651,Carl,Costanza,MD,primary-care,Nutley,NJ,07110,40.820616,-74.156250,34,24.92,1.4677,397
1669401030,Neil Michael,Estrella,MD,primary-care,Garwood,NJ,07027,40.651331,-74.323152,25,98.51,2.0316,287
1669402152,Robert,Provencher,DO,primary-care,Clarksboro,NJ,08020,39.794221,-75.222232,41,24.12,2.2390,296
1669404000,Joseph,Liotta,MD,primary-care,Sparta,NJ,07871,41.046696,-74.627989,24,75,1.8811,435
1669412383,Eric,Martin,MD,orthopedics,Camden,NJ,08103,39.935202,-75.112703,30,87.1,0.7121,256
1669415410,Lisa,Hope,MD,primary-care,Cape May Court House,NJ,08210,39.119187,-74.823188,24,78.15,0.7181,718
1669417788,Joseph,Birnbaum,MD,endocrinology,Toms River,NJ,08753,39.979668,-74.150739,53,32.31,1.3086,984
1669433165,Brian,Vangrouw,DO,orthopedics,Fair Lawn,NJ,07410,40.935830,-74.117505,37,,1.2412,302
1669433819,Hugo,Lijtmaer,MD,neurology,Ridgewood,NJ,07450,40.981591,-74.113506,58,95.05,1.1351,302
1669440251,Paul,Andrews,MD,cardiology,Hackensack,NJ,07601,40.889398,-74.045698,32,81.33,0.5078,1722
1669441952,Brian,Kerr,MD,pulmonology,Toms River,NJ,08755,40.008534,-74.221768,43,75,1.1219,963
1669442935,Susan,Dick,MD,primary-care,Neptune,NJ,07753,40.210761,-74.074499,47,96.09,2.5736,199
1669447587,Jay,Friedman,MD,psychiatry,Tenafly,NJ,07670,40.918309,-73.950523,34,,3.3852,79
1669452553,Nabila,Gandhi,MD,primary-care,Edison,NJ,08820,40.576806,-74.365750,35,,2.3119,200
1669462636,Albert,Dow,MD,primary-care,Beverly,NJ,08010,40.053506,-74.918438,58,,12.5020,44
1669469581,Michael,Goldstein,MD,gastroenterology,Voorhees,NJ,08043,39.848570,-74.952843,48,81.15,1.9763,462
1669472213,Marc,Fisk,DO,cardiology,Livingston,NJ,07039,40.785828,-74.329100,34,98.51,0.8027,868
1669473328,Adam,Barrison,MD,gastroenterology,Berkeley Heights,NJ,07922,40.676590,-74.427022,31,,0.7689,196
1669473898,Richard,Lucanie,MD,primary-care,Ramsey,NJ,07446,41.059136,-74.145931,38,95.05,3.0923,491
1669475083,Paul,Kovatis,MD,orthopedics,Paramus,NJ,07652,40.947299,-74.070169,37,,0.4469,66
1669476073,Ted,Gutowski,MD,cardiology,Freehold,NJ,07728,40.225793,-74.285785,43,98.51,0.8891,1609
1669478483,Leslie,Cauvin,DO,primary-care,Toms River,NJ,08753,39.979668,-74.150739,31,,1.7919,928
1669482220,Joann,Gualberti,MD,primary-care,Colts Neck,NJ,07722,40.287799,-74.166807,29,96.09,1.1357,772
1669482428,John,Murphy,MD,primary-care,Hackettstown,NJ,07840,40.860045,-74.831795,29,,0.7034,348
1669485751,Julius,Mingroni,DO,primary-care,Berlin,NJ,08009,39.760656,-74.932860,52,,1.7327,78
1669488367,Melissa,Selke,MD,primary-care,Morristown,NJ,07960,40.779235,-74.502462,31,,1.6361,118
1669488375,Maria,Lugo,MD,primary-care,Pennington,NJ,08534,40.329422,-74.792789,27,96.91,1.1256,259
1669490975,Andrew,Bernstein,DO,oncology,Pompton Plains,NJ,07444,40.967407,-74.306967,27,80.53,13.1631,623
1669496469,Thomas,Bottiglieri,DO,primary-care,Englewood,NJ,07631,40.891197,-73.972515,22,100,1.9136,257
1669496865,Vincent,Mcinerney,MD,orthopedics,Wayne,NJ,07470,40.945855,-74.245077,49,12.67,1.1743,579
1669500492,Holly,Abate Bersalona,MD,primary-care,Sea Girt,NJ,08750,40.133372,-74.041501,30,,0.6049,11
1669511721,Riple,Hansalia,MD,cardiology,Neptune,NJ,07753,40.210761,-74.074499,26,86.51,2.1364,1832
1669522595,Scott,Yager,MD,primary-care,East Brunswick,NJ,08816,40.429119,-74.416287,37,,1.2190,185
1669523445,Timothy,Dunn,MD,neurology,Westampton,NJ,08060,40.010005,-74.792207,31,81.15,0.6054,420
1669524088,Matthew,Olivo,MD,dermatology,Haddon Township,NJ,08108,39.915048,-75.062244,42,,1.5497,230
1669525093,Paul,Chung,MD,oncology,Manahawkin,NJ,08050,39.712132,-74.231888,28,81.33,0.9356,525
1669526190,Hugh,Prentice,MD,primary-care,Washington,NJ,07882,40.755430,-75.010870,39,97.13,1.6817,271
1669529202,Jason,Shatkin,MD,pulmonology,Paramus,NJ,07652,40.947299,-74.070169,31,,2.7052,656
1669536959,Guillermo,Infante Gutierrez,MD,primary-care,Voorhees,NJ,08043,39.848570,-74.952843,35,,1.2256,35
1669542791,Yolonda,Pickett,MD,psychiatry,Hackensack,NJ,07601,40.889398,-74.045698,25,81.33,1.1328,62
1669544003,Joseph,Deblasio,MD,primary-care,Hamilton,NJ,08690,40.225833,-74.660096,43,,1.2655,417
1669546834,Michael,Grenis,MD,orthopedics,Princeton,NJ,08540,40.364728,-74.656314,42,75,0.7083,727
1669547402,Louis,Perdomo,MD,primary-care,Nutley,NJ,07110,40.820616,-74.156250,38,95.05,1.3360,95
1669548079,Michael,Merkin,MD,neurology,Edison,NJ,08820,40.576806,-74.365750,41,81.33,0.9372,300
1669555074,Scott,Maron,MD,primary-care,Florham Park,NJ,07932,40.777461,-74.392845,34,,3.5837,446
1669564431,George,Ambrosio,MD,primary-care,Verona,NJ,07044,40.832468,-74.242863,47,,1.4744,367
1669569414,Caryn,Borger,MD,endocrinology,Florham Park,NJ,07932,40.777461,-74.392845,28,,1.9542,189
1669571758,Matthew,Mclean,MD,orthopedics,Lawrenceville,NJ,08648,40.284490,-74.717487,28,,0.8455,343
1669574281,Sunil,Asnani,MD,endocrinology,Brick,NJ,08723,40.038584,-74.111600,30,85.15,1.2898,1372
1669575403,Sarah,Sordo,MD,primary-care,Pennington,NJ,08534,40.329422,-74.792789,34,96.91,1.5413,72
1669576187,Gary,Herring,MD,primary-care,Paramus,NJ,07652,40.947299,-74.070169,37,,3.4348,93
1669588422,Fred,Revoredo,MD,primary-care,Fair Lawn,NJ,07410,40.935830,-74.117505,31,,0.5795,284
1669589990,Aykut,Ozden,MD,psychiatry,Hoboken,NJ,07030,40.745251,-74.027926,36,,0.6562,26
1669591491,Judith,Tiongco,MD,primary-care,Morristown,NJ,07960,40.779235,-74.502462,34,,0.7489,298
1669600326,Edward,Lee,MD,primary-care,Sicklerville,NJ,08081,39.732848,-74.976641,21,,0.7785,234
1669600995,Ayme,Frometa,MD,psychiatry,East Orange,NJ,07017,40.771918,-74.207082,22,,1.5917,103
1669601910,Mary,Harris,MD,pulmonology,Berkeley Heights,NJ,07922,40.676590,-74.427022,20,,1.1376,234
1669602975,Omar,Hasan,MD,cardiology,Hackensack,NJ,07601,40.889398,-74.045698,25,96.09,0.8092,1314
1669603387,Tobechukwu,Clouden,MD,psychiatry,Neptune,NJ,07753,40.210761,-74.074499,22,81.33,0.7657,125
1669615308,Robert,Mmereole,MD,primary-care,West New York,NJ,07093,40.786704,-74.008909,20,,2.9655,33
1669622015,Emad,Jacob,MD,primary-care,Kearny,NJ,07032,40.752332,-74.123093,33,98.76,1.4755,340
1669630109,Anita,Raghuwanshi,MD,endocrinology,Cape May Court House,NJ,08210,39.119187,-74.823188,18,78.15,1.0568,640
1669630356,Anil,Khandelwal,MD,primary-care,Plainfield,NJ,07063,40.605118,-74.444522,25,,0.0691,17
1669633004,Daniel,Ice,MD,cardiology,Browns Mills,NJ,08015,39.931536,-74.543720,18,,1.6093,230
1669658084,Sajida,Mokhashi,MD,primary-care,Ocean,NJ,07712,40.246895,-74.054502,27,,0.8483,186
1669663217,Nirandra,Mahamitra,MD,primary-care,Haddon Heights,NJ,08035,39.879127,-75.065918,22,99.52,1.0099,107
1669670071,Manish,Shah,MD,primary-care,New Brunswick,NJ,08901,40.483638,-74.442460,22,87.07,1.4521,445
1669677811,Richard,Arrigo,DO,gastroenterology,Flemington,NJ,08822,40.521995,-74.866644,19,94.48,1.4583,374
1669689360,Dianne,Thomas,MD,psychiatry,Hackensack,NJ,07601,40.889398,-74.045698,38,,0.8085,14
1669693552,Sanjay,Batta,MD,primary-care,Elizabeth,NJ,07202,40.652464,-74.216853,42,,2.8787,186
1669693875,Kristopher,Young,DO,cardiology,Pennington,NJ,08534,40.329422,-74.792789,23,96.91,0.4715,892
1669699542,Stephen,Kayiaros,MD,orthopedics,Princeton,NJ,08540,40.364728,-74.656314,21,75,1.2909,695
1669719381,Anupa,Sharma,DO,endocrinology,Plainsboro,NJ,08536,40.333076,-74.586628,16,,1.1916,263
1669728556,Imran,Khan,MD,neurology,Bridgewater,NJ,08807,40.592434,-74.618840,17,,0.7814,552
1669732467,Elizabeth,Botham,MD,dermatology,Hackettstown,NJ,07840,40.860045,-74.831795,14,,1.2191,283
1669736195,Kathleen,Carstens,MD,primary-care,Raritan,NJ,08869,40.571344,-74.646026,14,,0.6954,285
1669795498,Dennis,Pfisterer,DO,orthopedics,Teaneck,NJ,07666,40.890317,-74.011478,16,,1.4758,522
1669796868,Paul,Haynes,MD,orthopedics,Ocean,NJ,07712,40.246895,-74.054502,23,72.19,1.2483,16
1669798419,Brandon,Oberweis,MD,cardiology,Linden,NJ,07036,40.624711,-74.239362,16,98.51,1.2293,1392
1669813804,Lucy,Joo,DO,gastroenterology,Voorhees,NJ,08043,39.848570,-74.952843,10,,0.8939,475
1669817433,Avani,Desai,MD,primary-care,Hillsborough,NJ,08844,40.497692,-74.670505,16,78.51,0.6397,336
1669819744,Sulakshana,Gandhi,MD,primary-care,South Orange,NJ,07079,40.748811,-74.261512,23,,0.9674,47
1669829412,Lian,Zhu,DO,primary-care,Pennington,NJ,08534,40.329422,-74.792789,10,,0.8339,236
1669834750,Hee,Koh,MD,dermatology,Berkeley Heights,NJ,07922,40.676590,-74.427022,10,,0.6562,297
1669835641,Amad,Choudhry,MD,primary-care,Rahway,NJ,07065,40.607152,-74.280531,12,,0.4727,200
1669851515,Scott,Freiberg,MD,primary-care,Bayonne,NJ,07002,40.662495,-74.110201,20,85.15,0.4423,38
1669852729,Justin,Brackenrich,DO,primary-care,Edgewater,NJ,07020,40.824650,-73.973793,11,85.15,0.9062,117
1669882643,Mina,Botros,MD,primary-care,Hackensack,NJ,07601,40.889398,-74.045698,18,96.09,0.6404,654
1669887972,Dolly,Patel,DO,pulmonology,Pennington,NJ,08534,40.329422,-74.792789,9,96.91,0.9222,302
1669888129,Iris,Hagans,MD,primary-care,Camden,NJ,08103,39.935202,-75.112703,12,99.52,1.7281,29
1669902458,Darine,Androwis,MD,primary-care,Woodland Park,NJ,07424,40.882319,-74.205876,14,,0.5078,122
1669902995,Radhika,Tailor,MD,primary-care,Paterson,NJ,07503,40.897548,-74.154121,9,,1.6687,62
1669907739,Timmy,Cheung,DO,primary-care,Berkeley Heights,NJ,07922,40.676590,-74.427022,9,,0.4881,505
1669908950,Kristina,Laguerre,MD,primary-care,Voorhees,NJ,08043,39.848570,-74.952843,9,,0.3064,73
1669912374,Julie,Singh,MD,endocrinology,Englewood Cliffs,NJ,07632,40.884634,-73.944654,10,96.09,1.0292,235
1669959623,Dhaval,Shah,MD,primary-care,Cedar Knolls,NJ,07927,40.823725,-74.456354,6,85.54,0.9323,1217
1669979811,Nikhil,Bhalla,MD,primary-care,Camden,NJ,08103,39.935202,-75.112703,5,,0.0384,14
1669993754,Daisy,Amato,DO,primary-care,Marlton,NJ,08053,39.856677,-74.900810,9,81.15,0.4549,86
1679064026,Dhaval,Patel,MD,oncology,Edison,NJ,08820,40.576806,-74.365750,12,100,3.4122,184
1679072268,Stefanie,Cubelli,DO,dermatology,Edison,NJ,08837,40.514281,-74.343859,8,100,0.9278,193
1679137806,Raul,Gonzales,MD,primary-care,Hamilton,NJ,08690,40.225833,-74.660096,7,87.07,1.0797,410
1679150643,Hector,Mora,MD,primary-care,Neptune,NJ,07753,40.210761,-74.074499,5,,1.0154,288
1679505325,Shahin,Mirmanesh,MD,primary-care,Marlton,NJ,08053,39.856677,-74.900810,32,22.55,1.1663,483
1679508048,Soo,Lee,MD,primary-care,Englewood,NJ,07631,40.891197,-73.972515,28,,4.4155,156
1679512891,Jeffrey,Lipper,MD,pulmonology,Bayonne,NJ,07002,40.662495,-74.110201,43,85.15,1.1340,777
1679512941,Steven,Gorcey,MD,gastroenterology,Eatontown,NJ,07724,40.298625,-74.074178,40,90.94,1.3598,473
1679513063,Francesco,Lima,MD,primary-care,Totowa,NJ,07512,40.903415,-74.219779,35,,1.2737,145
1679521843,Tariq,Mahmood,MD,primary-care,Union,NJ,07083,40.695266,-74.269078,55,,2.1090,59
1679526396,Maynard,Holgado,MD,primary-care,Sicklerville,NJ,08081,39.732848,-74.976641,35,,0.9266,381
1679530588,Reuben,Rozanski,MD,dermatology,Fairfield,NJ,07004,40.882508,-74.304593,56,,0.6192,107
1679534093,Michele,Howe,DO,primary-care,Hoboken,NJ,07030,40.745251,-74.027926,45,95.05,0.8741,434
1679534515,Kenneth,Levin,MD,neurology,Ridgewood,NJ,07450,40.981591,-74.113506,44,95.05,9.1664,320
1679534903,David,Abrutyn,MD,orthopedics,Berkeley Heights,NJ,07922,40.676590,-74.427022,27,,1.1746,820
1679539332,Karen,Hart,MD,primary-care,Midland Park,NJ,07432,40.995809,-74.141262,34,95.05,1.5401,809
1679540819,Pinakin,Pathak,MD,primary-care,Wharton,NJ,07885,40.910409,-74.599964,41,,1.8804,275
1679543953,Maria,Polizzi,MD,primary-care,Howell,NJ,07731,40.149537,-74.203987,32,96.09,1.4918,241
1679546501,Dominic,Mazzocchi,MD,primary-care,Point Pleasant Boro,NJ,08742,40.080812,-74.059117,45,,1.0431,578
1679551832,Frederic,Glatter,MD,primary-care,Highland Park,NJ,08904,40.500795,-74.427911,42,,4.1335,155
1679552921,Joseph,Conti,DO,primary-care,Glassboro,NJ,08028,39.692129,-75.124675,36,,0.5747,695
1679553861,Ryan,Mccormick,MD,primary-care,Marlton,NJ,08053,39.856677,-74.900810,25,,0.8375,351
1679555189,Mukesh,Singh,MD,primary-care,Somerset,NJ,08873,40.499667,-74.531844,45,,1.5602,170
1679570006,Thaddeus,Grabowy,MD,primary-care,Red Bank,NJ,07701,40.360509,-74.078952,40,96.09,0.8688,845
1679570089,Stephen,Jurewicz,MD,primary-care,Red Bank,NJ,07701,40.360509,-74.078952,49,96.09,1.4820,1110
1679585236,George,Nikias,MD,gastroenterology,River Edge,NJ,07661,40.927354,-74.039611,37,78.04,1.2780,483
1679586069,Smitha,Narasimhaswamy,MD,primary-care,Lakewood,NJ,08701,40.077069,-74.198510,28,,3.8333,162
1679589121,Vinod,Rustgi,MD,gastroenterology,New Brunswick,NJ,08901,40.483638,-74.442460,47,90.95,0.8210,108
1679593875,Mahmood,Alam,MD,cardiology,Woodbridge,NJ,07095,40.552857,-74.286939,43,96.09,0.3051,1684
1679597280,Darshi,Sunderam,MD,endocrinology,Newark,NJ,07102,40.735659,-74.173605,50,93.64,2.2689,209
1679599609,Fiore,Devito,MD,gastroenterology,Berkeley Heights,NJ,07922,40.676590,-74.427022,45,,1.1809,340
1679634414,Marieanne,Giardina Beckett,MD,dermatology,Hoboken,NJ,07030,40.745251,-74.027926,40,100,0.7557,456
1679639850,Mark,Lazar,MD,neurology,East Brunswick,NJ,08816,40.429119,-74.416287,49,,1.7652,80
1679646608,Antonios,Tsompanidis,DO,primary-care,Hazlet,NJ,07730,40.424164,-74.173732,32,96.09,1.2900,294
1679653992,Rekha,Gohel,MD,primary-care,Freehold,NJ,07728,40.225793,-74.285785,31,,2.2479,866
1679655930,Joel,Adler,MD,primary-care,Teaneck,NJ,07666,40.890317,-74.011478,42,75,3.5934,483
1679660435,Paul,Lombardi,MD,orthopedics,Cedar Knolls,NJ,07927,40.823725,-74.456354,33,79.23,1.0386,1232
1679674816,Xiaoming,Liu,MD,primary-care,Fort Lee,NJ,07024,40.850640,-73.971007,36,,2.3218,235
1679676266,Nehal,Mehta,MD,pulmonology,Bridgewater,NJ,08807,40.592434,-74.618840,29,75,1.6595,511
1679687073,Ara,Apelian,MD,endocrinology,Piscataway,NJ,08854,40.539658,-74.462791,45,23.18,1.2703,374
1679695928,Mila,Gorsky,MD,oncology,Basking Ridge,NJ,07920,40.682268,-74.554143,25,81.57,0.4838,146
1679696843,Allan,Martin,MD,primary-care,Woodbine,NJ,08270,39.261356,-74.809092,53,,0.8520,37
1679712418,Jason,Miller,MD,dermatology,Livingston,NJ,07039,40.785828,-74.329100,24,100,1.2764,1547
1679716740,Tooba,Fayyaz,DO,neurology,Camden,NJ,08103,39.935202,-75.112703,17,78.15,0.7890,539
1679732242,Lea,Chen,MD,gastroenterology,New Brunswick,NJ,08901,40.483638,-74.442460,20,88.4,0.8792,61
1679747729,Stephanie,Doyle,MD,primary-care,Glassboro,NJ,08028,39.692129,-75.124675,33,,0.7160,574
1679752547,Sumit,Talwar,MD,oncology,West Long Branch,NJ,07764,40.287904,-74.020019,22,,0.5644,792
1679758437,Kambiz,Butt,MD,primary-care,Camden,NJ,08103,39.935202,-75.112703,21,99.52,0.7524,192
1679763890,Bhavik,Bhandari,MD,gastroenterology,Emerson,NJ,07630,40.974990,-74.023248,22,96.09,0.8135,360
1679765895,Basant,Pradhan,MD,psychiatry,Camden,NJ,08103,39.935202,-75.112703,26,96.42,6.0099,46
1679770366,Benjamin,Bergman,MD,cardiology,Newton,NJ,07860,41.057287,-74.802737,20,89.54,1.1258,1995
1679771315,Bushra,Mirza,MD,psychiatry,Princeton,NJ,08540,40.364728,-74.656314,31,,1.2286,55
1679772495,Jeanmarie,Chudzik,DO,primary-care,Hazlet,NJ,07730,40.424164,-74.173732,21,,2.2766,99
1679785786,Lisa,Morton,MD,primary-care,Flemington,NJ,08822,40.521995,-74.866644,28,,0.4685,125
1679795835,Anju,Budhwani,MD,primary-care,Lincoln Park,NJ,07035,40.927501,-74.308334,30,93.83,2.3835,251
1679803357,Naser,Hendi,MD,cardiology,Woodland Park,NJ,07424,40.882319,-74.205876,24,,1.4616,382
1679834923,Janet,Olevsky,MD,primary-care,Somerville,NJ,08876,40.589554,-74.685411,14,,0.5931,142
1679836761,Alexey,Tatusov,MD,cardiology,Eatontown,NJ,07724,40.298625,-74.074178,14,82.83,0.9066,1460
1679837611,Irfan,Malik,MD,primary-care,Marlton,NJ,08053,39.856677,-74.900810,16,81.15,0.8995,553
1679838163,Tess,Jacob,MD,endocrinology,Berkeley Heights,NJ,07922,40.676590,-74.427022,20,,1.2395,515
1679866214,Jessica,Taff,MD,oncology,Forked River,NJ,08731,39.859886,-74.292741,15,,0.8611,442
1679879373,Deepika,Garg,MD,primary-care,Warren,NJ,07059,40.634588,-74.519044,21,,7.5892,85
1679884738,Julia,Cornett,MD,primary-care,Bridgewater,NJ,08807,40.592434,-74.618840,21,,0.4831,104
1679928584,Sherif,Elhosseiny,MD,primary-care,Toms River,NJ,08755,40.008534,-74.221768,13,81.38,0.4457,63
1679967103,Kimberly,Cai,MD,primary-care,Hackensack,NJ,07601,40.889398,-74.045698,11,96.09,1.2488,177
1679972905,Muhammad,Sohaib,MD,primary-care,Plainsboro,NJ,08536,40.333076,-74.586628,17,,0.6936,115
1679972947,Jose,Bustillo,DO,primary-care,Newark,NJ,07112,40.711391,-74.211683,16,,0.7758,53
1679982813,Victoria,Chen,MD,primary-care,Clinton,NJ,08809,40.646036,-74.924609,14,,0.7612,197
1679983159,Roman,Zinder,MD,primary-care,Hackensack,NJ,07601,40.889398,-74.045698,21,81.33,1.3788,176
1679983951,Rachel,Nash,MD,primary-care,Camden,NJ,08103,39.935202,-75.112703,12,,0.8875,84
1679985097,Nicole,Terrigno,MD,primary-care,Camden,NJ,08103,39.935202,-75.112703,14,99.52,0.4016,101
1679987176,Shiksha,Sharma,MD,primary-care,Kinnelon,NJ,07405,40.987841,-74.378188,16,83.36,0.6996,138
1679991145,Jason,Krystofiak,MD,primary-care,Livingston,NJ,07039,40.785828,-74.329100,12,98.51,2.1733,37
1689016503,Hamid,Masood,MD,primary-care,Hamilton,NJ,08690,40.225833,-74.660096,24,,0.7813,413
1689024267,Robert,Lee,MD,primary-care,Cherry Hill,NJ,08034,39.906100,-75.000375,14,81.15,0.4062,467
1689028870,Shrinil,Patel,MD,pulmonology,Toms River,NJ,08755,40.008534,-74.221768,12,75,1.1414,898
1689052458,Nury,Yim,MD,orthopedics,Bridgewater,NJ,08807,40.592434,-74.618840,11,,0.7446,230
1689054298,Lauren,Parkes,DO,primary-care,Jackson,NJ,08527,40.108665,-74.358602,11,96.09,0.8477,326
1689069858,Devender,Kumar,MD,psychiatry,Morristown,NJ,07960,40.779235,-74.502462,23,,0.1852,12
1689081325,Rahul,Vasudev,MD,cardiology,Paterson,NJ,07503,40.897548,-74.154121,13,,1.7129,146
1689081945,Kristina,Katz,MD,gastroenterology,Plainsboro,NJ,08536,40.333076,-74.586628,14,,1.0273,345
1689100794,Sheel,Chokshi,MD,primary-care,Berkeley Heights,NJ,07922,40.676590,-74.427022,10,,1.2973,317
1689104556,David,Yuen,MD,primary-care,Jersey City,NJ,07302,40.718808,-74.044634,9,,0.4687,133
1689105975,James,James,MD,primary-care,Newark,NJ,07112,40.711391,-74.211683,12,,1.2070,291
1689165318,Mark,Dunleavy,MD,orthopedics,Princeton,NJ,08540,40.364728,-74.656314,8,84.02,0.7896,187
1689167561,Chun,Tong,MD,psychiatry,Hoboken,NJ,07030,40.745251,-74.027926,4,95.05,0.8341,88
1689170508,Gabriela,Contino,MD,primary-care,Bridgeton,NJ,08302,39.438613,-75.260646,8,99.52,0.9554,96
1689202293,Na,Zhou,MD,primary-care,Camden,NJ,08103,39.935202,-75.112703,22,81.15,0.9061,381
1689202905,Elizabeth,Packi,DO,primary-care,Forked River,NJ,08731,39.859886,-74.292741,6,,0.8145,239
1689250417,Hinal,Patel,MD,primary-care,Edison,NJ,08837,40.514281,-74.343859,5,,0.3542,14
1689256505,Melissa,Eppinger,MD,primary-care,Verona,NJ,07044,40.832468,-74.242863,5,94.54,0.1724,15
1689602369,Danna Glore,Dela Cruz,MD,primary-care,Forked River,NJ,08731,39.859886,-74.292741,30,,0.7159,314
1689608283,Tobe,Fisch,MD,primary-care,Plainsboro,NJ,08536,40.333076,-74.586628,36,,0.7311,259
1689610958,Larry,Barr,DO,primary-care,Glassboro,NJ,08028,39.692129,-75.124675,23,,0.4400,264
1689612129,Janice,Siciliano,MD,primary-care,Wall Township,NJ,07719,40.168908,-74.073226,39,,0.5560,704
1689612186,Christina,Wjasow,MD,cardiology,Hamilton,NJ,08690,40.225833,-74.660096,28,75,1.4022,1160
1689612335,Inderpal,Chadha,MD,primary-care,Newark,NJ,07107,40.762918,-74.186559,40,27.96,4.0119,280
1689613234,Denise,Beard,MD,primary-care,Bridgeton,NJ,08302,39.438613,-75.260646,38,,0.4179,318
1689618860,Joseph,O Brien,MD,primary-care,Berkeley Heights,NJ,07922,40.676590,-74.427022,28,,1.7286,417
1689620353,Mark,Teicher,MD,cardiology,Hoboken,NJ,07030,40.745251,-74.027926,42,95.05,1.3513,747
1689620700,Devarajan,Iyengar,MD,primary-care,Bayonne,NJ,07002,40.662495,-74.110201,49,100,16.6616,298
1689623936,Marciano,Figueroa,MD,primary-care,Hoboken,NJ,07030,40.745251,-74.027926,41,95.05,0.6423,470
1689629560,Smitha,Manoj,MD,primary-care,Moorestown,NJ,08057,39.979658,-74.941308,31,,2.4979,116
1689632440,Ghada,Haddad,MD,endocrinology,Camden,NJ,08103,39.935202,-75.112703,39,91.83,0.5070,235
1689634263,Alan,Urkowitz,DO,primary-care,Sewell,NJ,08080,39.757353,-75.122043,39,,0.7254,555
1689634438,Neil,Cohen,MD,gastroenterology,Marlton,NJ,08053,39.856677,-74.900810,42,,0.8773,649
1689647240,Ying,Lin,MD,primary-care,Bayonne,NJ,07002,40.662495,-74.110201,30,85.15,1.3103,556
1689648735,Mohammad,Sarraf,MD,pulmonology,South Plainfield,NJ,07080,40.574413,-74.414800,59,,1.0385,171
1689653313,David,Harrison,DO,psychiatry,Millville,NJ,08332,39.366217,-75.026853,40,,1.0304,38
1689653644,Joseph,Szgalsky,MD,primary-care,Glassboro,NJ,08028,39.692129,-75.124675,41,,1.1804,294
1689653909,Jeffrey,Danzig,MD,gastroenterology,Berkeley Heights,NJ,07922,40.676590,-74.427022,43,,2.0652,409
1689654691,Abdul,Elahi,MD,primary-care,Atlantic City,NJ,08401,39.377337,-74.451070,33,,0.9473,523
1689656043,John,Swidryk,MD,primary-care,Fair Haven,NJ,07704,40.361940,-74.038775,54,,1.3629,109
1689658460,Paul,Kaiser,MD,neurology,Princeton,NJ,08540,40.364728,-74.656314,38,96.91,1.1476,465
1689662165,Kristen,Rainear,DO,cardiology,Vineland,NJ,08360,39.492354,-75.003447,36,,1.3123,1131
1689668139,Kastooril,Gopinathan,MD,cardiology,Union,NJ,07083,40.695266,-74.269078,60,94.52,0.6348,629
1689668683,Efthymios,Daniskas,MD,pulmonology,Glen Ridge,NJ,07028,40.804798,-74.204569,49,96.09,0.9482,364
1689673923,Virginia,Witt,MD,primary-care,Monroe,NJ,08831,40.334341,-74.432502,29,,0.4349,195
1689675068,Allison,Herbst,MD,endocrinology,Willingboro,NJ,08046,40.027950,-74.886984,34,81.15,0.9597,403
1689679490,Lance,Berger,MD,cardiology,Toms River,NJ,08755,40.008534,-74.221768,36,98.51,0.8516,566
1689679722,Frank,Liporace,MD,orthopedics,Jersey City,NJ,07302,40.718808,-74.044634,27,98.51,2.3238,249
1689680209,Iris,Drey,MD,orthopedics,Union City,NJ,07087,40.767224,-74.032429,34,,0.4716,75
1689681421,Joseph,Guarino,DO,primary-care,Lawrenceville,NJ,08648,40.284490,-74.717487,36,96.91,0.8317,94
1689690414,Mohammad,Ashfaq,MD,psychiatry,Atlantic City,NJ,08401,39.377337,-74.451070,26,,0.3181,18
1689695538,Pranathi,Mandadi,MD,primary-care,Long Branch,NJ,07740,40.295372,-73.989899,27,,0.7536,577
1689695918,Neiza,Prado Galarza,MD,psychiatry,Jackson,NJ,08527,40.108665,-74.358602,36,,0.5837,480
1689698813,Nancy,Bierman-Dear,MD,primary-care,Woodbury,NJ,08096,39.829402,-75.129032,38,,0.4316,612
1689709297,James,Foley,MD,primary-care,New Brunswick,NJ,08901,40.483638,-74.442460,37,,1.1531,202
1689722001,Catherine,Trader,DO,primary-care,Andover,NJ,07821,40.966037,-74.754687,36,,1.5944,200
1689728040,Dilip,Shah,MD,psychiatry,Clifton,NJ,07013,40.869405,-74.173062,49,,3.7560,18
1689734154,Rocco,Bassora,MD,orthopedics,North Bergen,NJ,07047,40.793644,-74.025027,23,81.33,1.3821,348
1689736993,Lynette,Suarez,MD,primary-care,Caldwell,NJ,07006,40.851187,-74.282865,40,23.28,1.3773,246
1689737082,Michelle,Wilks,MD,primary-care,Edison,NJ,08820,40.576806,-74.365750,26,96.09,0.4097,254
1689751646,Parag,Patel,MD,primary-care,Hammonton,NJ,08037,39.631681,-74.773893,26,,1.3825,533
1689752925,Lily,Gutterman,MD,psychiatry,Princeton,NJ,08540,40.364728,-74.656314,42,,0.3940,31
1689760951,Tom,Tassakis,MD,gastroenterology,Vineland,NJ,08360,39.492354,-75.003447,38,,1.0355,301
1689762775,Steven,Sirken,DO,primary-care,Camden,NJ,08103,39.935202,-75.112703,37,99.52,1.2731,257
1689763971,Xingjia,Hua,MD,primary-care,Princeton,NJ,08540,40.364728,-74.656314,39,,1.0990,334
1689764466,Neal,Winzelberg,MD,gastroenterology,Brick,NJ,08724,40.091032,-74.114395,42,98.3,0.7889,674
1689765190,Sudha,Kavuru,MD,oncology,Toms River,NJ,08753,39.979668,-74.150739,32,,1.0519,122
1689774713,Robert,Schuman,MD,gastroenterology,West Orange,NJ,07052,40.785755,-74.265058,37,98.51,0.8191,953
1689776122,Robert,Siniakowicz,MD,primary-care,Hamilton,NJ,08690,40.225833,-74.660096,35,,1.1633,560
1689778136,Abe,Elson,MD,cardiology,Paramus,NJ,07652,40.947299,-74.070169,46,23.27,3.1695,512
1689779043,James,Varrell,MD,psychiatry,Marlton,NJ,08053,39.856677,-74.900810,37,,1.8370,51
1689783961,Jason,Levitz,MD,oncology,Morristown,NJ,07960,40.779235,-74.502462,27,70.33,11.8442,674
1689784159,Susan,Lage,DO,neurology,Freehold,NJ,07728,40.225793,-74.285785,37,81.33,1.1449,413
1689784381,Peter,Caride,MD,gastroenterology,Toms River,NJ,08755,40.008534,-74.221768,29,,1.4527,280
1689786501,Payal,Dave,MD,primary-care,New Brunswick,NJ,08901,40.483638,-74.442460,25,98.51,1.0074,51
1689793275,Nashed,Botros,MD,gastroenterology,East Brunswick,NJ,08816,40.429119,-74.416287,46,98.3,1.6363,188
1689812505,Drew,Chiesa,DO,gastroenterology,Turnersville,NJ,08012,39.783815,-75.056068,18,,0.7228,576
1689833485,Bhavani,Jeereddy,MD,primary-care,Kenilworth,NJ,07033,40.678089,-74.288114,25,,1.9281,229
1689841017,Shalin,Desai,MD,cardiology,Teaneck,NJ,07666,40.890317,-74.011478,21,,0.9396,677
1689852428,William,Schmalz,MD,primary-care,Egg Harbor Township,NJ,08234,39.388393,-74.620728,22,100,2.0092,1020
1689858011,Samir,Abdelhadi,DO,pulmonology,Edgewater,NJ,07020,40.824650,-73.973793,21,100,3.3036,412
1689860199,Meenu,Bhalla,MD,primary-care,Morristown,NJ,07960,40.779235,-74.502462,30,,0.6798,326
1689866204,Jean,Davidson,DO,endocrinology,Voorhees,NJ,08043,39.848570,-74.952843,23,81.15,1.1305,925
1689868440,Jatin,Desani,MD,oncology,Manahawkin,NJ,08050,39.712132,-74.231888,25,81.33,1.1746,493
1689870933,Garth,Turner,MD,neurology,Berkeley Heights,NJ,07922,40.676590,-74.427022,19,,1.2950,546
1689875700,Dhanasekaran,Ramasamy,MD,gastroenterology,Union,NJ,07083,40.695266,-74.269078,31,75,1.5726,594
1689885816,Sean,Mcmillan,DO,orthopedics,Burlington,NJ,08016,40.068064,-74.832904,21,81.15,1.3759,267
1689916108,Ritesh,Amin,MD,psychiatry,Hackensack,NJ,07601,40.889398,-74.045698,9,81.33,0.7557,356
1689930141,Charles,Ekstein,MD,orthopedics,Berkeley Heights,NJ,07922,40.676590,-74.427022,14,,0.4949,199
1689930257,Apeksha,Shah,MD,gastroenterology,Camden,NJ,08103,39.935202,-75.112703,14,91.83,0.8241,301
1689932493,Alexandra,Reynolds,MD,neurology,Hackensack,NJ,07601,40.889398,-74.045698,14,,1.6178,100
1689937740,Sukhdeep,Kaur,MD,oncology,Hackensack,NJ,07601,40.889398,-74.045698,14,,2.2364,187
1689938805,Adriana,Lombardi,MD,dermatology,Edison,NJ,08837,40.514281,-74.343859,15,100,3.4003,345
1689943821,Christina,Khalil,DO,primary-care,Raritan,NJ,08869,40.571344,-74.646026,15,,0.6356,277
1689963464,Garima,Thapar,MD,primary-care,Voorhees,NJ,08043,39.848570,-74.952843,18,81.15,0.8659,363
1689964546,Aaron,Bellows,MD,gastroenterology,Princeton,NJ,08540,40.364728,-74.656314,18,98.3,0.9339,364
1689970790,Neil,Ninan,MD,pulmonology,Eatontown,NJ,07724,40.298625,-74.074178,22,,0.9834,71
1689985806,Deborah,Ubele,DO,primary-care,Camden,NJ,08103,39.935202,-75.112703,16,99.52,1.2720,169
1689989964,Juan,Ortega Legaspi,MD,cardiology,Cherry Hill,NJ,08034,39.906100,-75.000375,18,84.91,0.4258,904
1699006445,Sameer,Kaul,MD,cardiology,Florham Park,NJ,07932,40.777461,-74.392845,30,,0.6179,1264
1699017848,Krysta,Johns Keating,MD,gastroenterology,Cherry Hill,NJ,08003,39.885852,-74.971145,13,81.15,0.8096,211
1699037382,Ritesh,Kumar,MD,primary-care,Pompton Lakes,NJ,07442,41.002734,-74.286742,20,,1.0562,427
1699046748,O'Neil,Mason,MD,cardiology,Morristown,NJ,07960,40.779235,-74.502462,21,,0.4354,697
1699055731,Swarna,Rajagopalan,MD,neurology,Camden,NJ,08103,39.935202,-75.112703,15,,1.8260,140
1699064600,Kulpreet,Barn,MD,cardiology,Barnegat,NJ,08005,39.755802,-74.306609,23,98.51,1.9437,388
1699070441,Andrzej,Torbus,MD,primary-care,Morristown,NJ,07960,40.779235,-74.502462,18,,0.9909,412
1699077909,Fern,Kopp Mulberg,DO,primary-care,Somerville,NJ,08876,40.589554,-74.685411,37,,0.6007,130
1699091090,Benjamin,Silverman,DO,cardiology,Vineland,NJ,08360,39.492354,-75.003447,23,,1.1982,1210
1699091918,Fumin,Tong,MD,neurology,Ridgewood,NJ,07450,40.981591,-74.113506,28,95.05,1.4509,790
1699093054,Alla,Roitman,DO,primary-care,Teaneck,NJ,07666,40.890317,-74.011478,16,,0.8772,120
1699098095,Nicole,Scivoletti-Polan,DO,pulmonology,Woodbury,NJ,08096,39.829402,-75.129032,16,,1.1273,425
1699115717,Tom,Murikan,MD,primary-care,Trenton,NJ,08638,40.254018,-74.763385,13,,0.9083,231
1699122697,Laura,Andreias,MD,gastroenterology,Bayonne,NJ,07002,40.662495,-74.110201,27,,0.7171,65
1699138552,Monica,Jain,MD,primary-care,Blackwood,NJ,08012,39.783815,-75.056068,16,87.16,2.8977,151
1699139410,Aditi,Shrivastava,MD,primary-care,Hamilton,NJ,08619,40.242301,-74.696408,10,,0.5267,85
1699157446,Pamela,Orellana Chasi,MD,primary-care,Old Bridge,NJ,08857,40.392789,-74.330397,12,96.09,1.1273,90
1699162685,Min Ho,Cho,MD,primary-care,Hackensack,NJ,07601,40.889398,-74.045698,11,,0.7666,392
1699181206,Namrata,Baxi,MD,primary-care,Edison,NJ,08820,40.576806,-74.365750,14,75,1.7703,552
1699208074,Charles,Kim,MD,oncology,Berkeley Heights,NJ,07922,40.676590,-74.427022,9,,5.8275,375
1699209833,James,Ryan,MD,orthopedics,Pompton Plains,NJ,07444,40.967407,-74.306967,9,,0.7668,68
1699221309,Naresh,Kumar,MD,primary-care,Atlantic City,NJ,08401,39.377337,-74.451070,14,,0.7406,477
1699251926,Girish,Prajapati,MD,primary-care,New Brunswick,NJ,08901,40.483638,-74.442460,34,98.51,0.5152,48
1699271346,Waqas,Rahman,MD,primary-care,West New York,NJ,07093,40.786704,-74.008909,8,100,0.5349,63
1699279042,Harsh,Shah,MD,orthopedics,Eatontown,NJ,07724,40.298625,-74.074178,8,,0.8875,105
1699331256,Dhairyasheel,Ghosalkar,MD,cardiology,Newton,NJ,07860,41.057287,-74.802737,7,,0.4990,199
1699394304,Victoria,Durojaiye,MD,primary-care,Jersey City,NJ,07310,40.727895,-74.033212,7,,0.5218,668
1699705020,Mark,Rubinetti,MD,primary-care,Succasunna,NJ,07876,40.854470,-74.657357,40,,2.4540,312
1699707422,Gary,Belt,MD,neurology,Morristown,NJ,07960,40.779235,-74.502462,45,,0.4225,386
1699714436,Sadhna,Rastogi,MD,primary-care,Englewood,NJ,07631,40.891197,-73.972515,44,96.09,1.2721,150
1699716175,Sherif,Malek,MD,primary-care,West Long Branch,NJ,07764,40.287904,-74.020019,39,,1.4254,654
1699720508,Srinivasa,Movva,MD,primary-care,Atlantic Highlands,NJ,07716,40.402402,-74.036306,40,68.22,2.1656,713
1699722330,Ruby,Halper Erkkila,MD,primary-care,Branchburg,NJ,08876,40.589554,-74.685411,41,,1.6272,268
1699725861,Amy,Burhanna,MD,cardiology,Camden,NJ,08103,39.935202,-75.112703,33,91.83,0.7018,1120
1699726323,Ruchi,Sethi,MD,cardiology,Hackensack,NJ,07601,40.889398,-74.045698,30,81.33,1.1183,203
1699740753,John,Fitzpatrick,MD,neurology,Neptune,NJ,07753,40.210761,-74.074499,40,,1.0529,859
1699742551,Anthony,Marquinez,MD,neurology,Hackensack,NJ,07601,40.889398,-74.045698,35,60.12,1.1021,372
1699744755,Nicholas,Pecorelli,MD,primary-care,Wood Ridge,NJ,07075,40.850183,-74.087068,31,,2.5388,998
1699749937,Kenneth,Lubansky,MD,primary-care,Pompton Plains,NJ,07444,40.967407,-74.306967,50,,1.4206,460
1699750158,Mohammad,Javed,MD,cardiology,Jersey City,NJ,07302,40.718808,-74.044634,42,81.33,0.4878,1353
1699751388,Nicholas,Ricculli,MD,cardiology,Mendham,NJ,07945,40.780656,-74.601816,41,,0.6807,1540
1699752634,Ileana,Antoniadis,MD,primary-care,Spring Lake,NJ,07762,40.153409,-74.033732,43,21.37,7.8974,442
1699755710,George,Scott,DO,primary-care,Sewell,NJ,08080,39.757353,-75.122043,29,81.15,0.9783,67
1699755801,Vincent,Catanese,MD,primary-care,Brick,NJ,08723,40.038584,-74.111600,48,96.09,0.9551,385
1699761502,Moris,Girgis,MD,primary-care,South River,NJ,08882,40.445652,-74.378459,40,,1.2726,68
1699763920,Lisa,Toffey,MD,primary-care,Summit,NJ,07901,40.714923,-74.366372,38,,0.9799,610
1699764373,Hana,Burke,MD,primary-care,Moorestown,NJ,08057,39.979658,-74.941308,27,,0.6770,280
1699765354,Danielle,Nordone,MD,primary-care,Haddon Heights,NJ,08035,39.879127,-75.065918,24,99.52,0.5488,73
1699770081,Stephen,Becker,MD,primary-care,Pompton Plains,NJ,07444,40.967407,-74.306967,49,,0.7975,79
1699773416,Mary Ann,Mcmahon,MD,primary-care,Burlington,NJ,08016,40.068064,-74.832904,26,99.52,1.0292,212
1699774950,Gerard,Eichman,MD,cardiology,Teaneck,NJ,07666,40.890317,-74.011478,38,,0.6984,1158
1699782474,Doantrang,Du,MD,primary-care,Long Branch,NJ,07740,40.295372,-73.989899,31,98.51,0.7194,26
1699782821,Christine,Corradino,MD,orthopedics,Secaucus,NJ,07094,40.781958,-74.067649,33,,1.0640,106
1699783985,Scott,Dorfner,DO,primary-care,Burlington,NJ,08016,40.068064,-74.832904,38,,1.1921,445
1699789461,Walter,Matkiwsky,DO,primary-care,Union,NJ,07083,40.695266,-74.269078,57,,0.8790,55
1699790931,Emile,Doss,MD,cardiology,Wayne,NJ,07470,40.945855,-74.245077,45,96.66,0.7492,1579
1699790972,Barbara,Edwards,MD,primary-care,Plainsboro,NJ,08536,40.333076,-74.586628,38,,0.9105,190
1699792382,Peter,Ilowite,DO,dermatology,Saddle Brook,NJ,07663,40.903099,-74.093591,36,,1.3745,95
1699793547,Deborah,Neiman,MD,primary-care,Hillsborough,NJ,08844,40.497692,-74.670505,42,89.98,1.5746,803
1699798009,Barbara,Moront,MD,primary-care,Moorestown,NJ,08057,39.979658,-74.941308,36,81.15,0.3598,427
1699823328,Mahnaz,Tantawi,MD,primary-care,Saddle Brook,NJ,07663,40.903099,-74.093591,26,,1.8226,120
1699833533,Elizabeth,Ramos Genuino,MD,primary-care,Berkeley Heights,NJ,07922,40.676590,-74.427022,30,,1.3507,203
1699849067,Saqib,Syed,MD,psychiatry,Hammonton,NJ,08037,39.631681,-74.773893,37,,3.3711,20
1699849711,Mark,Chase,MD,orthopedics,Berkeley Heights,NJ,07922,40.676590,-74.427022,43,,1.5145,902
1699857011,Rosenio,Medenilla,MD,primary-care,Manahawkin,NJ,08050,39.712132,-74.231888,36,,0.6998,337
1699859371,Patricia,Barsanti,DO,primary-care,Warren,NJ,07059,40.634588,-74.519044,25,,2.8097,213
1699861443,Muhammad,Ghani,MD,psychiatry,Paramus,NJ,07652,40.947299,-74.070169,36,,1.0053,95
1699861658,Nicholas,Videtti,MD,psychiatry,Ridgewood,NJ,07450,40.981591,-74.113506,41,,1.2151,60
1699864439,Egbert,Simon,MD,primary-care,Bayonne,NJ,07002,40.662495,-74.110201,43,,0.4921,58
1699866871,Ilia,Segal,MD,primary-care,Bayonne,NJ,07002,40.662495,-74.110201,56,98.51,1.3627,395
1699867382,Stephen,Bushay,MD,primary-care,Egg Harbor Township,NJ,08234,39.388393,-74.620728,29,,0.8133,414
1699867572,Jignasa,Patel,MD,primary-care,Parsippany,NJ,07054,40.853767,-74.401574,34,,1.1924,153
1699869909,Nancy,Lentine,DO,primary-care,Little Falls,NJ,07424,40.882319,-74.205876,38,,1.8807,361
1699874487,Cherise,Dyal,MD,orthopedics,Wayne,NJ,07470,40.945855,-74.245077,37,75,1.3782,215
1699877084,Dana,Cernea,MD,primary-care,Glen Rock,NJ,07452,40.959471,-74.125202,41,,6.4338,67
1699883306,Mitchell,Brown,MD,primary-care,Bayonne,NJ,07002,40.662495,-74.110201,39,,2.4793,133
1699899914,Albert,Empedrad,MD,endocrinology,Hamilton,NJ,08690,40.225833,-74.660096,35,99.01,1.3115,402
1699901389,Aaron,Morgan,MD,dermatology,Neptune,NJ,07753,40.210761,-74.074499,18,93.06,2.4133,1369
1699909556,Alejandra,Borensztein,MD,primary-care,Collingswood,NJ,08108,39.915048,-75.062244,18,,0.8647,129
1699911297,Durdana,Siddiqui,MD,primary-care,Atlantic City,NJ,08401,39.377337,-74.451070,26,,0.8213,398
1699919506,Disha,Patel,MD,primary-care,Harrington Park,NJ,07640,40.991681,-73.980202,19,,0.9837,243
1699919597,Joshua,Strauss,MD,oncology,Livingston,NJ,07039,40.785828,-74.329100,17,,0.5243,628
1699922856,Syed,Kazmi,MD,primary-care,Newark,NJ,07102,40.735659,-74.173605,39,,0.7252,68
1699922880,Justina,Deitz,DO,endocrinology,Berkeley Heights,NJ,07922,40.676590,-74.427022,25,,1.8529,410
1699925263,Keith,Guevarra,DO,pulmonology,Newark,NJ,07103,40.738852,-74.195264,21,,1.1653,129
1699930123,Eduardo,Samaniego,MD,primary-care,Newark,NJ,07105,40.723066,-74.138636,23,,3.4885,141
1699932137,Gregory,Pinkowsky,MD,orthopedics,Berkeley Heights,NJ,07922,40.676590,-74.427022,12,,0.9910,388
1699932343,Sidney,Glasofer,MD,cardiology,Morristown,NJ,07960,40.779235,-74.502462,23,,0.6129,1766
1699934075,Arvind,Trindade,DO,gastroenterology,New Brunswick,NJ,08901,40.483638,-74.442460,20,93.07,1.4088,248
1699939561,Melissa,Mangold,DO,primary-care,Camden,NJ,08103,39.935202,-75.112703,18,99.52,0.5783,135
1699966614,Farah,Morgan,MD,endocrinology,Cherry Hill,NJ,08034,39.906100,-75.000375,22,91.83,0.5987,477
1699971200,David,Wolff,MD,psychiatry,Eatontown,NJ,07724,40.298625,-74.074178,32,,10.4198,93
1699975037,Jennifer,Cheng,DO,endocrinology,Neptune,NJ,07753,40.210761,-74.074499,19,81.33,1.3300,293
1700010683,Kelly,Billig,MD,primary-care,Berkeley Heights,NJ,07922,40.676590,-74.427022,17,,1.4120,180
1700022043,Irfan,Ahmed,MD,orthopedics,Newark,NJ,07103,40.738852,-74.195264,25,,1.2465,27
1700034485,Mindy,Markowitz,MD,cardiology,Teaneck,NJ,07666,40.890317,-74.011478,21,96.09,0.5066,1217
1700043049,Leopold,Bolona,MD,psychiatry,Westfield,NJ,07090,40.651644,-74.343447,31,,7.5986,90
1700045598,Jae Geun,Hyun,MD,gastroenterology,Englewood Cliffs,NJ,07632,40.884634,-73.944654,35,,1.7330,210
1700081163,Dragana,Jokic,MD,primary-care,Old Bridge,NJ,08857,40.392789,-74.330397,27,81.33,0.8992,309
1700089166,Thomas,Kreibich,MD,neurology,Teaneck,NJ,07666,40.890317,-74.011478,19,,1.8176,346
1700094075,Tamara,Fisicaro,MD,primary-care,Blackwood,NJ,08012,39.783815,-75.056068,21,,1.2319,396
1700099504,Randy,Cohen,MD,cardiology,Berkeley Heights,NJ,07922,40.676590,-74.427022,25,,0.7519,1229
1700119963,Geetha,Bhat,MD,endocrinology,Camden,NJ,08103,39.935202,-75.112703,37,91.83,0.8880,409
1700121365,Mirette,Habib,MD,cardiology,Millburn,NJ,07041,40.722433,-74.301561,17,,1.9571,208
1700135472,Asra,Majeed,MD,primary-care,Somerville,NJ,08876,40.589554,-74.685411,17,87.07,0.6457,224
1700152626,Dhvani,Doshi,MD,primary-care,Newark,NJ,07103,40.738852,-74.195264,14,,0.7711,37
1700165826,Deepa,Arathala,MD,primary-care,Camden,NJ,08103,39.935202,-75.112703,18,81.15,0.8025,217
1700171691,Avishek,Kumar,MD,oncology,Edison,NJ,08820,40.576806,-74.365750,18,,11.6871,177
1700172459,Danish,Riaz,MD,primary-care,Livingston,NJ,07039,40.785828,-74.329100,18,87.07,0.7392,371
1700174166,Dennie,Bryant,DO,primary-care,Phillipsburg,NJ,08865,40.708226,-75.147073,19,,0.2265,2094
1700185691,Joshua,Kra,MD,oncology,Newark,NJ,07103,40.738852,-74.195264,15,,0.4565,86
1700191582,Elena,Selina,MD,primary-care,Galloway,NJ,08205,39.482000,-74.452637,24,79.43,1.7458,267
1700200953,Joseph,Savarese,MD,primary-care,Elizabeth,NJ,07202,40.652464,-74.216853,19,97.13,0.4877,567
1700221223,Niktha,Kasinathan,MD,pulmonology,New Brunswick,NJ,08901,40.483638,-74.442460,13,,1.5347,181
1700221603,Daniel,Brandt,MD,primary-care,Cherry Hill,NJ,08003,39.885852,-74.971145,13,81.15,0.7958,351
1700243813,Vanessa,Narwani,MD,endocrinology,Bernardsville,NJ,07924,40.725770,-74.591213,13,95.05,1.1026,138
1700249547,Paola,Reveco,DO,primary-care,Berkeley Heights,NJ,07922,40.676590,-74.427022,10,,0.9097,170
1700263787,Anoshia,Raza,MD,cardiology,Lyndhurst,NJ,07071,40.797113,-74.112980,13,,1.9251,322
1700271947,Zina,Tessema,MD,primary-care,Bayonne,NJ,07002,40.662495,-74.110201,19,87.07,2.0567,303
1700273117,Matthew,Frank,MD,pulmonology,Pomona,NJ,08240,39.488059,-74.533973,11,,0.7669,298
1700294535,Nishant,Vyas,MD,primary-care,Hackensack,NJ,07601,40.889398,-74.045698,13,,0.5239,342
1700296043,Hua,Li,MD,primary-care,Newton,NJ,07860,41.057287,-74.802737,29,,0.8430,423
1700317757,Nicole,Burak,MD,primary-care,Morristown,NJ,07960,40.779235,-74.502462,9,,0.0976,18
1700317872,Anthony,Longo,MD,primary-care,Morristown,NJ,07960,40.779235,-74.502462,9,,0.9949,500
1700318136,Anuradha,Singh,DO,neurology,Edison,NJ,08820,40.576806,-74.365750,9,81.33,0.5922,109
1700370715,Priju,Varghese,MD,primary-care,Camden,NJ,08103,39.935202,-75.112703,8,81.21,0.4914,149
1700373123,Ebere,Alexander,MD,primary-care,Turnersville,NJ,08012,39.783815,-75.056068,15,,0.8663,339
1700373750,Noam,Zeffren,DO,primary-care,Livingston,NJ,07039,40.785828,-74.329100,9,,1.3741,582
1700379245,Andrew,Macbride,DO,primary-care,Turnersville,NJ,08012,39.783815,-75.056068,8,,0.6694,205
1700380458,Brian,De Palma,MD,orthopedics,Ridgewood,NJ,07450,40.981591,-74.113506,8,99.15,0.9116,175
1700383924,Caridad,Iparraguirre,MD,primary-care,North Bergen,NJ,07047,40.793644,-74.025027,8,,1.1531,137
1700413168,Daniella,Barber,DO,primary-care,Englewood,NJ,07631,40.891197,-73.972515,6,,0.4660,143
1700415015,Maryam,Hussain,DO,primary-care,Voorhees,NJ,08043,39.848570,-74.952843,6,81.15,0.9203,368
1700449519,Akash,Ray,DO,primary-care,Vineland,NJ,08360,39.492354,-75.003447,7,,0.4931,506
1700464948,Nwe,Han,MD,primary-care,Pennington,NJ,08534,40.329422,-74.792789,5,,0.8458,63
1700800083,Nanjappa,Ravi,MD,primary-care,Westwood,NJ,07675,41.003484,-74.001753,50,,1.2074,165
1700809076,Christopher,Ballas,MD,primary-care,Bridgeton,NJ,08302,39.438613,-75.260646,33,,1.3194,340
1700821873,Patrick,Abiuso,MD,primary-care,Atco,NJ,08004,39.755333,-74.830512,51,,1.1018,756
1700823655,Javed,Yousaf,MD,primary-care,Paramus,NJ,07652,40.947299,-74.070169,41,96.09,1.4310,464
1700823853,Dilipkumar,Bera,MD,primary-care,Phillipsburg,NJ,08865,40.708226,-75.147073,44,97.13,1.6432,369
1700825635,Howard,Hampel,MD,gastroenterology,Red Bank,NJ,07701,40.360509,-74.078952,27,98.3,0.7854,751
1700825999,Bilal,Mian,MD,psychiatry,Somerville,NJ,08876,40.589554,-74.685411,60,,1.1690,374
1700829496,Gangaswamaiah,Hamsa,MD,primary-care,Warren,NJ,07059,40.634588,-74.519044,23,98.51,2.2911,97
1700830098,Michael,Hernandez,MD,primary-care,Kearny,NJ,07032,40.752332,-74.123093,27,,2.4697,467
1700831831,Bruce,Skolnick,MD,cardiology,Hoboken,NJ,07030,40.745251,-74.027926,36,95.05,0.9990,1072
1700833449,Farooq,Padder,MD,cardiology,Camden,NJ,08103,39.935202,-75.112703,46,,0.5525,904
1700833530,Christine,Pluta,DO,primary-care,Hamilton,NJ,08610,40.193643,-74.715963,28,,2.9488,16
1700840758,Randell,Nuschke,MD,primary-care,Turnersville,NJ,08012,39.783815,-75.056068,45,,0.4226,419
1700847373,Mark,Pascal,MD,oncology,Hackensack,NJ,07601,40.889398,-74.045698,53,86.21,1.0382,532
1700847910,John,Bermingham,DO,pulmonology,Haddonfield,NJ,08033,39.892421,-75.036651,41,,0.5794,556
1700855772,Mohammad,Padela,MD,neurology,Teaneck,NJ,07666,40.890317,-74.011478,43,,0.6618,241
1700856184,Michael,Dunn,MD,primary-care,Brigantine,NJ,08203,39.421713,-74.392873,45,,0.9123,277
1700857794,Randy,Spector,DO,primary-care,Lake Hiawatha,NJ,07034,40.879480,-74.380104,42,,1.3655,192
1700858222,Narsimha,Pinninti,MD,psychiatry,Lumberton,NJ,08048,39.953850,-74.803026,44,81.15,0.7809,34
1700862919,Domenick,Randazzo,MD,cardiology,Mendham,NJ,07945,40.780656,-74.601816,40,,0.8592,1259
1700866001,Jeffrey,Barasch,MD,pulmonology,Ridgewood,NJ,07450,40.981591,-74.113506,47,95.05,0.9229,572
1700866951,Roshini,George,DO,oncology,Somerville,NJ,08876,40.589554,-74.685411,32,,0.6891,381
1700872561,Andrew,Tarulli,MD,neurology,Morristown,NJ,07960,40.779235,-74.502462,25,,0.7854,274
1700879954,Anjali,Bhandarkar,MD,primary-care,Hamilton,NJ,08619,40.242301,-74.696408,26,,0.7355,181
1700886132,Kaushik,Modi,MD,cardiology,Bayonne,NJ,07002,40.662495,-74.110201,45,85.15,1.9327,317
1700890217,Parviz,Moazami,MD,primary-care,Guttenberg,NJ,07093,40.786704,-74.008909,,,1.3398,40
1700890837,Alyse,Bellomo,MD,gastroenterology,Nutley,NJ,07110,40.820616,-74.156250,31,96.09,0.7968,136
1700906815,Anne,Park,DO,primary-care,Hackensack,NJ,07601,40.889398,-74.045698,23,96.09,0.8240,76
1700908662,Frank,Banks,DO,primary-care,Blackwood,NJ,08012,39.783815,-75.056068,51,,2.5190,90
1700935186,Robert,Schumeister,MD,psychiatry,Englewood,NJ,07631,40.891197,-73.972515,36,,1.8502,116
1700940954,Monte,Pellmar,MD,neurology,Hackensack,NJ,07601,40.889398,-74.045698,52,81.33,2.3109,119
1700955010,Anthony,Califano,MD,primary-care,Nutley,NJ,07110,40.820616,-74.156250,44,24.24,1.4959,238
1700957479,Steven,Belt,MD,primary-care,Midland Park,NJ,07432,40.995809,-74.141262,51,78.07,2.9523,328
1700966330,Herman,Cohen,DO,primary-care,Pennsauken,NJ,08110,39.971893,-75.057876,37,,1.5791,165
1700971041,Joseph,Ballaro,MD,primary-care,Paramus,NJ,07652,40.947299,-74.070169,38,,0.4609,196
1700974441,Jonathan,Kass,MD,pulmonology,Camden,NJ,08103,39.935202,-75.112703,47,91.83,0.6691,485
1700976073,Mahmood,Siddique,DO,primary-care,Lawrenceville,NJ,08648,40.284490,-74.717487,35,91.16,4.5503,262
1700976198,Alican,Dalkilic,MD,psychiatry,Cherry Hill,NJ,08034,39.906100,-75.000375,33,,11.5825,39
1700977923,Eric,Costanzo,DO,pulmonology,Manasquan,NJ,08736,40.120018,-74.053257,25,75,0.7953,822
1700979044,Ghassan,Nahas,MD,primary-care,Secaucus,NJ,07094,40.781958,-74.067649,58,,4.4552,24
1700983061,Neeta,Datwani,MD,cardiology,Camden,NJ,08103,39.935202,-75.112703,35,91.83,0.5681,1817
1700988334,Saba,Hasan,MD,primary-care,Pennington,NJ,08534,40.329422,-74.792789,39,,0.6837,56
1700990637,Rafael,Pajaro,MD,primary-care,Morristown,NJ,07960,40.779235,-74.502462,34,,0.9315,205
1700991247,Saleem,Mahmood,MD,primary-care,Basking Ridge,NJ,07920,40.682268,-74.554143,37,,3.0714,566
1710016761,Mamatha,Mohan,MD,primary-care,East Orange,NJ,07018,40.755733,-74.217917,28,,3.3181,95
1710022793,Epifania,Cruz,MD,primary-care,Voorhees,NJ,08043,39.848570,-74.952843,43,,2.6507,30
1710024641,William,Barton,MD,primary-care,Plainsboro,NJ,08536,40.333076,-74.586628,37,,0.8977,729
1710033972,Robert,Elvove,MD,psychiatry,Ridgewood,NJ,07450,40.981591,-74.113506,60,,2.8956,38
1710037593,Farida,Iqbal-Hussain,MD,psychiatry,Marlton,NJ,08053,39.856677,-74.900810,46,,0.4856,43
1710046800,Adam,Glassman,MD,pulmonology,Englewood,NJ,07631,40.891197,-73.972515,38,,0.9782,454
1710047733,Florencio,Llacuna,MD,primary-care,Clifton,NJ,07013,40.869405,-74.173062,46,,1.7551,85
1710052204,Frederick,Lepore,MD,neurology,New Brunswick,NJ,08901,40.483638,-74.442460,51,88.4,0.9224,88
1710057625,Marie,Bernard,MD,primary-care,Flemington,NJ,08822,40.521995,-74.866644,34,,0.6066,286
1710058334,Nilesh,Shukla,MD,gastroenterology,Teaneck,NJ,07666,40.890317,-74.011478,30,75,2.0783,292
1710061056,Padma,Siripurapu,MD,primary-care,Jersey City,NJ,07302,40.718808,-74.044634,34,,0.0472,20
1710062294,Robert,Sweeting,MD,primary-care,Paramus,NJ,07652,40.947299,-74.070169,42,,1.8740,141
1710064720,Frances,Gurland,MD,psychiatry,Englewood,NJ,07631,40.891197,-73.972515,37,,1.6210,29
1710069471,Alan,Klein,MD,primary-care,Neptune,NJ,07753,40.210761,-74.074499,46,,1.6034,522
1710072301,Yeow,Tong,MD,primary-care,Piscataway,NJ,08854,40.539658,-74.462791,57,,1.3715,190
1710073408,Gerard,Faugno,MD,primary-care,Lyndhurst,NJ,07071,40.797113,-74.112980,45,96.09,1.3900,493
1710074158,Irene,Gabrial,MD,psychiatry,Perth Amboy,NJ,08861,40.520494,-74.272943,33,,0.9195,23
1710080114,Trevor,Atherley,MD,cardiology,Newark,NJ,07112,40.711391,-74.211683,55,98.51,1.4236,248
1710082094,Gregory,Cartnick,MD,primary-care,Neptune,NJ,07753,40.210761,-74.074499,23,,0.9147,62
1710094578,Olga,Goulko,MD,dermatology,Fort Lee,NJ,07024,40.850640,-73.971007,45,,0.6464,108
1710097829,Alan,Schechter,MD,dermatology,Manalapan,NJ,07726,40.286506,-74.342547,37,,0.5537,808
1710114301,Syed,Sirajuddin,MD,primary-care,Secaucus,NJ,07094,40.781958,-74.067649,22,85.15,1.4943,280
1710116835,Cristobal,Beiro,MD,orthopedics,Avenel,NJ,07001,40.583961,-74.269704,21,75,1.1635,290
1710143656,David,Roshal,DO,neurology,Turnersville,NJ,08012,39.783815,-75.056068,19,,0.5414,567
1710146386,Igor,Rybinnik,MD,neurology,New Brunswick,NJ,08901,40.483638,-74.442460,20,88.4,0.8856,186
1710146865,Beth,Stein,MD,neurology,Paterson,NJ,07503,40.897548,-74.154121,22,,1.4923,434
1710163357,Kumar,Satya,MD,cardiology,Hackensack,NJ,07601,40.889398,-74.045698,26,81.33,1.8753,315
1710171418,Michael,Houdart,DO,psychiatry,Westampton,NJ,08060,40.010005,-74.792207,21,,1.7383,77
1710179114,Marc,Menkowitz,MD,orthopedics,Shrewsbury,NJ,07702,40.326450,-74.057373,24,75,1.1014,310
1710181607,Shira,Goldberg,MD,primary-care,Neptune,NJ,07753,40.210761,-74.074499,22,98.51,0.7299,285
1710182654,Kalpeshkumar,Patel,MD,primary-care,Cinnaminson,NJ,08077,40.000162,-74.991632,25,,1.3279,211
1710185467,Vishal,Jain,MD,gastroenterology,Hackensack,NJ,07601,40.889398,-74.045698,29,98.3,1.1051,1003
1710187513,Troy,Randle,DO,cardiology,Cherry Hill,NJ,08034,39.906100,-75.000375,23,81.15,0.8216,597
1710220090,Luis,Grau,MD,orthopedics,Hackensack,NJ,07601,40.889398,-74.045698,13,,1.1623,182
1710226568,Nisha,Kumar,MD,primary-care,Voorhees,NJ,08043,39.848570,-74.952843,22,,0.7466,79
1710240213,Joanne,Marmol-Marmolejos,MD,primary-care,Red Bank,NJ,07701,40.360509,-74.078952,14,,0.4865,353
1710240254,Ram,Gowda,MD,neurology,New Brunswick,NJ,08901,40.483638,-74.442460,18,88.4,2.1182,147
1710242086,Mohammed,Gibreal,MD,cardiology,Fort Lee,NJ,07024,40.850640,-73.971007,15,96.09,0.6934,1111
1710248166,Nicky,Desai,MD,primary-care,Lakewood,NJ,08701,40.077069,-74.198510,15,,0.6750,368
1710257571,Florence,Unuigbe,MD,primary-care,Browns Mills,NJ,08015,39.931536,-74.543720,27,95.33,1.0456,234
1710271895,Theodore,Plush,DO,pulmonology,Camden,NJ,08103,39.935202,-75.112703,15,,2.3658,687
1710283965,Seth,Grossman,MD,orthopedics,Ridgewood,NJ,07450,40.981591,-74.113506,19,,1.5421,58
1710291307,Wai,Chan,DO,primary-care,Moorestown,NJ,08057,39.979658,-74.941308,16,99.52,0.9317,221
1710305339,Scott,Ferrara,DO,pulmonology,Lodi,NJ,07644,40.877915,-74.082500,12,81.33,1.2259,531
1710322730,Elizabeth,Evans,DO,primary-care,East Orange,NJ,07017,40.771918,-74.207082,13,,1.7630,161
1710334826,Joseph,Constantino,DO,gastroenterology,Rockaway,NJ,07866,40.954988,-74.488031,10,,0.9149,279
1710352554,Hongxiu,Luo,MD,endocrinology,New Brunswick,NJ,08901,40.483638,-74.442460,24,,0.9802,178
1710354931,Attiya,Ahmad,MD,primary-care,Teaneck,NJ,07666,40.890317,-74.011478,13,97.13,0.8594,204
1710365432,Christopher,Bazergui,DO,primary-care,Woodbury,NJ,08096,39.829402,-75.129032,11,99.52,0.7249,347
1710378690,Charles,Elias,DO,dermatology,Princeton,NJ,08540,40.364728,-74.656314,11,98.04,0.7416,696
1710390364,Priya,Shah,DO,endocrinology,Mount Laurel,NJ,08054,39.948992,-74.900247,9,,1.1676,79
1710392717,Anand,Desai,MD,primary-care,Voorhees,NJ,08043,39.848570,-74.952843,14,,0.4640,89
1710399985,Alexander,Perelman,DO,gastroenterology,West Orange,NJ,07052,40.785755,-74.265058,12,,1.3799,64
1710401203,Leah,Kincaid,MD,dermatology,Princeton,NJ,08540,40.364728,-74.656314,14,75,0.8897,444
1710410121,Saamia,Hossain,MD,pulmonology,Plainsboro,NJ,08536,40.333076,-74.586628,11,,0.7361,234
1710467592,Angelo,Sica,MD,psychiatry,Paterson,NJ,07503,40.897548,-74.154121,9,,0.5010,166
1710516935,Oleksandra,Petryna,MD,psychiatry,Brick,NJ,08724,40.091032,-74.114395,6,,0.4126,74
1710545959,Simone,Rubin,DO,primary-care,Hoboken,NJ,07030,40.745251,-74.027926,7,95.05,1.1992,228
1710560446,Sharvani,Naik,DO,primary-care,Bordentown,NJ,08505,40.135589,-74.707255,5,81.15,0.3785,13
1710902846,Leonid,Mandel,MD,cardiology,Morristown,NJ,07960,40.779235,-74.502462,23,,0.9775,943
1710908322,Kiwon,Lee,MD,neurology,Morristown,NJ,07960,40.779235,-74.502462,36,,1.1999,68
1710908934,Slobodan,Miric,MD,neurology,Denville,NJ,07834,40.886460,-74.487584,32,,2.4170,238
1710910930,Maureen,Kelleher,MD,primary-care,Clifton,NJ,07013,40.869405,-74.173062,52,,0.5368,221
1710911102,Joseph,Benevenia,MD,orthopedics,Newark,NJ,07103,40.738852,-74.195264,42,,2.4267,20
1710911391,Karen,Williams,MD,primary-care,Califon,NJ,07830,40.719283,-74.794021,22,,0.6582,250
1710912902,Esra,Onat,MD,primary-care,Morristown,NJ,07960,40.779235,-74.502462,42,,1.1346,195
1710914080,Joseph,Clancy,MD,primary-care,Tuckerton,NJ,08087,39.603959,-74.382181,45,,1.8376,363
1710915269,Priya,Gor,MD,oncology,Cherry Hill,NJ,08003,39.885852,-74.971145,26,,7.6219,515
1710918115,Nagesh,Krish,MD,neurology,Jersey City,NJ,07306,40.736294,-74.071128,44,100,2.4800,303
1710921804,Marcia,Gold,MD,primary-care,Red Bank,NJ,07701,40.360509,-74.078952,41,81.97,1.6269,389
1710924048,Paul,Cusano,MD,psychiatry,Clifton,NJ,07013,40.869405,-74.173062,54,,0.9535,55
1710925094,Ron,Hirsh,MD,psychiatry,Fair Lawn,NJ,07410,40.935830,-74.117505,43,,1.5453,47
1710929351,Kripa,Nambiar,MD,primary-care,Belle Mead,NJ,08502,40.448217,-74.653244,27,83.43,1.1955,398
1710929898,Zhexiang,Li,MD,primary-care,Florham Park,NJ,07932,40.777461,-74.392845,36,,2.1837,289
1710929989,Eliot,Greenberg,MD,neurology,Somerset,NJ,08873,40.499667,-74.531844,28,88.26,1.5103,477
1710931126,Saugato,Sanyal,MD,cardiology,Hammonton,NJ,08037,39.631681,-74.773893,39,,1.0804,1110
1710931498,Sukhjender,Goraya,MD,primary-care,Elizabeth,NJ,07202,40.652464,-74.216853,37,,2.2130,314
1710932959,Piotr,Huskowski,MD,gastroenterology,Clifton,NJ,07013,40.869405,-74.173062,44,,1.1798,132
1710940317,Olga,Lishko,MD,primary-care,Fair Lawn,NJ,07410,40.935830,-74.117505,38,75,1.2886,247
1710941414,Javid,Iqbal,MD,primary-care,Atlantic City,NJ,08401,39.377337,-74.451070,34,,0.9331,434
1710941836,Muhammad,Ayub,MD,primary-care,Newark,NJ,07112,40.711391,-74.211683,37,,0.7882,118
1710941851,Thomas,St John,MD,orthopedics,Flemington,NJ,08822,40.521995,-74.866644,31,89.99,1.0531,555
1710943154,David,Flores,MD,pulmonology,Jersey City,NJ,07302,40.718808,-74.044634,44,100,1.1885,227
1710949904,Jason,Moraleda,MD,primary-care,Galloway,NJ,08205,39.482000,-74.452637,31,,0.3365,422
1710951348,Michael,Schmidt,MD,gastroenterology,Teaneck,NJ,07666,40.890317,-74.011478,41,,0.8715,514
1710958137,Sarwan,Kahlam,MD,gastroenterology,Hackettstown,NJ,07840,40.860045,-74.831795,44,75,1.1606,1180
1710960711,Moataz,Hassan Ragheb,MD,psychiatry,Linwood,NJ,08221,39.339936,-74.564470,21,81.33,0.7573,31
1710960927,Ellen,Levan,MD,primary-care,Union City,NJ,07087,40.767224,-74.032429,44,,1.2988,226
1710961024,Jay,Stone,MD,cardiology,Toms River,NJ,08755,40.008534,-74.221768,41,98.51,0.5689,1555
1710961107,Brad,Bernardini,MD,orthopedics,Sewell,NJ,08080,39.757353,-75.122043,27,81.15,0.6405,198
1710963533,Charles,Accurso,MD,gastroenterology,Hillsborough,NJ,08844,40.497692,-74.670505,42,100,1.9602,418
1710964770,Gregg,Foos,MD,orthopedics,Tinton Falls,NJ,07724,40.298625,-74.074178,36,,0.9835,118
1710970553,Norman,Chazin,MD,psychiatry,Linwood,NJ,08221,39.339936,-74.564470,54,,0.7406,51
1710982210,Steven,Nadler,MD,gastroenterology,Hackensack,NJ,07601,40.889398,-74.045698,39,98.3,0.8466,769
1710984885,Joaquim,Noronha,MD,endocrinology,Somerset,NJ,08873,40.499667,-74.531844,53,,2.5213,144
1710986195,Jennifer,Peos,MD,primary-care,Livingston,NJ,07039,40.785828,-74.329100,30,,0.7484,125
1710987201,Madhavi,Pamidi,MD,cardiology,West Orange,NJ,07052,40.785755,-74.265058,41,98.51,0.6540,1611
1710987730,Alan,Israel,MD,oncology,Westwood,NJ,07675,41.003484,-74.001753,47,95.88,1.4682,257
1710988860,Vincent,Donnabella,MD,pulmonology,Edison,NJ,08820,40.576806,-74.365750,39,,1.3470,606
1710989264,Keith,Wyche,MD,cardiology,Freehold,NJ,07728,40.225793,-74.285785,32,98.51,0.8232,459
1710991187,Joseph,Cervone,MD,primary-care,Livingston,NJ,07039,40.785828,-74.329100,44,,0.8141,554
1710994439,Ruby,Saluja,MD,primary-care,Roselle,NJ,07203,40.652211,-74.260158,29,,1.9319,194
1710999230,Robert,Scott,MD,primary-care,Toms River,NJ,08755,40.008534,-74.221768,33,20.39,2.1792,305
1720003940,Paul,Wang,MD,primary-care,Hackensack,NJ,07601,40.889398,-74.045698,42,,1.4232,173
1720004021,Jerry,Jurado,MD,primary-care,Englewood,NJ,07631,40.891197,-73.972515,40,96.09,1.8748,214
1720008931,Tara,Wyche Bullock,MD,primary-care,Mullica Hill,NJ,08062,39.716095,-75.219267,25,,0.9911,151
1720012131,Edward,Steinberg,MD,psychiatry,Princeton,NJ,08540,40.364728,-74.656314,45,,0.5648,48
1720016108,Jenny,Liu,MD,primary-care,Fort Lee,NJ,07024,40.850640,-73.971007,39,,2.6655,206
1720019516,Jennefer,Monck,MD,neurology,Wayne,NJ,07470,40.945855,-74.245077,27,89.29,1.5707,1358
1720019532,Warren,Buck,MD,primary-care,Edison,NJ,08820,40.576806,-74.365750,52,96.09,5.3581,276
1720021488,Duane,Sossong,DO,primary-care,Randolph,NJ,07869,40.841640,-74.578522,42,21.97,2.2762,326
1720028921,Danette,Glenn,MD,primary-care,Sewell,NJ,08080,39.757353,-75.122043,40,,0.9671,172
1720033426,James,Amato,MD,cardiology,Glen Ridge,NJ,07028,40.804798,-74.204569,39,96.09,0.8902,913
1720034218,Enakshi,Bajpai,DO,cardiology,Camden,NJ,08103,39.935202,-75.112703,31,,0.6708,854
1720034606,Richard,Periut,MD,pulmonology,West New York,NJ,07093,40.786704,-74.008909,37,,1.2522,104
1720035926,Fotios,Tjoumakaris,MD,orthopedics,Egg Harbor Township,NJ,08234,39.388393,-74.620728,26,92.57,1.0267,585
1720044670,John,Vine,MD,dermatology,Princeton,NJ,08540,40.364728,-74.656314,34,,1.0719,765
1720048648,Patricia,Klein,MD,neurology,Westwood,NJ,07675,41.003484,-74.001753,50,71.05,1.1716,227
1720049232,Todd,Ryan,DO,orthopedics,Edison,NJ,08837,40.514281,-74.343859,31,36.72,1.1694,399
1720049976,Susan,Molinari,MD,neurology,Ridgewood,NJ,07450,40.981591,-74.113506,41,95.05,0.9702,312
1720053838,Miah,Kim,DO,primary-care,Freehold,NJ,07728,40.225793,-74.285785,34,,1.1268,392
1720057540,Aliona,Rudys,MD,primary-care,Fair Lawn,NJ,07410,40.935830,-74.117505,41,,2.6086,226
1720061070,Tadeusz,Majchrzak,MD,primary-care,Jersey City,NJ,07306,40.736294,-74.071128,51,,1.3078,150
1720063498,Kashmira,Patel,MD,primary-care,Ocean,NJ,07712,40.246895,-74.054502,35,,2.1729,314
1720064744,Richard,Rondanina,MD,primary-care,Hackettstown,NJ,07840,40.860045,-74.831795,30,,0.4600,322
1720068851,Robert,Davis,DO,primary-care,Voorhees,NJ,08043,39.848570,-74.952843,36,,0.6009,430
1720070980,Marnie,Doubek,MD,primary-care,Morristown,NJ,07960,40.779235,-74.502462,29,,1.5308,192
1720071541,Jessica,Petilla-Onorato,MD,primary-care,Morristown,NJ,07960,40.779235,-74.502462,35,,0.7470,306
1720071731,Girish,Amin,MD,oncology,Brick,NJ,08724,40.091032,-74.114395,40,100,7.6267,1130
1720075070,Edward,Harback,MD,cardiology,West Orange,NJ,07052,40.785755,-74.265058,51,98.51,0.9590,1029
1720077746,Michael,Fuhrman,MD,gastroenterology,Berkeley Heights,NJ,07922,40.676590,-74.427022,29,,1.1979,476
1720082092,Trina,Poretta,DO,oncology,Voorhees,NJ,08043,39.848570,-74.952843,30,93.98,4.3512,636
1720083132,Marc,Mayer,DO,primary-care,Iselin,NJ,08830,40.570142,-74.316371,43,,0.5941,476
1720087752,Kathleen,Toomey,MD,oncology,Somerville,NJ,08876,40.589554,-74.685411,48,98.51,0.4603,548
1720090079,Michael,Mainero,MD,gastroenterology,Woodland Park,NJ,07424,40.882319,-74.205876,41,82.89,4.1581,666
1720092141,Shazia,Saif,MD,dermatology,Neptune,NJ,07753,40.210761,-74.074499,26,94.26,1.1583,637
1720093107,Alieta,Eck,MD,primary-care,Piscataway,NJ,08854,40.539658,-74.462791,46,,0.8318,156
1720094576,Yelena,Korenfeld,MD,primary-care,Cliffside Park,NJ,07010,40.822052,-73.987938,49,,5.9938,180
1720110547,Nelson,Pichardo,MD,primary-care,Fair Lawn,NJ,07410,40.935830,-74.117505,44,,2.9036,45
1720113962,Sanjiv,Patel,MD,primary-care,Moorestown,NJ,08057,39.979658,-74.941308,35,,0.9911,280
1720126170,Pallav,Mehta,MD,oncology,Camden,NJ,08103,39.935202,-75.112703,25,91.83,0.4853,148
1720136153,Stephen,Cronin,MD,primary-care,Paterson,NJ,07514,40.924786,-74.144542,44,,0.9554,21
1720177090,Tricia,Gilbert,MD,pulmonology,East Brunswick,NJ,08816,40.429119,-74.416287,33,98.51,0.9287,658
1720184625,Eric,Eschinger,MD,gastroenterology,Hackensack,NJ,07601,40.889398,-74.045698,29,98.3,0.8405,661
1720185879,Donato,Santangelo,MD,primary-care,Toms River,NJ,08755,40.008534,-74.221768,44,93.66,1.2544,398
1720185978,Louis,Arno,MD,pulmonology,Flemington,NJ,08822,40.521995,-74.866644,40,84.94,1.0230,294
1720186455,Shamim,Saeed,MD,primary-care,Brick,NJ,08723,40.038584,-74.111600,34,96.09,0.9015,340
1720191778,Arnold,Fontanilla,DO,primary-care,Pennsauken,NJ,08109,39.949330,-75.049530,25,,0.6685,217
1720192032,Ijaz,Vehra,MD,cardiology,Pompton Plains,NJ,07444,40.967407,-74.306967,45,96.09,0.5678,1127
1720199730,Janice,Hallit Schnappauf,DO,primary-care,Branchburg,NJ,08876,40.589554,-74.685411,39,,0.5733,212
1720202278,Dakshesh,Patel,MD,neurology,Toms River,NJ,08755,40.008534,-74.221768,24,89.24,2.2614,1345
1720212467,Christian,Squillante,MD,oncology,Voorhees,NJ,08043,39.848570,-74.952843,17,91.83,0.5556,339
1720215197,Aanand,Geria,MD,dermatology,Rutherford,NJ,07070,40.820314,-74.106041,17,,0.8176,133
1720221484,Joshua,Weisbrot,MD,cardiology,Morristown,NJ,07960,40.779235,-74.502462,17,,0.7312,1673
1720227002,Michael,Sinkoff,DO,primary-care,Voorhees,NJ,08043,39.848570,-74.952843,18,,1.1750,1095
1720233059,John,Lowe,DO,primary-care,Camden,NJ,08103,39.935202,-75.112703,18,99.52,1.0825,301
1720233315,Alina,Tyndall,MD,primary-care,Morristown,NJ,07960,40.779235,-74.502462,20,,1.3360,39
1720236326,Graziella,Portalatin Chavez,MD,psychiatry,Red Bank,NJ,07701,40.360509,-74.078952,21,,1.4098,60
1720241391,Maria,Ramdial,MD,primary-care,Green Brook,NJ,08812,40.598731,-74.478793,18,,0.6045,292
1720248131,David,Cohen,MD,endocrinology,New Brunswick,NJ,08901,40.483638,-74.442460,20,,0.6857,124
1720249618,Phillip,Ruisi,DO,cardiology,Mountain Lakes,NJ,07046,40.890853,-74.442032,18,,0.8360,1542
1720249923,Adam,Trenton,DO,psychiatry,New Brunswick,NJ,08901,40.483638,-74.442460,18,88.4,1.1787,132
1720267081,Brandon,Howard,MD,primary-care,Fort Lee,NJ,07024,40.850640,-73.971007,24,96.88,1.4711,1153
1720299340,Nirav,Shah,DO,pulmonology,Freehold,NJ,07728,40.225793,-74.285785,23,,1.0086,1000
1720303373,Heeral,Mehta,MD,neurology,Phillipsburg,NJ,08865,40.708226,-75.147073,17,97.13,1.1161,454
1720303639,Thomas,Tarity,MD,orthopedics,Somers Point,NJ,08244,39.315511,-74.598278,16,84.91,0.9882,336
1720316367,Mohammad,Daftani,MD,primary-care,Elizabeth,NJ,07201,40.671272,-74.177358,20,,0.4805,22
1720341464,Lisa,Monahan,DO,cardiology,Pennington,NJ,08534,40.329422,-74.792789,14,96.91,0.5765,628
1720379845,Matthew,Tremblay,MD,neurology,Livingston,NJ,07039,40.785828,-74.329100,15,98.51,0.8532,162
1720385503,Ying,Liu,MD,primary-care,Westfield,NJ,07090,40.651644,-74.343447,28,,0.4962,144
1720414584,Stephanie,Flaherty,DO,primary-care,Camden,NJ,08103,39.935202,-75.112703,13,99.52,1.2758,149
1720435605,Edwin,Theosmy,DO,orthopedics,Hackensack,NJ,07601,40.889398,-74.045698,10,81.33,1.2354,264
1720436074,Marc,Katz,MD,cardiology,Jersey City,NJ,07302,40.718808,-74.044634,10,98.51,0.3889,1096
1720440126,Dhipu,Sebastian,MD,primary-care,Camden,NJ,08103,39.935202,-75.112703,10,81.15,0.8275,343
1720441934,Shrey,Shah,MD,pulmonology,Flemington,NJ,08822,40.521995,-74.866644,11,84.94,1.0844,520
1720448293,Bindiya,Shah,MD,primary-care,Voorhees,NJ,08043,39.848570,-74.952843,11,81.15,0.7365,473
1720469810,Shaileja,Pamnani,MD,primary-care,Scotch Plains,NJ,07076,40.633029,-74.372899,19,96.09,4.5455,155
1720469950,Shefali,Shah,MD,primary-care,Oakhurst,NJ,07755,40.263470,-74.023623,11,98.3,0.7991,413
1720484777,Doney,Jain,MD,primary-care,Clifton,NJ,07013,40.869405,-74.173062,17,24.46,3.1711,296
1720488315,Zeshawn,Ali,DO,psychiatry,Newark,NJ,07103,40.738852,-74.195264,12,,2.6683,22
1720493604,Isha,Verma,MD,cardiology,Hoboken,NJ,07030,40.745251,-74.027926,14,95.05,0.5008,681
1720505431,Nikhitha,Mantri,MD,gastroenterology,Turnersville,NJ,08012,39.783815,-75.056068,11,,0.7680,157
1720511819,Kristine,Cornejo,MD,primary-care,Morristown,NJ,07960,40.779235,-74.502462,13,,0.6289,305
1720528284,Charles,Defendorf,DO,primary-care,Monroe,NJ,08831,40.334341,-74.432502,9,,1.2351,402
1720547581,Mercy,Anighoro,MD,primary-care,Newark,NJ,07112,40.711391,-74.211683,13,,0.7364,26
1720566177,Jingu,Lee,DO,psychiatry,Hampton,NJ,08827,40.668424,-74.968377,9,,4.0689,14
1720577588,Yasmine,Mourad,DO,primary-care,Lambertville,NJ,08530,40.370020,-74.910161,8,,0.5074,261
1720584402,Mohammed,Mahdi,MD,primary-care,Camden,NJ,08103,39.935202,-75.112703,14,81.15,0.5614,468
1720584576,Rany,Mekhail,MD,primary-care,Livingston,NJ,07039,40.785828,-74.329100,15,,0.9220,274
1720644735,Barbara,Gordon-Kundu,MD,neurology,Paramus,NJ,07652,40.947299,-74.070169,7,81.33,0.7507,92
1720648223,Ali,Haydar,MD,primary-care,Willingboro,NJ,08046,40.027950,-74.886984,7,99.52,0.9185,309
1720649841,Neel,Sahni,DO,primary-care,Red Bank,NJ,07701,40.360509,-74.078952,9,,0.4750,448
1730103797,David,Goldstein,MD,pulmonology,Hackensack,NJ,07601,40.889398,-74.045698,46,81.33,0.6326,118
1730105388,Charles,Sprigman,DO,primary-care,Glassboro,NJ,08028,39.692129,-75.124675,28,,0.4381,276
1730107145,Anubha,Sinha,MD,gastroenterology,Hillsborough,NJ,08844,40.497692,-74.670505,28,,1.4793,160
1730108150,Peter,Duch,MD,cardiology,Metuchen,NJ,08840,40.543139,-74.358981,40,87.67,1.3472,747
1730108754,Laila,Almeida,MD,dermatology,Parsippany,NJ,07054,40.853767,-74.401574,43,78.13,0.7876,864
1730112012,Kathirgamathas,Kurunathapillai,MD,primary-care,Edison,NJ,08817,40.514655,-74.393104,37,,4.2562,121
1730112632,Vineshkumar,Patel,MD,cardiology,Egg Harbor Township,NJ,08234,39.388393,-74.620728,32,,1.0088,1263
1730116211,Wilfredo Tomas,Cruz,MD,primary-care,Jersey City,NJ,07306,40.736294,-74.071128,28,96.09,2.7763,55
1730116690,Ann Marie,Mascellino,MD,neurology,Wayne,NJ,07470,40.945855,-74.245077,30,89.29,1.1582,686
1730119934,Jack,Shields,MD,primary-care,Bridgeton,NJ,08302,39.438613,-75.260646,50,,1.1485,328
1730128968,Shikhar,Soni,MD,primary-care,Manahawkin,NJ,08050,39.712132,-74.231888,29,82.33,1.2246,560
1730130840,Ricardo,Mabanta,MD,neurology,Marlton,NJ,08053,39.856677,-74.900810,40,81.15,0.8629,716
1730133141,Oleg,Kaim,MD,primary-care,Englewood,NJ,07631,40.891197,-73.972515,42,28.8,1.3808,476
1730134826,Khurram,Zubair,MD,primary-care,Trenton,NJ,08638,40.254018,-74.763385,37,96.91,1.5319,275
1730136854,Naim,Nazha,MD,oncology,Northfield,NJ,08225,39.358340,-74.536312,47,97.66,15.4427,923
1730139619,Robert,Masci,MD,cardiology,Newton,NJ,07860,41.057287,-74.802737,43,92.25,1.3361,1041
1730146051,Liviu,Crisan,MD,primary-care,Forked River,NJ,08731,39.859886,-74.292741,48,,1.2814,280
1730148321,Subhashchandra,Javia,MD,psychiatry,Phillipsburg,NJ,08865,40.708226,-75.147073,48,25.54,0.9338,539
1730150996,Lauren,Maza,MD,primary-care,Woodbridge,NJ,07095,40.552857,-74.286939,33,,0.7358,262
1730152943,Walter,Rhoades,MD,psychiatry,Lumberton,NJ,08048,39.953850,-74.803026,33,81.15,0.3220,25
1730153594,David,Schmitt,MD,primary-care,Lambertville,NJ,08530,40.370020,-74.910161,34,,0.4828,364
1730156829,Stephen,Sherer,MD,cardiology,Ridgefield,NJ,07657,40.832677,-74.014088,51,,0.7071,685
1730160391,Alan,Pope,MD,pulmonology,Cherry Hill,NJ,08034,39.906100,-75.000375,46,81.15,0.8300,118
1730160870,Ira,Zucker,MD,gastroenterology,Emerson,NJ,07630,40.974990,-74.023248,45,96.09,1.0476,418
1730161084,Joseph,Bogdan,MD,orthopedics,Brick,NJ,08724,40.091032,-74.114395,34,75,1.0989,965
1730161654,Stephen,Martino,MD,neurology,Brick,NJ,08724,40.091032,-74.114395,28,75,0.9340,999
1730169632,Santhosh,Cheela,MD,gastroenterology,Old Bridge,NJ,08857,40.392789,-74.330397,49,,1.1255,428
1730173584,Robert,Shavelson,MD,primary-care,Tinton Falls,NJ,07753,40.210761,-74.074499,40,96.09,1.1113,294
1730176611,Leonard,Dipisa,MD,cardiology,Forked River,NJ,08731,39.859886,-74.292741,48,98.51,0.7242,1770
1730184318,Joel,Landzberg,MD,cardiology,Hoboken,NJ,07030,40.745251,-74.027926,27,95.05,1.0805,828
1730185612,Mojdeh,Haghverdi,MD,primary-care,Woodland Park,NJ,07424,40.882319,-74.205876,35,,1.1421,142
1730187352,Wanda,Choy,MD,pulmonology,Ridgewood,NJ,07450,40.981591,-74.113506,33,95.05,2.6598,657
1730192691,Eric,Driscoll,DO,primary-care,Absecon,NJ,08201,39.423563,-74.493025,30,,0.8176,711
1730198854,Ahmad,Haj-Ibrahim,MD,primary-care,Roebling,NJ,08554,40.112984,-74.781093,39,,0.7280,165
1730199696,Shari,Mintz,MD,endocrinology,Parsippany,NJ,07054,40.853767,-74.401574,27,93.36,1.7087,627
1730219981,Clinton,Ogolo,MD,primary-care,Trenton,NJ,08609,40.225747,-74.740906,41,,1.2642,143
1730223298,Christopher,Zarro,MD,orthopedics,Newark,NJ,07103,40.738852,-74.195264,24,,2.1782,286
1730227141,Jorge,Delgado,MD,primary-care,Elizabeth,NJ,07202,40.652464,-74.216853,58,,0.8134,18
1730231200,Alexandra,Forman Chou,MD,psychiatry,Jersey City,NJ,07306,40.736294,-74.071128,27,,1.5226,17
1730257619,Tamer,Behman,MD,primary-care,Fort Lee,NJ,07024,40.850640,-73.971007,35,,1.0068,16
1730269994,Jeffrey,Farnese,MD,primary-care,Little Falls,NJ,07424,40.882319,-74.205876,30,,2.0208,386
1730273368,Stephanie,Badalamenti,MD,dermatology,Livingston,NJ,07039,40.785828,-74.329100,30,,0.5962,1316
1730273418,Frank,Abenante,MD,psychiatry,Manahawkin,NJ,08050,39.712132,-74.231888,34,20.6,3.7792,214
1730273772,Ekram,Hanna,MD,primary-care,Bridgeton,NJ,08302,39.438613,-75.260646,40,,1.1925,460
1730274473,Louis,Bouillon,MD,orthopedics,Dover,NJ,07801,40.901125,-74.564783,47,20.04,0.8375,322
1730276437,George,Guariglia,DO,primary-care,Hewitt,NJ,07421,41.173740,-74.352613,30,96.09,1.0587,649
1730288259,Erika,Studint,MD,primary-care,Dover,NJ,07801,40.901125,-74.564783,32,,2.0844,121
1730295171,Rosalind,Kaplan,MD,primary-care,Camden,NJ,08103,39.935202,-75.112703,39,99.52,0.3209,45
1730314485,Rehan,Shamim,MD,orthopedics,Teaneck,NJ,07666,40.890317,-74.011478,17,,1.2162,221
1730321662,Tracy,Proverbs Singh,MD,oncology,Hackensack,NJ,07601,40.889398,-74.045698,17,81.1,4.3457,549
1730326133,Sandeep,Riar,MD,primary-care,Carteret,NJ,07008,40.583790,-74.227457,24,,2.1557,268
1730327834,Divya,Menon,MD,cardiology,Freehold,NJ,07728,40.225793,-74.285785,24,98.51,1.0090,1238
1730341322,Iyad,Baker,MD,primary-care,Edgewater,NJ,07020,40.824650,-73.973793,18,,1.2075,394
1730341744,Adi,Ganz,MD,cardiology,Cherry Hill,NJ,08034,39.906100,-75.000375,18,,0.5950,1433
1730347212,Kent,Fung,MD,primary-care,Brick,NJ,08723,40.038584,-74.111600,19,96.09,1.0325,396
1730352576,Alvin,Micabalo,DO,primary-care,Clifton,NJ,07013,40.869405,-74.173062,23,,1.1139,124
1730367293,Sanjukta,Sanyal,MD,cardiology,Bridgewater,NJ,08807,40.592434,-74.618840,20,,1.0883,935
1730370891,Neveen,Malik,DO,pulmonology,Turnersville,NJ,08012,39.783815,-75.056068,20,,0.6460,328
1730383530,Tanya,Blanch,MD,primary-care,Hackensack,NJ,07601,40.889398,-74.045698,20,,0.5669,51
1730442443,Mark,Ghobrial,DO,orthopedics,Linden,NJ,07036,40.624711,-74.239362,14,75,1.1365,383
1730448440,Arush,Singh,MD,gastroenterology,Secaucus,NJ,07094,40.781958,-74.067649,6,85.15,0.9019,59
1730477555,Allan Louie,Cruz,MD,oncology,Jersey City,NJ,07302,40.718808,-74.044634,19,98.51,0.7707,104
1730478520,Ying,Tang,MD,gastroenterology,Sparta,NJ,07871,41.046696,-74.627989,24,78.05,1.3039,705
1730541103,Roozbeh,Ghavami,MD,primary-care,Cherry Hill,NJ,08034,39.906100,-75.000375,10,,0.5020,314
1730558354,Esther,Hoffman,DO,primary-care,Dumont,NJ,07628,40.945239,-73.992428,14,,0.9601,157
1730560988,John,Galezniak,DO,primary-care,Camden,NJ,08103,39.935202,-75.112703,11,,0.4898,379
1730573007,Kimberly,Barnum,DO,primary-care,Berkeley Heights,NJ,07922,40.676590,-74.427022,11,,1.5292,361
1730573437,Jigger,Patel,MD,primary-care,Pennington,NJ,08534,40.329422,-74.792789,,,0.4178,255
1730575630,Mara,Gordon,MD,primary-care,Camden,NJ,08105,39.950340,-75.096278,11,99.52,0.8866,47
1730576117,Patrick,Kane,MD,psychiatry,Neptune,NJ,07753,40.210761,-74.074499,11,81.33,0.6687,134
1730610999,Daniel,Helbig,MD,oncology,Cherry Hill,NJ,08003,39.885852,-74.971145,9,,1.9053,441
1730612672,Nisha,Rao,MD,primary-care,East Windsor,NJ,08520,40.255800,-74.539882,9,96.91,1.1210,139
1730614249,Jang Hwan,Bae,DO,primary-care,Ocean,NJ,07712,40.246895,-74.054502,9,,0.4938,490
1730649054,Parisa,Heidari,MD,neurology,North Bergen,NJ,07047,40.793644,-74.025027,14,,0.5838,36
1730673799,Vladimir,Joseph,MD,cardiology,Hackensack,NJ,07601,40.889398,-74.045698,8,81.33,0.8434,108
1730675760,Conor,Dunn,MD,orthopedics,Union,NJ,07083,40.695266,-74.269078,10,,0.9612,50
1730683632,Gianangelo,Graci,MD,primary-care,Morristown,NJ,07960,40.779235,-74.502462,8,,0.9711,165
1730702143,Ryan,Liu,MD,primary-care,Glassboro,NJ,08028,39.692129,-75.124675,6,99.52,0.4789,489
1730717141,Javeria,Riaz,MD,primary-care,Newark,NJ,07103,40.738852,-74.195264,13,,0.5211,98
1730717794,Shaili,Patel,MD,primary-care,Hamilton,NJ,08610,40.193643,-74.715963,6,,0.9596,151
1730751330,Aasim,Chaudhry,MD,primary-care,Freehold,NJ,07728,40.225793,-74.285785,6,,0.8155,167
1740200666,Dariusz,Nowak,MD,endocrinology,Linden,NJ,07036,40.624711,-74.239362,40,96.09,1.8011,325
1740203520,Sheng,Ye,MD,primary-care,Englewood,NJ,07631,40.891197,-73.972515,41,,1.6460,340
1740204361,Sergiusz,Kaftal,MD,primary-care,Basking Ridge,NJ,07920,40.682268,-74.554143,48,,3.5741,112
1740213297,Zamir,Brelvi,MD,gastroenterology,Bloomfield,NJ,07003,40.809141,-74.187142,35,96.09,1.1958,170
1740215144,Robert,Denniston,MD,primary-care,Mount Holly,NJ,08060,40.010005,-74.792207,54,,1.9090,73
1740217652,Ralph,Costa,MD,primary-care,Voorhees,NJ,08043,39.848570,-74.952843,40,,0.3074,42
1740222702,Jill,Collier,MD,gastroenterology,Toms River,NJ,08755,40.008534,-74.221768,36,98.3,0.8496,1013
1740224633,William,Bradway,DO,pulmonology,Cape May Court House,NJ,08210,39.119187,-74.823188,49,,0.6558,815
1740226950,Sam,Kim,MD,dermatology,Berkeley Heights,NJ,07922,40.676590,-74.427022,28,,1.1922,1160
1740227560,Imad,Saedeldine,MD,primary-care,Paterson,NJ,07503,40.897548,-74.154121,40,,1.6058,73
1740228550,Curtis,Byrnes,DO,primary-care,Allentown,NJ,08501,40.166258,-74.552543,30,22.3,0.8847,406
1740230051,Naila,Wasti,MD,primary-care,Lawrenceville,NJ,08648,40.284490,-74.717487,38,96.91,1.1271,191
1740235225,Alber,Moussa,MD,primary-care,East Brunswick,NJ,08816,40.429119,-74.416287,43,,3.6325,305
1740236975,Sharon,Fried,MD,dermatology,Englewood,NJ,07631,40.891197,-73.972515,46,,0.7112,599
1740237627,Robert,Sollitto,MD,dermatology,Voorhees,NJ,08043,39.848570,-74.952843,36,88.12,3.4440,1795
1740237940,Anthony,Natelli,MD,primary-care,Paterson,NJ,07503,40.897548,-74.154121,48,,5.5268,124
1740245539,Roderick,Kaufmann,MD,dermatology,Princeton,NJ,08540,40.364728,-74.656314,45,98.04,0.8621,1623
1740248160,Barbara,Cencora,MD,gastroenterology,Marlboro,NJ,07746,40.323490,-74.254572,38,98.3,0.8172,593
1740249457,Marcus,Magnet,MD,primary-care,West Deptford,NJ,08096,39.829402,-75.129032,28,,1.1868,655
1740251495,Stephen,Spates,MD,dermatology,Verona,NJ,07044,40.832468,-74.242863,29,100,5.1400,690
1740252261,David,Cohn,MD,pulmonology,Woodbury,NJ,08097,39.813290,-75.150650,40,,0.5831,644
1740253871,Gaetano,Aquilino,DO,primary-care,Tinton Falls,NJ,07724,40.298625,-74.074178,45,,1.5317,216
1740254564,Richard,Mackessy,MD,orthopedics,Linden,NJ,07036,40.624711,-74.239362,48,75,0.7672,399
1740257955,Neil,Rothstein,MD,cardiology,Robbinsville,NJ,08691,40.208319,-74.600928,34,,0.3696,1012
1740259019,Gary,Berger,MD,primary-care,Morristown,NJ,07960,40.779235,-74.502462,53,,0.7951,306
1740259639,Adekunle,Adeoti,MD,gastroenterology,East Orange,NJ,07018,40.755733,-74.217917,42,,1.5902,116
1740259746,Syed,Hasni,MD,primary-care,Voorhees,NJ,08043,39.848570,-74.952843,30,,0.8814,227
1740271527,Tusar,Desai,MD,gastroenterology,Neptune,NJ,07753,40.210761,-74.074499,46,,0.8337,304
1740272509,Jerome,Horwitz,DO,cardiology,Cherry Hill,NJ,08034,39.906100,-75.000375,53,81.15,1.0068,544
1740275858,Glenn,Davis,MD,primary-care,Chester,NJ,07930,40.781309,-74.683590,38,,0.8129,981
1740281310,Stephen,Brunnquell,MD,primary-care,Harrington Park,NJ,07640,40.991681,-73.980202,37,96.09,1.5732,267
1740288091,David,Gehring,MD,primary-care,Woodbury,NJ,08096,39.829402,-75.129032,42,,0.7932,398
1740288752,Karel,Raska,MD,cardiology,Morristown,NJ,07960,40.779235,-74.502462,37,,0.2923,2623
1740291806,John,Murphy,MD,orthopedics,Hackettstown,NJ,07840,40.860045,-74.831795,38,,0.8981,195
1740294966,Sarah,Morris,MD,primary-care,Eatontown,NJ,07724,40.298625,-74.074178,35,,0.8880,254
1740309582,Donna,Wilson,DO,primary-care,Turnersville,NJ,08012,39.783815,-75.056068,22,,0.4980,435
1740323138,Dorothea,Altschul,MD,neurology,Ridgewood,NJ,07450,40.981591,-74.113506,25,,1.8409,120
1740323237,Michael,Bell,MD,psychiatry,Denville,NJ,07834,40.886460,-74.487584,46,,2.2079,34
1740332980,Waldemar,Silva,MD,primary-care,Paterson,NJ,07522,40.923569,-74.179225,44,,2.0114,59
1740340694,Brian,Isaacson,MD,psychiatry,Atlantic City,NJ,08401,39.377337,-74.451070,26,,0.4618,26
1740349968,Ruth,Clark-Brown,MD,neurology,East Orange,NJ,07018,40.755733,-74.217917,40,,1.1501,278
1740351683,Glenn,Kolansky,MD,dermatology,Tinton Falls,NJ,07701,40.360509,-74.078952,37,90.31,2.2238,1779
1740357953,Jessica,Horvath-Matthews,MD,primary-care,Haddon Heights,NJ,08035,39.879127,-75.065918,23,99.52,0.9834,173
1740364256,Marshall,Allegra,MD,orthopedics,Hazlet,NJ,07730,40.424164,-74.173732,44,,0.6313,180
1740367127,David,Swee,MD,primary-care,New Brunswick,NJ,08901,40.483638,-74.442460,51,98.51,1.1467,35
1740369511,Elizabeth,Varas,MD,psychiatry,Westwood,NJ,07675,41.003484,-74.001753,38,,3.3722,86
1740370204,Stephen,Jacobs,MD,primary-care,Paramus,NJ,07652,40.947299,-74.070169,,,0.4457,43
1740373489,Ziad,Abbud,MD,cardiology,Neptune,NJ,07753,40.210761,-74.074499,35,81.97,3.3909,1930
1740375310,Justin,Brown,MD,dermatology,Verona,NJ,07044,40.832468,-74.242863,23,100,1.3025,1008
1740375898,Anthony,Parks,MD,orthopedics,Nutley,NJ,07110,40.820616,-74.156250,30,,0.6592,304
1740377654,Jane,Lee,MD,dermatology,Metuchen,NJ,08840,40.543139,-74.358981,32,95.42,1.0097,1241
1740381185,Evan,O'Brien,MD,orthopedics,West Deptford,NJ,08096,39.829402,-75.129032,38,,1.1069,122
1740392075,Booth,Durham,MD,dermatology,Sewell,NJ,08080,39.757353,-75.122043,51,95.73,4.6698,747
1740393412,Katherina,Canales,MD,primary-care,Ewing,NJ,08628,40.264418,-74.827047,25,96.91,1.1233,263
1740394949,Michael,Kleinman,DO,primary-care,Turnersville,NJ,08012,39.783815,-75.056068,27,,0.4850,244
1740397181,Parvez,Alam,MD,primary-care,Jersey City,NJ,07305,40.693004,-74.069650,41,,1.6331,114
1740401066,Adrian,Popescu,MD,primary-care,Turnersville,NJ,08012,39.783815,-75.056068,25,,0.8240,322
1740411933,Rafeeq,Ahmed,MD,gastroenterology,Manahawkin,NJ,08050,39.712132,-74.231888,22,,0.6439,294
1740414713,Chika,Nwokeh,MD,primary-care,East Orange,NJ,07018,40.755733,-74.217917,22,,0.9484,106
1740417385,Dara,Lankaranian,MD,primary-care,Somers Point,NJ,08244,39.315511,-74.598278,32,81.15,0.7219,448
1740456318,Brian,Winters,MD,orthopedics,Cape May Court House,NJ,08210,39.119187,-74.823188,18,92.57,0.8237,328
1740457571,Amarnath,Avancha,MD,cardiology,Passaic,NJ,07055,40.857552,-74.129089,44,96.09,0.8778,280
1740459874,Berhanu,Melka,MD,primary-care,Trenton,NJ,08638,40.254018,-74.763385,22,87.07,0.4415,247
1740466861,Liana,Spano-Brennan,DO,cardiology,Berkeley Heights,NJ,07922,40.676590,-74.427022,22,,0.7927,1382
1740471580,Ninfa,Alcasid,MD,primary-care,Brick,NJ,08724,40.091032,-74.114395,25,,1.1605,598
1740472885,Usha,Thalody,MD,primary-care,Elizabeth,NJ,07202,40.652464,-74.216853,25,,2.4946,94
1740485887,Kevin,White,DO,orthopedics,Hackettstown,NJ,07840,40.860045,-74.831795,23,89,0.4623,180
1740487628,Seokkoon,Cho,MD,psychiatry,Teaneck,NJ,07666,40.890317,-74.011478,37,,2.5463,25
1740488402,Stanislav,Goykhman,MD,endocrinology,Lyndhurst,NJ,07071,40.797113,-74.112980,17,98.51,0.9988,801
1740504539,Tanvi,Patel,MD,dermatology,Toms River,NJ,08755,40.008534,-74.221768,16,,0.8442,820
1740519834,Sara,Khalil,MD,primary-care,New Brunswick,NJ,08901,40.483638,-74.442460,15,98.51,1.2500,238
1740544279,Ana,Laureano,MD,dermatology,Bayonne,NJ,07002,40.662495,-74.110201,15,100,0.6918,534
1740548502,Sarah,Ross,MD,psychiatry,Morristown,NJ,07960,40.779235,-74.502462,14,,0.4682,93
1740549864,Soemiwati,Holland,MD,endocrinology,Hackensack,NJ,07601,40.889398,-74.045698,22,81.33,0.9631,580
1740569805,David,Ratliff,MD,orthopedics,Wayne,NJ,07470,40.945855,-74.245077,21,,0.8740,254
1740593920,Sue,Yang Novellino,DO,primary-care,Turnersville,NJ,08012,39.783815,-75.056068,16,99.52,1.2814,105
1740607316,Normy,Dessalines,MD,primary-care,Shrewsbury,NJ,07702,40.326450,-74.057373,17,,2.9622,445
1740607969,Narmadha,Panneerselvam,MD,primary-care,Flemington,NJ,08822,40.521995,-74.866644,21,85.54,0.8372,512
1740611177,Christie,Mannino,MD,gastroenterology,Camden,NJ,08103,39.935202,-75.112703,14,,0.6168,170
1740643006,Tapati,Stalam,MD,cardiology,Salem,NJ,08079,39.542408,-75.431684,10,,0.4769,1211
1740664515,Miguel,Gonzalez Velez,MD,oncology,Hackensack,NJ,07601,40.889398,-74.045698,14,,0.4373,161
1740683275,Vishal,Khatri,MD,orthopedics,Red Bank,NJ,07701,40.360509,-74.078952,15,,1.1237,156
1740693142,Rujuta,Katkar,MD,endocrinology,Jersey City,NJ,07306,40.736294,-74.071128,14,,1.1680,63
1740695428,Jalpa,Patel,MD,primary-care,Garwood,NJ,07027,40.651331,-74.323152,21,,1.7039,102
1740695725,Sharath,Bellary,MD,primary-care,Berkeley Heights,NJ,07922,40.676590,-74.427022,13,,0.9932,249
1740725399,Yashodhan,Chivate,MD,primary-care,Camden,NJ,08103,39.935202,-75.112703,11,,1.1093,293
1740767672,Midhun,Mathew,MD,primary-care,Marlton,NJ,08053,39.856677,-74.900810,10,,0.6893,511
1740768571,Justin,Lee,MD,psychiatry,Pomona,NJ,08240,39.488059,-74.533973,8,,0.8383,39
1740777671,Sarah,Levy,DO,primary-care,Morristown,NJ,07960,40.779235,-74.502462,8,,0.9510,131
1740784388,Joo Hye,Park,MD,primary-care,Hackensack,NJ,07601,40.889398,-74.045698,8,,0.8165,151
1740784636,Reintine,Han,MD,primary-care,Berkeley Heights,NJ,07922,40.676590,-74.427022,10,,1.6280,146
1740809532,Barakat,Elshaikh,MD,primary-care,Montclair,NJ,07042,40.813487,-74.219011,17,,0.6090,994
1740859016,Audrey,Dong,DO,primary-care,Cherry Hill,NJ,08003,39.885852,-74.971145,5,93.22,0.3410,65
1740862150,Melissa,Few,DO,primary-care,Randolph,NJ,07869,40.841640,-74.578522,5,,0.7849,60
1750305835,Srinivas,Madane,MD,gastroenterology,Hackettstown,NJ,07840,40.860045,-74.831795,34,84.95,1.5921,657
1750312450,Thomas,Ortiz,MD,primary-care,Newark,NJ,07104,40.767713,-74.168350,45,,1.0327,71
1750314274,Jesse,Lomonaco,DO,primary-care,Marlton,NJ,08053,39.856677,-74.900810,55,,1.7817,277
1750314803,Sun,Miao,MD,primary-care,Galloway,NJ,08205,39.482000,-74.452637,44,30,1.9225,185
1750317301,Keith,Preis,MD,neurology,Audubon,NJ,08106,39.890992,-75.073329,31,83.53,1.0260,252
1750317889,Kurt,Von Suskil,MD,primary-care,Manasquan,NJ,08736,40.120018,-74.053257,39,,0.9449,568
1750318739,Rakesh,Mashru,MD,orthopedics,Camden,NJ,08103,39.935202,-75.112703,26,85.23,1.2628,199
1750321725,John,Robinton,MD,neurology,West Orange,NJ,07052,40.785755,-74.265058,48,,0.7018,169
1750325312,Lillian,Hwee,MD,primary-care,Lumberton,NJ,08048,39.953850,-74.803026,38,,0.6841,228
1750326211,Fouad,Albana,MD,primary-care,Holmdel,NJ,07733,40.374964,-74.173849,53,,1.4306,160
1750326534,Efrain,Paz,DO,orthopedics,Burlington,NJ,08016,40.068064,-74.832904,26,81.15,0.9336,361
1750328068,Michael,Moore,MD,orthopedics,Waldwick,NJ,07463,41.013367,-74.125217,39,89.22,1.5709,549
1750328639,Alexander,Golin,MD,psychiatry,Ho Ho Kus,NJ,07423,40.999500,-74.096583,29,,2.9966,31
1750328993,Joseph,Raccuglia,MD,primary-care,Freehold,NJ,07728,40.225793,-74.285785,33,100,1.4199,304
1750330072,Dushyant,Patel,MD,primary-care,Fair Lawn,NJ,07410,40.935830,-74.117505,31,96.09,2.6405,357
1750334538,Maurice,Leonard,MD,gastroenterology,Lumberton,NJ,08048,39.953850,-74.803026,44,95.33,0.7324,580
1750336038,Diego,Coira,MD,psychiatry,Oakland,NJ,07436,41.031022,-74.240502,43,,3.6479,18
1750336475,Ian,Brodrick,MD,primary-care,Newton,NJ,07860,41.057287,-74.802737,41,,0.4087,264
1750340857,Anthony,Sauerwein,MD,cardiology,Columbus,NJ,08022,40.067590,-74.705741,39,81.15,0.6110,1668
1750347449,Thomas,Bellavia,MD,primary-care,Hasbrouck Heights,NJ,07604,40.861513,-74.073114,,81.46,2.5386,780
1750348447,Steven,Weinfeld,MD,orthopedics,Berkeley Heights,NJ,07922,40.676590,-74.427022,36,,0.5102,265
1750348520,Kenneth,Adessa,MD,primary-care,Parsippany,NJ,07054,40.853767,-74.401574,31,,1.0748,398
1750349965,Madanmohan,Patel,MD,primary-care,Paramus,NJ,07652,40.947299,-74.070169,40,,1.7545,93
1750350682,Joel,Nwosu-Nelson,MD,primary-care,Clifton,NJ,07013,40.869405,-74.173062,39,,2.4551,41
1750354346,Philip,Micale,MD,gastroenterology,Teaneck,NJ,07666,40.890317,-74.011478,33,,0.8332,547
1750361663,Terrie,Ginsberg,DO,primary-care,Stratford,NJ,08084,39.828990,-75.015536,29,81.15,1.2969,295
1750361820,Joshua,Coren,DO,primary-care,Mount Laurel,NJ,08054,39.948992,-74.900247,24,81.15,0.7993,98
1750361838,Joanne,Kaiser Smith,DO,primary-care,Stratford,NJ,08084,39.828990,-75.015536,42,81.15,1.2287,103
1750364261,Lucinda,Fisher,MD,primary-care,Marlton,NJ,08053,39.856677,-74.900810,27,,0.5143,332
1750371290,Mark,Gabelman,MD,cardiology,North Bergen,NJ,07047,40.793644,-74.025027,46,81.33,0.9406,958
1750372686,Kush,Sachdeva,MD,oncology,Vineland,NJ,08360,39.492354,-75.003447,36,99.06,9.6366,510
1750380358,Samih,Abbassi,MD,primary-care,North Bergen,NJ,07047,40.793644,-74.025027,55,85.15,0.7113,99
1750382818,Frederic,Scoopo,MD,pulmonology,Rockaway,NJ,07866,40.954988,-74.488031,38,,0.7647,1061
1750387494,Nancy,Allegar,MD,primary-care,Hillsborough,NJ,08844,40.497692,-74.670505,37,60.12,2.3789,347
1750387718,David,Snyder,MD,psychiatry,Moorestown,NJ,08057,39.979658,-74.941308,46,,0.8801,266
1750391041,Amir,Hanna,MD,neurology,Ridgefield,NJ,07657,40.832677,-74.014088,48,,0.3679,23
1750391686,Susan,Rodriguez Bostock,MD,primary-care,Ocean Grove,NJ,07756,40.211820,-74.006944,30,96.09,0.7657,156
1750392197,Masood,Rizvi,MD,gastroenterology,Clifton,NJ,07013,40.869405,-74.173062,58,96.09,1.4521,156
1750411666,Keith,Rinkus,MD,orthopedics,Red Bank,NJ,07701,40.360509,-74.078952,24,69.28,1.5657,208
1750424180,Thomas,Suczewski,MD,primary-care,Bayonne,NJ,07002,40.662495,-74.110201,44,20.57,2.1351,216
1750432720,Raghu,Kunamneni,MD,oncology,Red Bank,NJ,07701,40.360509,-74.078952,24,81.33,0.5993,272
1750437950,Robin,Leder,MD,primary-care,Hackensack,NJ,07601,40.889398,-74.045698,44,,1.4443,57
1750445680,Marcie,Rabin,MD,neurology,Livingston,NJ,07039,40.785828,-74.329100,20,,3.2672,182
1750452744,Prakash,Amin,MD,psychiatry,Mercerville,NJ,08619,40.242301,-74.696408,44,,0.9918,128
1750457305,M. Maral,Mouradian,MD,neurology,New Brunswick,NJ,08901,40.483638,-74.442460,44,88.4,1.1734,31
1750461232,Taru,Sinha,MD,primary-care,Freehold,NJ,07728,40.225793,-74.285785,36,,0.6106,33
1750461240,Missak,Haigentz,MD,oncology,New Brunswick,NJ,08901,40.483638,-74.442460,31,,0.7186,179
1750463113,Elizabeth,Ruskey,DO,primary-care,Turnersville,NJ,08012,39.783815,-75.056068,37,,0.3948,155
1750464491,Shailaja,Shah,MD,psychiatry,Hillsborough,NJ,08844,40.497692,-74.670505,37,,2.5032,75
1750466975,Robert,Spierer,MD,primary-care,Jamesburg,NJ,08831,40.334341,-74.432502,55,31.6,2.8169,232
1750468401,Dawn,Maier,MD,primary-care,Plainsboro,NJ,08536,40.333076,-74.586628,29,,0.8105,319
1750472205,Kenneth,Ordene,MD,endocrinology,Freehold,NJ,07728,40.225793,-74.285785,49,,0.7125,154
1750473286,Shalini,Mali,MD,primary-care,Montclair,NJ,07042,40.813487,-74.219011,29,96.09,3.9459,376
1750473658,Paul,Stillwell,MD,primary-care,Pennington,NJ,08534,40.329422,-74.792789,38,,0.7944,60
1750474656,Ajit,Sodhi,MD,primary-care,Fords,NJ,08863,40.537238,-74.312222,48,,1.6149,174
1750476396,Ron,Suzuki,MD,primary-care,Plainsboro,NJ,08536,40.333076,-74.586628,27,,1.1649,142
1750479705,Fauzia,Hameed,MD,primary-care,Woodbridge,NJ,07095,40.552857,-74.286939,36,,1.0800,84
1750484341,Carol,Ash,DO,pulmonology,Browns Mills,NJ,08015,39.931536,-74.543720,37,,1.2602,64
1750488466,Gregory,Lane,MD,orthopedics,Edison,NJ,08837,40.514281,-74.343859,38,,0.9515,113
1750489340,Eric,Wininger,MD,endocrinology,Freehold,NJ,07728,40.225793,-74.285785,27,,0.8254,536
1750497129,Rosa,Calderon,MD,primary-care,West New York,NJ,07093,40.786704,-74.008909,46,,2.8506,38
1750499034,Frederic,Heitzer,MD,primary-care,Freehold,NJ,07728,40.225793,-74.285785,44,75,1.4413,218
1750499158,David,Nitti,MD,primary-care,Hoboken,NJ,07030,40.745251,-74.027926,42,95.05,1.3416,439
1750499257,Maryann,Alessio,DO,primary-care,Nutley,NJ,07110,40.820616,-74.156250,32,96.09,1.3855,201
1750499455,James,Kanellakos,MD,orthopedics,Berkeley Heights,NJ,07922,40.676590,-74.427022,30,,1.1621,603
1750502811,Ruby,Hanna,MD,oncology,Voorhees,NJ,08043,39.848570,-74.952843,25,93.98,1.8193,174
1750512570,Shreyas,Saligram,MD,gastroenterology,Hillsborough,NJ,08844,40.497692,-74.670505,23,100,1.8756,417
1750523379,Preethi,Ramaswamy,MD,dermatology,Fair Lawn,NJ,07410,40.935830,-74.117505,18,75,0.7244,427
1750538609,Vikram,Gupta,MD,primary-care,Clifton,NJ,07011,40.880427,-74.143246,25,,2.1800,284
1750544391,Theresa,Disandro,DO,gastroenterology,Haddon Heights,NJ,08035,39.879127,-75.065918,23,81.15,2.3959,330
1750546610,Waqas,Rehman,MD,oncology,Flemington,NJ,08822,40.521995,-74.866644,19,100,13.0097,616
1750557310,Joe,Ahn,MD,cardiology,Bridgewater,NJ,08807,40.592434,-74.618840,24,,1.0599,1473
1750563805,Adrienne,Salerno,MD,primary-care,Hawthorne,NJ,07506,40.956957,-74.158561,19,,1.5067,295
1750572640,Pavani,Gunda,MD,primary-care,Stratford,NJ,08084,39.828990,-75.015536,25,,0.6688,118
1750573697,Ria,Lim,MD,endocrinology,Englewood,NJ,07631,40.891197,-73.972515,22,96.09,0.8239,319
1750585709,Yissell,Delvalle,MD,psychiatry,West New York,NJ,07093,40.786704,-74.008909,23,,3.9798,63
1750591087,Mayank,Mathur,MD,neurology,Lumberton,NJ,08048,39.953850,-74.803026,21,81.15,0.8076,583
1750600656,Avnee,Shah,MD,dermatology,Verona,NJ,07044,40.832468,-74.242863,16,100,0.7675,347
1750602264,Nedaa,Sharobeem,MD,primary-care,Bayonne,NJ,07002,40.662495,-74.110201,33,81.55,1.4051,84
1750641817,David,Zagha,MD,cardiology,Shrewsbury,NJ,07702,40.326450,-74.057373,14,81.97,1.8663,2262
1750644928,Leonard,Powell,DO,primary-care,Stratford,NJ,08084,39.828990,-75.015536,14,,0.5752,643
1750647277,Elizabeth,Edelstein,MD,primary-care,Little Silver,NJ,07739,40.336952,-74.034535,14,,0.9826,49
1750660924,Irfana,Khan,MD,primary-care,New Brunswick,NJ,08901,40.483638,-74.442460,23,,0.8592,524
1750673166,Lauren,Okon,MD,dermatology,Voorhees,NJ,08043,39.848570,-74.952843,15,100,1.2880,699
1750675807,Amit,Misra,MD,primary-care,West Orange,NJ,07052,40.785755,-74.265058,15,,0.8595,78
1750693909,Brian,Culp,MD,orthopedics,Princeton,NJ,08540,40.364728,-74.656314,20,75,1.3252,1041
1750712030,Neha,Patel,MD,primary-care,Egg Harbor Township,NJ,08234,39.388393,-74.620728,18,,0.7456,329
1750713616,Michael,Bayless,MD,primary-care,Berkeley Heights,NJ,07922,40.676590,-74.427022,13,,0.4237,536
1750724811,Muhammad,Haq,MD,cardiology,East Orange,NJ,07018,40.755733,-74.217917,13,,0.9228,582
1750733242,Aulio,Bustos Hemer,MD,primary-care,Englewood,NJ,07631,40.891197,-73.972515,13,84.1,0.7176,184
1750745766,Neera,Sinha,MD,gastroenterology,Harrington Park,NJ,07640,40.991681,-73.980202,10,96.09,0.9584,193
1750772539,Diane,Badin,MD,primary-care,Jersey City,NJ,07305,40.693004,-74.069650,19,,2.6670,148
1750775839,Alissa,Werzen,MD,primary-care,Sewell,NJ,08080,39.757353,-75.122043,7,,0.6919,532
1750776027,Asha,Mahajan,MD,cardiology,Bridgewater,NJ,08807,40.592434,-74.618840,11,98.51,1.3722,451
1750776126,Amanda,Deal,DO,primary-care,Pittsgrove,NJ,08318,39.557653,-75.177717,11,,0.5823,299
1750777447,Reenal,Patel,MD,primary-care,Newark,NJ,07112,40.711391,-74.211683,11,98.51,0.8005,275
1750801304,Dennis,Guest,DO,primary-care,Lawrenceville,NJ,08648,40.284490,-74.717487,9,96.91,1.4637,122
1750812764,Ummi,Khan,MD,primary-care,Trenton,NJ,08638,40.254018,-74.763385,11,,0.3634,324
1750814786,Nasar,Ali,DO,neurology,Neptune,NJ,07753,40.210761,-74.074499,9,,0.4479,261
1750844122,Timothy,Wuu,MD,primary-care,Toms River,NJ,08753,39.979668,-74.150739,10,96.09,1.3370,245
1750875050,Albino,Copca Alvarez,MD,primary-care,Manahawkin,NJ,08050,39.712132,-74.231888,21,100,0.5635,107
1750876553,Srilaxmi,Gujjula,MD,gastroenterology,Camden,NJ,08103,39.935202,-75.112703,8,78.15,0.6314,69
1750897880,Michael,Lozovatsky,MD,psychiatry,Maywood,NJ,07607,40.902885,-74.063457,12,81.33,0.4970,110
1750949798,Dauda,Rogers,MD,primary-care,Eatontown,NJ,07724,40.298625,-74.074178,12,96.09,0.7277,238
1750967121,Sohil,Doshi,MD,primary-care,Sewell,NJ,08080,39.757353,-75.122043,5,,0.3737,83
1760010847,Gerald,Orlando,DO,primary-care,Clarksboro,NJ,08020,39.794221,-75.222232,6,,0.8283,156
1760060990,Wahab,Umar,MD,primary-care,Old Bridge,NJ,08857,40.392789,-74.330397,10,,0.8508,158
1760400451,Faith,Young,MD,oncology,Camden,NJ,08103,39.935202,-75.112703,44,91.83,1.2910,18
1760401749,Neil,Nagaria,MD,gastroenterology,Toms River,NJ,08755,40.008534,-74.221768,26,75,1.1766,1462
1760416283,Jai,Mirchandani,MD,gastroenterology,Toms River,NJ,08755,40.008534,-74.221768,26,98.3,0.9417,708
1760418446,Anthony,Rostain,MD,psychiatry,Camden,NJ,08103,39.935202,-75.112703,46,96.42,1.0546,20
1760428494,Vincent,Renzi,MD,primary-care,Moorestown,NJ,08057,39.979658,-74.941308,41,99.52,1.0889,559
1760429369,Joseph,Fallon,MD,endocrinology,Stratford,NJ,08084,39.828990,-75.015536,47,81.15,0.5674,717
1760429690,Bela,Bhuskute,MD,primary-care,Neptune,NJ,07753,40.210761,-74.074499,35,,1.5025,449
1760429997,Guy,Nee,MD,primary-care,Pennington,NJ,08534,40.329422,-74.792789,36,92.94,1.4371,102
1760440929,Edward,Vecchione,DO,primary-care,Nutley,NJ,07110,40.820616,-74.156250,52,,1.7742,473
1760440986,Leonor,Ramos,MD,primary-care,Bayonne,NJ,07002,40.662495,-74.110201,36,85.15,0.7412,44
1760447197,Hilary,Hanchuk,MD,psychiatry,Somerset,NJ,08873,40.499667,-74.531844,40,,1.9050,62
1760447841,Tusharsindhu,Chauhan,MD,gastroenterology,Voorhees,NJ,08043,39.848570,-74.952843,40,81.15,2.6339,275
1760448401,Bennett,Leifer,MD,primary-care,Hoboken,NJ,07030,40.745251,-74.027926,40,95.05,1.0007,573
1760456016,Barry,Levant,MD,primary-care,Morristown,NJ,07960,40.779235,-74.502462,50,,1.4605,486
1760458426,Deborah,Lardner,MD,primary-care,Berkeley Heights,NJ,07922,40.676590,-74.427022,26,,0.4487,289
1760458699,John,Calicchio,MD,primary-care,Hackettstown,NJ,07840,40.860045,-74.831795,29,,1.0535,284
1760461172,Michael,Lospinuso,MD,orthopedics,Red Bank,NJ,07701,40.360509,-74.078952,44,75,1.0825,191
1760465603,Gregory,Herman,MD,primary-care,Marmora,NJ,08223,39.269520,-74.657118,38,,0.6586,255
1760470264,Howard,Blaustein,MD,pulmonology,Berkeley Heights,NJ,07922,40.676590,-74.427022,34,,0.8062,803
1760477061,Benjamin,Lessig,DO,primary-care,Tuckerton,NJ,08087,39.603959,-74.382181,30,,2.0939,132
1760483051,Steven,Nickles,DO,primary-care,Ramsey,NJ,07446,41.059136,-74.145931,39,95.05,2.8754,550
1760483804,Robert,Restifo,DO,pulmonology,Summit,NJ,07901,40.714923,-74.366372,42,,0.9954,855
1760483895,Simhadri,Gupta,MD,neurology,Edison,NJ,08820,40.576806,-74.365750,47,,2.7540,90
1760484729,Brad,Herman,MD,primary-care,Fair Lawn,NJ,07410,40.935830,-74.117505,42,89.98,2.8699,520
1760488696,Diane,Zanger,MD,cardiology,Englewood,NJ,07631,40.891197,-73.972515,35,96.09,0.6173,1067
1760501373,Jon,Heist,DO,primary-care,Glassboro,NJ,08028,39.692129,-75.124675,35,,1.2471,195
1760506059,Bahar,Dasgeb,MD,dermatology,New Brunswick,NJ,08901,40.483638,-74.442460,28,88.4,1.7990,142
1760511182,Priyanka,Nellori,MD,primary-care,Phillipsburg,NJ,08865,40.708226,-75.147073,26,97.13,0.7410,133
1760522163,Susan,Frankel,DO,primary-care,New Providence,NJ,07974,40.696919,-74.403853,37,,2.0807,243
1760534879,Paul,Wichman,MD,primary-care,Netcong,NJ,07857,40.897942,-74.693366,47,,1.0785,179
1760553762,Iuliana,Shapira,MD,oncology,Little Silver,NJ,07739,40.336952,-74.034535,32,80.53,1.3396,401
1760554323,Steven,Resnick,MD,psychiatry,Princeton,NJ,08540,40.364728,-74.656314,45,,3.8131,14
1760565071,Jon,Slotoroff,DO,primary-care,Pleasantville,NJ,08232,39.387525,-74.515196,52,,0.9143,289
1760571483,Anahita,Zimmerman,MD,primary-care,Montville,NJ,07045,40.906942,-74.365608,22,,0.7705,90
1760573513,Salaam,Alobeidy,MD,pulmonology,Galloway,NJ,08205,39.482000,-74.452637,43,94.84,2.4798,901
1760574651,Sarva,Singh,MD,primary-care,Englewood,NJ,07631,40.891197,-73.972515,48,96.09,1.8493,112
1760578785,Amina,Chowdhury,MD,psychiatry,Edison,NJ,08820,40.576806,-74.365750,35,98.51,0.6650,177
1760583868,Edward,Krupp,DO,primary-care,Montclair,NJ,07042,40.813487,-74.219011,27,25.88,1.6826,326
1760590251,Martin,Pontecorvo,DO,primary-care,Florham Park,NJ,07932,40.777461,-74.392845,38,,0.6824,705
1760594766,Shaila,Maddaiah,MD,psychiatry,Princeton,NJ,08540,40.364728,-74.656314,44,,0.5046,63
1760595888,Ronald,Rigolosi,MD,primary-care,Lodi,NJ,07644,40.877915,-74.082500,51,,2.9660,89
1760619241,Komal,Bhatt,MD,primary-care,New Brunswick,NJ,08901,40.483638,-74.442460,19,,0.5051,95
1760626774,Pooja,Raju,MD,pulmonology,Hackensack,NJ,07601,40.889398,-74.045698,20,81.33,1.0136,117
1760643944,Heewa,Faraj,MD,primary-care,Pennington,NJ,08534,40.329422,-74.792789,32,,0.5526,604
1760645030,Marc,Morresi,MD,primary-care,Berkeley Heights,NJ,07922,40.676590,-74.427022,21,,0.9286,181
1760650394,Vivek,Bagade,MD,primary-care,Clifton,NJ,07011,40.880427,-74.143246,45,,0.9607,129
1760671416,Alexander,Biener,MD,gastroenterology,Woodcliff Lake,NJ,07677,41.025977,-74.061061,44,95.05,2.8154,331
1760675847,Ahmad,Halawa,MD,primary-care,New Brunswick,NJ,08901,40.483638,-74.442460,7,,0.4451,867
1760681530,Pallavi,Solanki,MD,cardiology,Newark,NJ,07103,40.738852,-74.195264,34,,0.1979,1085
1760691257,Karen,Jordan,MD,psychiatry,Voorhees,NJ,08043,39.848570,-74.952843,43,,0.9564,19
1760694038,David,Najarian,MD,dermatology,Randolph,NJ,07869,40.841640,-74.578522,23,99.17,1.4494,692
1760696280,Bharathi,Allagadda,MD,primary-care,Livingston,NJ,07039,40.785828,-74.329100,22,87.07,1.1580,286
1760700215,Domenico,Rotoli,DO,primary-care,Edgewater,NJ,07020,40.824650,-73.973793,16,,1.9686,364
1760705719,Jamie,Baux-Johnson,MD,primary-care,Hackensack,NJ,07601,40.889398,-74.045698,24,,0.5727,34
1760716542,Vladimir,Rukshin,MD,cardiology,Old Bridge,NJ,08857,40.392789,-74.330397,39,,2.7129,727
1760716575,Lori,Kopperman,DO,primary-care,Morristown,NJ,07960,40.779235,-74.502462,16,,0.8404,352
1760717649,Douglas,Opler,MD,psychiatry,Ramsey,NJ,07446,41.059136,-74.145931,18,,1.3697,33
1760719967,Mina,Kingsbery,MD,dermatology,Parsippany,NJ,07054,40.853767,-74.401574,17,78.13,0.7619,610
1760724504,Charles,Snyder,MD,gastroenterology,Cherry Hill,NJ,08003,39.885852,-74.971145,13,81.15,1.0216,265
1760740757,Allison,Connolly,MD,primary-care,Mendham,NJ,07945,40.780656,-74.601816,19,,1.0755,226
1760746853,Leah,Asman,DO,primary-care,Willingboro,NJ,08046,40.027950,-74.886984,14,81.15,0.9344,139
1760747836,Hussain,Manji,MD,primary-care,Teaneck,NJ,07666,40.890317,-74.011478,14,,1.2096,631
1760748537,David,Silber,DO,cardiology,Hackensack,NJ,07601,40.889398,-74.045698,15,82.04,0.6126,1454
1760762710,Emily,Gordon,MD,primary-care,Newark,NJ,07103,40.738852,-74.195264,17,,0.5044,54
1760763528,Ranyelenu,Efobi,MD,primary-care,Neptune,NJ,07753,40.210761,-74.074499,9,69.31,0.9648,564
1760773352,Ishita,Singh,MD,endocrinology,Phillipsburg,NJ,08865,40.708226,-75.147073,16,97.13,0.8617,288
1760775506,Swara,Afiniwala,MD,primary-care,Elizabeth,NJ,07202,40.652464,-74.216853,15,,1.5173,860
1760777270,Sami,Abdulmassih,MD,primary-care,Paterson,NJ,07503,40.897548,-74.154121,23,,1.6466,53
1760778633,Suzanne,Tepper,MD,primary-care,Randolph,NJ,07869,40.841640,-74.578522,15,,0.9905,241
1760788061,Anwar,Rizvi,MD,primary-care,Hoboken,NJ,07030,40.745251,-74.027926,17,,1.2288,51
1760789390,Faraz,Rizvi,MD,primary-care,Mount Holly,NJ,08060,40.010005,-74.792207,18,,0.7609,390
1760798797,Naresh,Patel,DO,primary-care,Jersey City,NJ,07306,40.736294,-74.071128,19,,0.6609,42
1760821433,John,Prodromo,MD,orthopedics,Princeton,NJ,08540,40.364728,-74.656314,13,75,0.9285,452
1760831713,Anish,Desai,MD,psychiatry,Jersey City,NJ,07302,40.718808,-74.044634,10,98.51,0.5132,37
1760836878,Steven,Shapiro,MD,neurology,Livingston,NJ,07039,40.785828,-74.329100,10,,1.0533,270
1760838148,Jennifer,Taylor,MD,psychiatry,Paterson,NJ,07503,40.897548,-74.154121,14,,0.3652,59
1760856439,Yildiz,Zorba,MD,primary-care,Hackensack,NJ,07601,40.889398,-74.045698,16,96.09,1.3421,124
1760863559,Ravjot,Sodhi,MD,primary-care,Warren,NJ,07059,40.634588,-74.519044,14,,0.3561,219
1760864433,Le,Ha,MD,cardiology,Berkeley Heights,NJ,07922,40.676590,-74.427022,14,,0.6464,2390
1760865976,Sarah,Beggs,MD,dermatology,West Berlin,NJ,08091,39.807116,-74.924178,11,,0.5013,274
1760876767,Isaac,Soliman,MD,primary-care,Montclair,NJ,07042,40.813487,-74.219011,13,94.4,1.7224,138
1760877518,John,Gorski,MD,pulmonology,Flemington,NJ,08822,40.521995,-74.866644,11,84.94,1.1318,507
1760877799,Jonathan,Lee,MD,orthopedics,Englewood,NJ,07631,40.891197,-73.972515,11,96.09,0.6437,246
1760902100,Paul,Kang,MD,primary-care,Edison,NJ,08820,40.576806,-74.365750,11,85.54,0.8975,100
1760914527,Dwayne,Brown,DO,neurology,Egg Harbor Township,NJ,08234,39.388393,-74.620728,9,96.91,0.9346,125
1760916753,Osama,Abu-Hadid,MD,neurology,Hackensack,NJ,07601,40.889398,-74.045698,12,81.33,1.7010,264
1760919641,Apurva,Desai,DO,cardiology,Cherry Hill,NJ,08034,39.906100,-75.000375,9,81.15,0.3868,937
1760923072,Alexander,Pronko,MD,pulmonology,Cedar Knolls,NJ,07927,40.823725,-74.456354,9,,0.9052,622
1760924229,Marium,Ahmed,MD,primary-care,Somerville,NJ,08876,40.589554,-74.685411,13,87.07,0.5720,406
1760968465,Kirk,Mccalmon,MD,primary-care,New Brunswick,NJ,08901,40.483638,-74.442460,8,,0.6901,352
1760988497,Jeena,Mathew,MD,endocrinology,Harrington Park,NJ,07640,40.991681,-73.980202,8,96.09,0.9931,147
1770011439,Arie,Rennert,MD,primary-care,Morristown,NJ,07960,40.779235,-74.502462,9,,0.6837,171
1770014045,Natasha,Campbell,MD,primary-care,Neptune,NJ,07753,40.210761,-74.074499,9,96.09,0.5199,128
1770014706,Marianna,Atiya,MD,neurology,Pompton Plains,NJ,07444,40.967407,-74.306967,9,,0.6541,384
1770016743,Jazmin,Feliz,MD,primary-care,Hamilton,NJ,08690,40.225833,-74.660096,15,87.07,0.5362,309
1770042525,Vinita,Patel,MD,primary-care,New Providence,NJ,07974,40.696919,-74.403853,8,,1.1105,278
1770061137,Luisa,Recinos-Arenas,MD,gastroenterology,New Brunswick,NJ,08901,40.483638,-74.442460,12,,0.7039,22
1770077927,Sumedha,Singh,MD,primary-care,Voorhees,NJ,08043,39.848570,-74.952843,8,81.15,0.5962,32
1770080509,Mary Kathryn,Roccato,MD,gastroenterology,Willingboro,NJ,08046,40.027950,-74.886984,5,,0.7927,49
1770103368,Aban,Nikoonezhad,DO,primary-care,Marlton,NJ,08053,39.856677,-74.900810,6,,0.7978,244
1770142176,Zachary,Shuler,MD,psychiatry,Neptune,NJ,07753,40.210761,-74.074499,7,81.33,1.3677,74
1770162364,Jaykumar,Patel,DO,primary-care,Camden,NJ,08103,39.935202,-75.112703,5,,0.8011,80
1770501603,Surabhi,Sachan-Prasad,MD,endocrinology,Clark,NJ,07066,40.620650,-74.309862,41,,1.9754,357
1770502726,Sheila,Mellody,MD,primary-care,Farmingdale,NJ,07727,40.205491,-74.157535,24,,0.7602,479
1770504573,Jaime,Rodriguez,MD,primary-care,Warren,NJ,07059,40.634588,-74.519044,38,95.05,0.7805,277
1770507949,Nivin,Elias,MD,primary-care,Union City,NJ,07087,40.767224,-74.032429,35,,0.5775,65
1770513376,Sandhya,Shah,MD,primary-care,Newark,NJ,07102,40.735659,-74.173605,46,,1.6907,34
1770514002,Lawrence,Rozanski,MD,cardiology,Voorhees,NJ,08043,39.848570,-74.952843,47,91.83,1.0158,485
1770515595,Sharon,Scherl,MD,dermatology,Livingston,NJ,07039,40.785828,-74.329100,38,100,0.7738,1577
1770517377,Kathryn,Robison,MD,primary-care,Plainsboro,NJ,08536,40.333076,-74.586628,31,,0.7356,253
1770519944,Sanjay,Bhendwal,MD,primary-care,Vineland,NJ,08360,39.492354,-75.003447,41,,1.7629,281
1770523326,Raffaele,Corbisiero,MD,cardiology,Browns Mills,NJ,08015,39.931536,-74.543720,39,95.33,1.6033,1099
1770524274,Risa,Gorin,MD,dermatology,Red Bank,NJ,07701,40.360509,-74.078952,26,100,1.2076,563
1770527756,Arvind,Das,MD,pulmonology,Somerset,NJ,08873,40.499667,-74.531844,46,87.16,1.1695,403
1770531873,Karen,Stephenson,MD,primary-care,Passaic,NJ,07055,40.857552,-74.129089,31,95.32,0.4820,102
1770544504,Andrew,Pecora,MD,oncology,Hackensack,NJ,07601,40.889398,-74.045698,43,83.94,3.5834,336
1770545501,Uthra,Kodiyalam,MD,primary-care,Jersey City,NJ,07307,40.751842,-74.053976,34,85.15,1.1766,112
1770546301,James,Perez,MD,primary-care,Elizabeth,NJ,07208,40.672913,-74.224047,45,,1.0685,131
1770550030,Earl,Nielsen,MD,primary-care,Morristown,NJ,07960,40.779235,-74.502462,60,,0.8615,154
1770553042,Steve,Cozamanis,DO,primary-care,Marmora,NJ,08223,39.269520,-74.657118,31,78.15,0.6996,739
1770555856,Karen,Gordon,MD,dermatology,Paramus,NJ,07652,40.947299,-74.070169,34,100,0.7541,452
1770557837,Marc,Sandberg,MD,endocrinology,Flemington,NJ,08822,40.521995,-74.866644,36,84.94,0.8605,472
1770558843,Rafiya,Khakoo,MD,neurology,Holmdel,NJ,07733,40.374964,-74.173849,44,,1.3941,375
1770560120,Andrew,Sylvester,MD,neurology,Bridgewater,NJ,08807,40.592434,-74.618840,31,,1.1314,153
1770565251,Charles,Miller,MD,cardiology,Shrewsbury,NJ,07702,40.326450,-74.057373,,81.97,0.5312,1447
1770569568,Marc,Goldstein,DO,primary-care,North Bergen,NJ,07047,40.793644,-74.025027,51,,2.5078,658
1770581696,Thomas,Comerci,MD,primary-care,Toms River,NJ,08753,39.979668,-74.150739,34,,2.9779,16
1770583098,Diego,Morreale,MD,primary-care,Howell,NJ,07731,40.149537,-74.203987,31,96.09,1.2777,257
1770583163,Alexander,Ivanov,MD,cardiology,Bridgewater,NJ,08807,40.592434,-74.618840,43,25.6,2.6019,370
1770586307,Thomas,Pitoscia,MD,primary-care,Millburn,NJ,07041,40.722433,-74.301561,49,,2.4541,111
1770586430,Steven,Hubert,MD,dermatology,Lawrenceville,NJ,08648,40.284490,-74.717487,33,100,1.1569,1036
1770589608,Jacqueline,Hollywood,MD,cardiology,Fort Lee,NJ,07024,40.850640,-73.971007,30,96.09,0.7993,1037
1770603722,Flordeliz,Panem,MD,primary-care,Paterson,NJ,07503,40.897548,-74.154121,27,,0.6044,35
1770611865,Joseph,Mobilio,DO,psychiatry,Westmont,NJ,08108,39.915048,-75.062244,47,,2.7122,98
1770620908,Richard,Kutnick,MD,cardiology,Berkeley Heights,NJ,07922,40.676590,-74.427022,50,,0.7149,840
1770624686,Anthony,Rota,MD,primary-care,West Windsor,NJ,08550,40.279953,-74.622116,39,95.23,1.5328,238
1770627200,Kintur,Sanghvi,MD,cardiology,Bordentown,NJ,08505,40.135589,-74.707255,30,81.15,1.5788,243
1770635484,Arthur,Badillo,MD,primary-care,Newark,NJ,07104,40.767713,-74.168350,43,,1.0525,89
1770637928,Libero,Saraceno,MD,primary-care,Morristown,NJ,07960,40.779235,-74.502462,47,,1.5856,286
1770643959,Carmencita,Lanez,MD,psychiatry,Hopelawn,NJ,08861,40.520494,-74.272943,48,,0.7652,199
1770646358,Boris,Borodulin,MD,psychiatry,East Brunswick,NJ,08816,40.429119,-74.416287,42,26.17,1.1437,590
1770655060,Steven,Peikin,MD,gastroenterology,Camden,NJ,08103,39.935202,-75.112703,52,91.83,0.6841,165
1770656597,Michael,Kindzierski,DO,primary-care,Carteret,NJ,07008,40.583790,-74.227457,32,,1.6441,97
1770682668,Nadeem,Baig,MD,gastroenterology,Long Branch,NJ,07740,40.295372,-73.989899,31,98.3,0.9025,533
1770684169,Raymond,Adelizzi,DO,primary-care,Stratford,NJ,08084,39.828990,-75.015536,53,23.51,4.1195,225
1770685414,Linda,Aquilino,MD,primary-care,Deptford,NJ,08096,39.829402,-75.129032,27,,1.1541,390
1770692378,Merajuddin,Zaki,MD,primary-care,Toms River,NJ,08755,40.008534,-74.221768,43,,2.1543,24
1770693996,Seung,Lee,MD,psychiatry,Ridgefield,NJ,07657,40.832677,-74.014088,47,,3.7891,183
1770707986,Amit,Kurani,MD,psychiatry,Marlton,NJ,08053,39.856677,-74.900810,26,,0.3708,168
1770733321,Bijal,Dave,MD,primary-care,Hackettstown,NJ,07840,40.860045,-74.831795,25,55.5,2.8918,422
1770733891,Inder,Singh,MD,neurology,Neptune,NJ,07753,40.210761,-74.074499,20,,3.0568,104
1770739633,Marc,Meulener,MD,dermatology,Basking Ridge,NJ,07920,40.682268,-74.554143,19,100,1.2064,836
1770741084,Subha,Sundararajan,MD,gastroenterology,Hackensack,NJ,07601,40.889398,-74.045698,20,98.3,0.7578,490
1770754632,James,Abraham,MD,cardiology,Passaic,NJ,07055,40.857552,-74.129089,48,,1.1000,85
1770785883,Matthew,Mcdonnell,MD,orthopedics,Somerset,NJ,08873,40.499667,-74.531844,19,75,1.3671,363
1770791923,Raman,Battish,MD,gastroenterology,Cherry Hill,NJ,08003,39.885852,-74.971145,22,81.15,1.8447,255
1770802944,Glenys,Coyle,MD,primary-care,Camden,NJ,08103,39.935202,-75.112703,22,99.52,0.8725,298
1770821498,Eshan,Patel,MD,oncology,Somerville,NJ,08876,40.589554,-74.685411,13,98.51,0.5936,392
1770823049,Charlotte,Vuong,MD,dermatology,Short Hills,NJ,07078,40.742264,-74.327574,14,96.62,1.3991,115
1770831984,Nasir,Malik,MD,pulmonology,Monroe Township,NJ,08831,40.334341,-74.432502,19,,0.5008,274
1770837833,Adam,Zucconi,DO,primary-care,Vineland,NJ,08360,39.492354,-75.003447,15,,0.8606,133
1770843724,Randall,Gale,DO,cardiology,Berkeley Heights,NJ,07922,40.676590,-74.427022,14,,0.7225,971
1770843898,Carol,Mendez,MD,primary-care,Berkeley Heights,NJ,07922,40.676590,-74.427022,17,,1.2529,106
1770845430,Jenny,Ayala,MD,primary-care,Emerson,NJ,07630,40.974990,-74.023248,17,96.09,1.3693,260
1770853418,Joshua,Lee,MD,pulmonology,Newark,NJ,07112,40.711391,-74.211683,15,98.51,1.7314,50
1770855652,Sameh,Abdelaal,MD,primary-care,Browns Mills,NJ,08015,39.931536,-74.543720,38,95.33,0.8564,39
1770864704,Nneoma,Okoronkwo,MD,primary-care,Fair Lawn,NJ,07410,40.935830,-74.117505,14,96.09,0.7127,194
1770872004,Aesha,Jobanputra,MD,pulmonology,New Brunswick,NJ,08901,40.483638,-74.442460,15,88.4,0.8072,241
1770878423,Fariha,Khan,MD,psychiatry,Westampton,NJ,08060,40.010005,-74.792207,24,,2.5592,126
1770879371,Erik,Svensson,MD,primary-care,Hoboken,NJ,07030,40.745251,-74.027926,17,,1.5528,945
1770894495,Carl,Punla,MD,primary-care,Berkeley Heights,NJ,07922,40.676590,-74.427022,19,,0.3840,529
1770901472,Ruchit,Desai,MD,primary-care,Pennington,NJ,08534,40.329422,-74.792789,12,,0.5058,268
1770902033,Jennifer,Rubenstein,MD,primary-care,Bordentown,NJ,08505,40.135589,-74.707255,12,,0.7312,162
1770909608,Douglas,Rheam,DO,cardiology,Haddon Heights,NJ,08035,39.879127,-75.065918,12,90.34,1.5216,1050
1770920720,David,Baumgarten,MD,pulmonology,Cherry Hill,NJ,08034,39.906100,-75.000375,13,81.15,0.9741,719
1770925083,Sergio,Pulido,DO,orthopedics,Voorhees,NJ,08043,39.848570,-74.952843,13,92.57,1.3954,239
1770945941,Andrew,Joelson,MD,gastroenterology,Berkeley Heights,NJ,07922,40.676590,-74.427022,10,,1.1004,309
1770977852,Mina,Shaker,MD,primary-care,Teaneck,NJ,07666,40.890317,-74.011478,11,,1.1924,505
1770989469,Ram,Mahato,MD,psychiatry,Edison,NJ,08820,40.576806,-74.365750,19,,0.3588,70
1770994386,Rose Ann,Ghabour,MD,primary-care,Ocean,NJ,07712,40.246895,-74.054502,13,,0.6775,125
1780001891,Bharat,Allam,DO,primary-care,Montclair,NJ,07042,40.813487,-74.219011,12,96.09,2.1389,549
1780002063,Michael,Herman,MD,gastroenterology,Hoboken,NJ,07030,40.745251,-74.027926,12,95.05,1.0664,726
1780003244,Kimberly,Ni,MD,primary-care,Medford,NJ,08055,39.862695,-74.822311,12,,0.7555,388
1780012609,Erica,Hannema,DO,primary-care,Flemington,NJ,08822,40.521995,-74.866644,15,,0.5377,181
1780019448,Nalini,Lam,MD,primary-care,New Brunswick,NJ,08901,40.483638,-74.442460,29,,1.5058,307
1780025973,Matthew,Mcguire,MD,primary-care,Hackettstown,NJ,07840,40.860045,-74.831795,13,,0.5120,317
1780061705,Carolyn,Gnerre,MD,psychiatry,Englewood,NJ,07631,40.891197,-73.972515,12,96.09,0.6309,13
1780062257,Fitsum,Hailemariam,MD,primary-care,Camden,NJ,08103,39.935202,-75.112703,,,0.7934,281
1780067280,Samer,Haddad,MD,primary-care,Hamilton,NJ,08690,40.225833,-74.660096,13,87.07,1.1264,421
1780079111,Daniel,Torino,MD,orthopedics,Flemington,NJ,08822,40.521995,-74.866644,11,89.99,0.9785,424
1780094003,Anuradha,Sharma,MD,primary-care,Toms River,NJ,08755,40.008534,-74.221768,15,87.07,0.5505,421
1780094136,Yu,Htwe,MD,pulmonology,Millburn,NJ,07041,40.722433,-74.301561,20,98.51,0.8232,160
1780098012,Jillian,Alderson,MD,neurology,Morristown,NJ,07960,40.779235,-74.502462,12,,0.9337,290
1780105783,Pradeep,Patel,MD,primary-care,Bordentown,NJ,08505,40.135589,-74.707255,11,,0.7158,295
1780107482,Vede,Ramdass,MD,primary-care,Camden,NJ,08103,39.935202,-75.112703,9,99.52,0.7693,254
1780144527,Adriana,Marton,MD,dermatology,Red Bank,NJ,07701,40.360509,-74.078952,6,,2.8699,225
1780146647,Anthony,Tanious,MD,primary-care,Camden,NJ,08103,39.935202,-75.112703,23,,0.5587,152
1780147744,Pranavi,Patel,MD,primary-care,Pennington,NJ,08534,40.329422,-74.792789,10,,0.7222,196
1780173302,Javeria,Sahib Din,MD,psychiatry,Boonton,NJ,07005,40.930350,-74.411123,15,,0.5026,92
1780175919,Mina,Soliman,MD,primary-care,Shrewsbury,NJ,07702,40.326450,-74.057373,11,81.97,0.4395,662
1780181743,Shannon,Mimnaugh,DO,primary-care,Flemington,NJ,08822,40.521995,-74.866644,8,,0.4839,229
1780188417,Tammy,Turner,DO,primary-care,Cherry Hill,NJ,08034,39.906100,-75.000375,15,,0.8507,288
1780207845,Suhaira,Choudhry,DO,primary-care,Berkeley Heights,NJ,07922,40.676590,-74.427022,6,,1.0404,188
1780211771,Huy David,Nguyen,MD,primary-care,Voorhees,NJ,08043,39.848570,-74.952843,6,99.52,0.7591,370
1780213736,Anas,Najib,MD,primary-care,Berkeley Heights,NJ,07922,40.676590,-74.427022,6,,0.7417,174
1780250506,Jeffrey,Mu,MD,primary-care,Camden,NJ,08103,39.935202,-75.112703,5,99.52,0.8105,75
1780261057,Michael,Habib,MD,primary-care,Cliffside Park,NJ,07010,40.822052,-73.987938,13,,0.8540,15
1780262485,Puja,Patel,DO,primary-care,Rochelle Park,NJ,07662,40.906496,-74.078005,5,,1.1203,14
1780264697,Brianna,Yates,MD,primary-care,Mount Laurel,NJ,08054,39.948992,-74.900247,5,99.52,0.5671,74
1780603381,Rocco,Caveng,DO,primary-care,Haddon Heights,NJ,08035,39.879127,-75.065918,23,99.52,1.0950,314
1780603613,John,Anton,MD,primary-care,Livingston,NJ,07039,40.785828,-74.329100,42,21.97,1.6237,245
1780614537,Herbert,Maier,MD,dermatology,Wayne,NJ,07470,40.945855,-74.245077,59,,0.9451,340
1780618868,Bankimchandra,Desai,MD,primary-care,Bayonne,NJ,07002,40.662495,-74.110201,47,,0.5133,70
1780622282,Burton,Waisbren,MD,primary-care,Villas,NJ,08251,39.028823,-74.928921,53,,2.4777,461
1780624718,Anjana,Chhabra,MD,primary-care,Hackensack,NJ,07601,40.889398,-74.045698,38,,1.5099,61
1780625038,Anna,Lee,MD,primary-care,East Brunswick,NJ,08816,40.429119,-74.416287,38,,2.3634,223
1780626143,Kanchana,Balasubramanian,MD,primary-care,Rutherford,NJ,07070,40.820314,-74.106041,33,75,1.6336,426
1780628503,Muqsita,Nashat,MD,primary-care,Hamilton,NJ,08619,40.242301,-74.696408,29,,1.0640,107
1780629592,Farzana,Nanavati,MD,neurology,Ramsey,NJ,07446,41.059136,-74.145931,27,96.09,2.3134,199
1780629899,Jag,Sunderram,MD,pulmonology,New Brunswick,NJ,08901,40.483638,-74.442460,38,88.4,0.5867,242
1780630764,Ashokvardhan,Veldanda,MD,primary-care,Bayonne,NJ,07002,40.662495,-74.110201,37,85.15,1.2386,482
1780642926,Alexandra,Caracitas,DO,primary-care,East Brunswick,NJ,08816,40.429119,-74.416287,26,100,1.3426,156
1780644005,Michael,Joyce,MD,pulmonology,Edison,NJ,08820,40.576806,-74.365750,35,,0.8378,180
1780649608,Ashoke,Agarwal,MD,cardiology,Paterson,NJ,07514,40.924786,-74.144542,,96.09,0.3951,728
1780651448,Janet,Mahan,MD,primary-care,Tinton Falls,NJ,07753,40.210761,-74.074499,41,,1.2767,411
1780654061,Scott,Tzorfas,MD,neurology,Somers Point,NJ,08244,39.315511,-74.598278,36,90.99,1.9877,218
1780656157,Alexey,Volokhov,MD,primary-care,Englewood,NJ,07631,40.891197,-73.972515,42,,1.3287,674
1780658765,Robert,Murry,MD,primary-care,Milford,NJ,08848,40.594266,-75.096659,24,,0.4444,55
1780663898,Kumar,Ramdas,MD,primary-care,Maplewood,NJ,07040,40.733607,-74.271159,36,,1.7154,548
1780665265,Todd,Cohen,DO,cardiology,Brick,NJ,08724,40.091032,-74.114395,37,75,1.0607,2596
1780668749,Nermin,Lazarus,DO,primary-care,Bordentown,NJ,08505,40.135589,-74.707255,30,81.15,0.6893,28
1780672188,Sajjad,Hussain,MD,endocrinology,Bayonne,NJ,07002,40.662495,-74.110201,38,85.15,1.4739,631
1780676759,Sita,Yerramalli,MD,oncology,Belleville,NJ,07109,40.793481,-74.161159,49,80.53,7.8871,145
1780680876,Angelo,Bellardini,MD,primary-care,Woodland Park,NJ,07424,40.882319,-74.205876,47,,1.2841,257
1780681866,David,Felig,MD,gastroenterology,Hackensack,NJ,07601,40.889398,-74.045698,38,83.35,1.1024,828
1780682278,Ira,Horowitz,MD,pulmonology,Cherry Hill,NJ,08034,39.906100,-75.000375,41,81.15,0.7849,849
1780682492,David,Tamres,MD,primary-care,Berkeley Heights,NJ,07922,40.676590,-74.427022,30,,1.2434,764
1780694166,Daisy,Behman,MD,endocrinology,Carteret,NJ,07008,40.583790,-74.227457,42,99.59,1.8118,246
1780694364,Miroslaw,Florczyk,MD,primary-care,Parlin,NJ,08859,40.458172,-74.303799,51,44.53,10.1811,339
1780700781,Soo Mi,Park,MD,cardiology,Hackensack,NJ,07601,40.889398,-74.045698,22,,1.1154,722
1780713255,Ravinder,Tikoo,MD,neurology,North Bergen,NJ,07047,40.793644,-74.025027,35,,3.3519,315
1780714618,Monique,Scally,DO,cardiology,Camden,NJ,08103,39.935202,-75.112703,26,91.83,0.6118,1201
1780732552,Ranjana,Thakur,MD,primary-care,Hillsborough,NJ,08844,40.497692,-74.670505,41,,1.7857,94
1780733147,Arkadiy,Chernyak,MD,psychiatry,Union,NJ,07083,40.695266,-74.269078,49,,2.7061,137
1780735563,Barry,Lowell,MD,cardiology,Morristown,NJ,07960,40.779235,-74.502462,44,,0.9352,1530
1780740860,Steven,Goldstein,MD,gastroenterology,Neptune,NJ,07753,40.210761,-74.074499,43,,0.7785,147
1780744250,Camilo,Serrano,MD,psychiatry,Carneys Point,NJ,08069,39.703142,-75.450676,41,,1.3373,108
1780753079,Pamela,Donetz,MD,primary-care,Berkeley Heights,NJ,07922,40.676590,-74.427022,32,,0.6081,198
1780762179,Xiang,Li,MD,primary-care,Edison,NJ,08820,40.576806,-74.365750,42,99.01,1.3769,256
1780766410,Ramya,Lotano,MD,pulmonology,Camden,NJ,08103,39.935202,-75.112703,33,91.83,0.7077,448
1780766600,John,Scolamiero,MD,primary-care,East Rutherford,NJ,07073,40.817097,-74.085024,42,,2.3743,560
1780766857,Karen,Lee,MD,primary-care,Teaneck,NJ,07666,40.890317,-74.011478,25,75,2.1544,369
1780771626,Jeffrey,Gong,DO,primary-care,Galloway,NJ,08205,39.482000,-74.452637,49,,0.7920,199
1780777235,Steven,Levin,MD,primary-care,New Brunswick,NJ,08901,40.483638,-74.442460,41,,0.3988,13
1780779207,Lisa,Breslauer,MD,dermatology,Chatham,NJ,07928,40.724971,-74.415086,30,,0.7644,216
1780788109,Mark,Niemiera,MD,cardiology,Perth Amboy,NJ,08861,40.520494,-74.272943,40,96.09,0.5307,901
1780788992,Eric,Geller,MD,neurology,Livingston,NJ,07039,40.785828,-74.329100,37,98.51,1.6061,685
1780790568,Marcia,Gonzalez,MD,primary-care,North Bergen,NJ,07047,40.793644,-74.025027,45,96.09,1.4539,122
1780792051,Grace,Fiorentino,DO,primary-care,Linwood,NJ,08221,39.339936,-74.564470,29,,1.2997,907
1780792929,Ajanta,Vinekar,MD,psychiatry,Cranbury,NJ,08512,40.324357,-74.525526,41,,3.0517,81
1780797423,Siddiq,Faisal,MD,primary-care,Linden,NJ,07036,40.624711,-74.239362,29,,0.3396,189
1780826859,Ronna,Sherman,MD,primary-care,Berkeley Heights,NJ,07922,40.676590,-74.427022,41,,1.2674,265
1780833343,Andrew,Korman,MD,gastroenterology,New Brunswick,NJ,08901,40.483638,-74.442460,18,,1.1273,458
1780834101,Shyamala,Garg,MD,primary-care,Livingston,NJ,07039,40.785828,-74.329100,30,87.07,1.1974,379
1780841312,Steven,Shamash,DO,orthopedics,Fair Lawn,NJ,07410,40.935830,-74.117505,24,,1.2586,52
1780846246,Tae Won,Kim,MD,orthopedics,Voorhees,NJ,08043,39.848570,-74.952843,18,85.23,0.8155,240
1780846915,Kimberly Anne,Cooper,DO,primary-care,Hoboken,NJ,07030,40.745251,-74.027926,18,,0.8413,112
1780860684,Shuvendu,Sen,MD,primary-care,Neptune,NJ,07753,40.210761,-74.074499,35,96.09,0.8789,100
1780870444,Fadi,Karou,MD,cardiology,Clifton,NJ,07013,40.869405,-74.173062,22,98.51,1.6860,366
1780872838,Mounir,Abdelshahid,MD,primary-care,Bloomfield,NJ,07003,40.809141,-74.187142,43,75,3.3312,502
1780878181,Ludmila,Ridlovsky,MD,primary-care,Manalapan,NJ,07726,40.286506,-74.342547,36,,2.1503,268
1780892968,Samuel,Giordano,MD,gastroenterology,Mount Laurel,NJ,08054,39.948992,-74.900247,20,91.83,0.8415,408
1780904094,Sudeep,Dhillon,MD,endocrinology,Pennington,NJ,08534,40.329422,-74.792789,19,75,1.1815,286
1780920645,Jason,Nehmad,MD,primary-care,Montclair,NJ,07042,40.813487,-74.219011,16,,0.8380,462
1780930750,Jacob,Hascalovici,MD,neurology,Hackensack,NJ,07601,40.889398,-74.045698,14,81.33,1.6046,152
1780942383,Gautam,Verma,MD,primary-care,Flemington,NJ,08822,40.521995,-74.866644,14,,1.0087,1618
1780943001,Marissa,Ferrazzo-Weller,DO,primary-care,Berkeley Heights,NJ,07922,40.676590,-74.427022,17,,1.5485,293
1780950261,Noah,Villegas,MD,psychiatry,Newark,NJ,07107,40.762918,-74.186559,14,,1.3332,48
1780950675,Mark,Zaky,MD,primary-care,Shrewsbury,NJ,07702,40.326450,-74.057373,14,81.97,0.6628,522
1780965905,Joseph,Vitale,MD,primary-care,Woodland Park,NJ,07424,40.882319,-74.205876,17,,1.0462,188
1780971028,Bibbin,George,MD,primary-care,Camden,NJ,08103,39.935202,-75.112703,15,99.52,0.6453,224
1780985267,Raghav,Rastogi,MD,primary-care,Glen Ridge,NJ,07028,40.804798,-74.204569,20,,0.9237,270
1790004752,Soumen,Samaddar,MD,primary-care,Pennington,NJ,08534,40.329422,-74.792789,19,,0.6664,272
1790008787,Alpeshkumar,Bavishi,MD,pulmonology,Berkeley Heights,NJ,07922,40.676590,-74.427022,12,,1.3642,337
1790010874,Abhishek,Singh,MD,cardiology,Madison,NJ,07940,40.760535,-74.419480,17,,1.1408,416
1790018869,Wei,Chen,DO,primary-care,Camden,NJ,08103,39.935202,-75.112703,23,,0.7591,266
1790047959,Ahmad,Badri,DO,orthopedics,Wayne,NJ,07470,40.945855,-74.245077,9,,1.0902,111
1790048254,Anthony,Kim,MD,primary-care,Englewood,NJ,07631,40.891197,-73.972515,14,,0.8618,339
1790051191,Naveen,Allam,MD,primary-care,Montclair,NJ,07042,40.813487,-74.219011,14,96.09,2.6717,644
1790074748,Brandon,Calenda,MD,cardiology,Pompton Plains,NJ,07444,40.967407,-74.306967,15,,0.3402,2667
1790082550,Mehandar,Kumar,MD,oncology,Keansburg,NJ,07734,40.444152,-74.136812,19,,1.1672,539
1790103604,Elena,Burke,MD,pulmonology,Livingston,NJ,07039,40.785828,-74.329100,12,98.51,0.8175,397
1790118933,Joshua,Filer,DO,primary-care,Turnersville,NJ,08012,39.783815,-75.056068,13,,1.1239,234
1790123024,Nripen,Dontineni,MD,primary-care,South Plainfield,NJ,07080,40.574413,-74.414800,22,,0.9873,276
1790124394,Christine,Marriott,MD,primary-care,Hamilton,NJ,08619,40.242301,-74.696408,13,96.91,0.9811,127
1790126803,Akinlabi,Sanusi,MD,psychiatry,Rahway,NJ,07065,40.607152,-74.280531,20,,1.2485,60
1790131670,Kaushal,Majmudar,DO,gastroenterology,Bordentown,NJ,08505,40.135589,-74.707255,10,96.91,0.9988,150
1790139780,Mikel,Ehntholt,MD,neurology,Camden,NJ,08103,39.935202,-75.112703,10,81.15,0.9463,137
1790148252,Nauman,Ramay,MD,psychiatry,Hoboken,NJ,07030,40.745251,-74.027926,10,,0.8622,109
1790164887,Albert,Morabia,DO,primary-care,Montclair,NJ,07042,40.813487,-74.219011,11,69.75,1.1975,749
1790165157,Tamer,Akel,MD,cardiology,Bayonne,NJ,07002,40.662495,-74.110201,12,,0.9030,768
1790196707,Jordan,Werner,MD,orthopedics,Berkeley Heights,NJ,07922,40.676590,-74.427022,12,,1.2500,823
1790197101,Bradley,Davis,DO,primary-care,Berkeley Heights,NJ,07922,40.676590,-74.427022,13,,0.4738,500
1790198133,Muhammad,Yusuf,MD,primary-care,Flemington,NJ,08822,40.521995,-74.866644,21,,0.9719,472
1790212892,Varun,Thapar,MD,primary-care,Freehold,NJ,07728,40.225793,-74.285785,11,93.07,0.7768,204
1790215853,Vincent,Marchese,DO,primary-care,Cherry Hill,NJ,08002,39.934605,-75.025389,9,,0.4493,267
1790216588,Adam,Kunkis,MD,primary-care,Kinnelon,NJ,07405,40.987841,-74.378188,12,,0.9036,232
1790216745,Emily,Sandberg,MD,primary-care,Princeton,NJ,08540,40.364728,-74.656314,9,,1.5621,92
1790277291,David,Atherton,MD,neurology,Edison,NJ,08820,40.576806,-74.365750,8,,0.5400,85
1790278653,Kaitlin,Healy,MD,primary-care,Ocean City,NJ,08226,39.263784,-74.607753,8,,0.9549,330
1790279396,Vandan,Upadhyaya,MD,primary-care,Hackensack,NJ,07601,40.889398,-74.045698,8,,0.4929,72
1790280311,Matthew,Macdonald,MD,primary-care,Englewood,NJ,07631,40.891197,-73.972515,8,96.09,1.0826,286
1790289429,Yee,Tchao,DO,primary-care,Newark,NJ,07112,40.711391,-74.211683,8,87.07,1.1246,69
1790300176,Nikhil,Patel,DO,primary-care,Medford,NJ,08055,39.862695,-74.822311,6,81.15,0.7061,322
1790304962,Omar,Mohamed,DO,primary-care,Livingston,NJ,07039,40.785828,-74.329100,6,,0.5790,369
1790313500,Pooja,Selvan,MD,primary-care,Voorhees,NJ,08043,39.848570,-74.952843,6,99.52,0.9032,327
1790313518,Syeda,Ahmed-Zaidi,MD,primary-care,Cherry Hill,NJ,08003,39.885852,-74.971145,6,,0.6082,325
1790348951,George,Horani,MD,primary-care,Pompton Plains,NJ,07444,40.967407,-74.306967,7,,1.0266,356
1790363190,Geet,Amin,MD,primary-care,Burlington,NJ,08016,40.068064,-74.832904,6,,0.5504,46
1790365278,Ahmad,Mehran,MD,primary-care,Elizabeth,NJ,07202,40.652464,-74.216853,10,,1.0419,43
1790702678,Louis,Fusilli,MD,cardiology,Nutley,NJ,07110,40.820616,-74.156250,45,,0.4424,1224
1790703486,Michael,Bagley,MD,dermatology,Warren,NJ,07059,40.634588,-74.519044,44,100,0.5593,373
1790705820,Chirag,Mehta,MD,pulmonology,Berkeley Heights,NJ,07922,40.676590,-74.427022,26,,1.0866,497
1790710333,Jamie,Pietka,MD,primary-care,Budd Lake,NJ,07828,40.884959,-74.755657,25,60.65,0.9059,297
1790711810,Frederic,Dewil,MD,primary-care,Manahawkin,NJ,08050,39.712132,-74.231888,40,81.33,1.0014,528
1790716926,Deena,Graham,MD,oncology,Hackensack,NJ,07601,40.889398,-74.045698,26,81.1,2.6404,658
1790719193,David,Bleich,MD,endocrinology,Newark,NJ,07103,40.738852,-74.195264,43,,0.4743,106
1790726032,Elizabeth,Senekjian,MD,psychiatry,Lambertville,NJ,08530,40.370020,-74.910161,52,,7.5008,19
1790727337,Epifanio,Calcara,MD,primary-care,New Providence,NJ,07922,40.676590,-74.427022,44,,1.4785,345
1790727444,Fei,Yu,MD,primary-care,Red Bank,NJ,07701,40.360509,-74.078952,44,96.09,1.3756,223
1790732089,Arturo,Monta,MD,primary-care,Toms River,NJ,08755,40.008534,-74.221768,52,87.16,0.3703,98
1790733491,Prakash,Doshi,MD,primary-care,East Hanover,NJ,07936,40.818553,-74.363742,42,,2.5782,487
1790737377,Peter,Blank,DO,orthopedics,Morristown,NJ,07960,40.779235,-74.502462,26,,0.9545,490
1790745180,Dean,Boorujy,MD,primary-care,Berkeley Heights,NJ,07922,40.676590,-74.427022,33,,1.5246,447
1790747764,Padmaja,Kodali,MD,primary-care,Maplewood,NJ,07040,40.733607,-74.271159,34,,4.6120,218
1790752798,Marian,Vandyck-Acquah,MD,cardiology,Teaneck,NJ,07666,40.890317,-74.011478,36,81.33,0.5354,1075
1790753523,Douglas,Green,MD,pulmonology,West Orange,NJ,07052,40.785755,-74.265058,44,84.21,0.5171,50
1790754059,Maria,Duca,MD,cardiology,Moorestown,NJ,08057,39.979658,-74.941308,35,81.15,0.9078,827
1790756062,Sangeeta,Agarwal,MD,primary-care,Old Bridge,NJ,08857,40.392789,-74.330397,38,,10.5686,44
1790756427,Vaidehi,Sasidhar,MD,primary-care,Freehold,NJ,07728,40.225793,-74.285785,31,96.09,1.1764,326
1790759561,David,Buyer,MD,cardiology,Newton,NJ,07860,41.057287,-74.802737,36,88.33,1.0225,2230
1790759603,Monica,Meyer,MD,primary-care,Lambertville,NJ,08530,40.370020,-74.910161,36,,0.5265,253
1790762706,Richard,Vaz,DO,primary-care,Newton,NJ,07860,41.057287,-74.802737,32,78.05,1.3560,1089
1790765196,Stephen,Scheinthal,DO,psychiatry,Mount Laurel,NJ,08054,39.948992,-74.900247,35,,0.5564,98
1790765576,Kovil,Ramasamy,MD,gastroenterology,Bayonne,NJ,07002,40.662495,-74.110201,47,75,1.1043,545
1790765949,Deborah,Goss,MD,pulmonology,Hackensack,NJ,07601,40.889398,-74.045698,33,92.9,1.8178,341
1790766277,Michael,De Vita,DO,cardiology,Brick,NJ,08724,40.091032,-74.114395,31,75,0.9595,2673
1790770253,Eric,Rosier,MD,primary-care,Montclair,NJ,07042,40.813487,-74.219011,38,,0.6951,458
1790770279,Marcarious,Mariyampillai,MD,primary-care,Denville,NJ,07834,40.886460,-74.487584,51,,0.8050,397
1790770584,Marc,Mccleary,MD,primary-care,Bordentown,NJ,08505,40.135589,-74.707255,21,,0.8387,476
1790771228,Jayshree,Bhaskara,MD,primary-care,Hillsborough,NJ,08844,40.497692,-74.670505,36,,0.8860,207
1790771293,Allen,Ongsiako,DO,primary-care,Toms River,NJ,08755,40.008534,-74.221768,35,22.06,1.0848,360
1790773356,David,Vesole,MD,oncology,Hackensack,NJ,07601,40.889398,-74.045698,42,81.1,1.0528,506
1790774883,Jeremy,Rothfleisch,MD,dermatology,East Brunswick,NJ,08816,40.429119,-74.416287,28,100,0.9706,1399
1790788313,Silvio,Quaglia,MD,primary-care,Millburn,NJ,07041,40.722433,-74.301561,40,,2.8253,337
1790799492,Felix,Foschetti,DO,primary-care,Washington,NJ,07882,40.755430,-75.010870,55,,2.6454,61
1790811107,Irina,Zhukova,DO,primary-care,Paramus,NJ,07652,40.947299,-74.070169,23,96.09,0.9506,346
1790822427,William,Furey,MD,primary-care,Turnersville,NJ,08012,39.783815,-75.056068,37,,1.1435,316
1790823755,Nicholas,Avallone,MD,orthopedics,Rockaway,NJ,07866,40.954988,-74.488031,25,,0.7794,314
1790841666,James,Glass,MD,primary-care,Medford,NJ,08055,39.862695,-74.822311,32,,0.8446,275
1790845238,Dena,Lacara,DO,primary-care,Fairfield,NJ,07004,40.882508,-74.304593,28,,0.9137,33
1790847028,Scott,Aftel,MD,psychiatry,Seaside Park,NJ,08752,39.836640,-74.090181,30,,2.5597,60
1790851541,Tianshu,Zhang,MD,neurology,Metuchen,NJ,08840,40.543139,-74.358981,42,90.29,1.7105,460
1790866895,Arthur,Katz,MD,dermatology,Jersey City,NJ,07306,40.736294,-74.071128,57,,5.2400,195
1790872638,Radhika,Maddali,MD,primary-care,Passaic,NJ,07055,40.857552,-74.129089,30,,1.9532,65
1790876142,Ira,Spiler,MD,endocrinology,Kendall Park,NJ,08824,40.420727,-74.553458,55,,1.1172,21
1790878866,David,Ciocon,MD,dermatology,Hoboken,NJ,07030,40.745251,-74.027926,24,100,3.4642,825
1790881944,Martin,Forsberg,MD,psychiatry,Stratford,NJ,08084,39.828990,-75.015536,25,81.15,0.6010,187
1790892800,Cherry,Monroy Miller,MD,psychiatry,Morris Plains,NJ,07950,40.846026,-74.482314,40,,0.4291,49
1790894707,Deelip,Chatterjee,MD,primary-care,Woodland Park,NJ,07424,40.882319,-74.205876,43,60.12,6.5943,88
1790894954,Jaya,Kothapally,MD,endocrinology,Willingboro,NJ,08046,40.027950,-74.886984,23,91.83,0.7357,245
1790904134,Preethi,Krishnan,MD,endocrinology,Englewood,NJ,07631,40.891197,-73.972515,22,,1.5577,166
1790906006,Eduard,Raklyar,MD,dermatology,Paramus,NJ,07652,40.947299,-74.070169,23,90.76,4.9164,565
1790909760,Michael,Monte Carlo,DO,primary-care,Camden,NJ,08103,39.935202,-75.112703,22,99.52,1.5653,368
1790928612,Arthur,Okere,MD,cardiology,Neptune,NJ,07753,40.210761,-74.074499,19,86.51,2.8094,1255
1790938066,Ahmad,Maatouk,MD,primary-care,Morristown,NJ,07960,40.779235,-74.502462,24,,0.9244,674
1790941433,Ella,Doctoroff,DO,primary-care,Belle Mead,NJ,08502,40.448217,-74.653244,23,,0.2632,31
1790946663,Sujala,Chirla,MD,gastroenterology,Union,NJ,07083,40.695266,-74.269078,17,75,1.0165,499
1790947794,Francis,Rehor,MD,primary-care,Princeton,NJ,08540,40.364728,-74.656314,21,,1.5365,100
1790952299,Ekaterina,Vypritskaya,MD,primary-care,Trenton,NJ,08638,40.254018,-74.763385,34,,0.6049,111
1790974756,Naheed,Ahmad,MD,primary-care,Egg Harbor Township,NJ,08234,39.388393,-74.620728,29,,0.2861,52
1790974889,Douglas,Guggenheim,MD,oncology,Cherry Hill,NJ,08003,39.885852,-74.971145,19,,2.1318,771
1790981876,Daniel,Markley,MD,pulmonology,Morristown,NJ,07960,40.779235,-74.502462,19,,0.7915,840
1790982064,Brian,Gerhardstein,MD,neurology,Edison,NJ,08820,40.576806,-74.365750,23,81.33,0.6276,167
1790986966,Vikram,Sathyendra,MD,orthopedics,Toms River,NJ,08755,40.008534,-74.221768,19,98.51,0.8076,308
1790987220,Sharon,Romain,DO,primary-care,Hoboken,NJ,07030,40.745251,-74.027926,22,95.05,0.7509,372
1790988244,Savitha,Bhaskarapandit,MD,primary-care,Plainsboro,NJ,08536,40.333076,-74.586628,29,85.76,1.2757,475
1790993897,Maria,Alfakir,MD,primary-care,Haledon,NJ,07508,40.955021,-74.183692,24,,1.2779,159
1801003199,Ram,Mani,MD,neurology,New Brunswick,NJ,08901,40.483638,-74.442460,22,88.4,0.6824,234
1801004114,David,Kiken,MD,dermatology,Florham Park,NJ,07932,40.777461,-74.392845,23,75,7.6642,910
1801020524,Sonal,Pathak,MD,endocrinology,North Bergen,NJ,07047,40.793644,-74.025027,28,81.33,0.9807,236
1801024559,Chetankumar,Chauhan,MD,primary-care,Newark,NJ,07103,40.738852,-74.195264,19,,1.8019,305
1801030473,Robert,Connors,MD,neurology,Hackensack,NJ,07601,40.889398,-74.045698,18,81.33,1.2795,313
1801042072,Suhel,Ahmed,MD,primary-care,Hackensack,NJ,07601,40.889398,-74.045698,21,92.89,1.7544,436
1801044557,Soung Ick,Cho,MD,cardiology,Paterson,NJ,07514,40.924786,-74.144542,22,96.09,2.1189,446
1801047220,Sandhya,Jagamony,MD,primary-care,Plainsboro,NJ,08536,40.333076,-74.586628,33,,2.5937,221
1801047667,Jason,Prager,MD,primary-care,Morristown,NJ,07960,40.779235,-74.502462,19,,2.0497,838
1801053715,Ricardo,Gomez-Vasquez.,MD,primary-care,Newark,NJ,07104,40.767713,-74.168350,33,,1.6606,53
1801060058,Adam,Becker,MD,orthopedics,Jersey City,NJ,07310,40.727895,-74.033212,24,,1.2474,158
1801061585,Yamini,Naidu,MD,neurology,Ridgewood,NJ,07450,40.981591,-74.113506,22,95.05,1.2727,795
1801070867,Michael,Arcaro,MD,primary-care,Pennington,NJ,08534,40.329422,-74.792789,21,96.91,0.9290,99
1801074455,Bhavna,Gupta,MD,oncology,Union City,NJ,07087,40.767224,-74.032429,29,,5.1343,219
1801087382,Peter,Mcguire,MD,pulmonology,Middletown,NJ,07748,40.396300,-74.115274,27,,0.9988,314
1801087671,Kimberly,Rozengarten,DO,primary-care,Haddon Heights,NJ,08035,39.879127,-75.065918,19,99.52,1.2105,85
1801095864,Joseph,Defrank Castro,MD,primary-care,Dover,NJ,07801,40.901125,-74.564783,26,,0.8332,557
1801109210,Anthony,Gotay,MD,psychiatry,Montclair,NJ,07042,40.813487,-74.219011,19,,0.6452,19
1801116389,Karen,Connolly,MD,dermatology,Basking Ridge,NJ,07920,40.682268,-74.554143,16,,2.0034,251
1801118906,Vijay,Sandilya,MD,oncology,Somers Point,NJ,08244,39.315511,-74.598278,25,99.06,0.8396,570
1801134119,Sarah,Hussain,MD,primary-care,Livingston,NJ,07039,40.785828,-74.329100,23,87.07,1.0928,363
1801136759,Gregory,Bernardo,MD,primary-care,Egg Harbor Township,NJ,08234,39.388393,-74.620728,17,,0.9243,356
1801138284,Zoric,Proskurovsky,MD,primary-care,Marmora,NJ,08223,39.269520,-74.657118,17,78.15,0.6756,645
1801165873,Supriya,Ravella,MD,primary-care,Rahway,NJ,07065,40.607152,-74.280531,17,,1.8451,348
1801177878,Jason,Becker,DO,pulmonology,Sewell,NJ,08080,39.757353,-75.122043,15,,0.7126,465
1801180807,Robert,Lee,MD,dermatology,Toms River,NJ,08757,39.960591,-74.260843,16,100,3.1051,1325
1801183702,Caitlin,Shea,DO,primary-care,Newton,NJ,07860,41.057287,-74.802737,15,78.05,1.3603,367
1801186481,Kerry,Lanigan,MD,primary-care,Browns Mills,NJ,08015,39.931536,-74.543720,15,95.33,0.8684,250
1801213228,John,D Andrea,MD,primary-care,East Rutherford,NJ,07073,40.817097,-74.085024,11,,1.8604,439
1801236906,Ramiro,Rancier Ruiz,MD,primary-care,Turnersville,NJ,08012,39.783815,-75.056068,16,,1.0101,247
1801239645,Tyler,Kreitz,MD,orthopedics,Brick,NJ,08724,40.091032,-74.114395,13,75,0.9533,437
1801243555,Corey,Cramer,MD,primary-care,Pittsgrove,NJ,08318,39.557653,-75.177717,10,,0.4763,90
1801244819,Silvia,Wang,DO,primary-care,Cherry Hill,NJ,08002,39.934605,-75.025389,10,,1.0126,238
1801250345,Janae,Hunter,MD,primary-care,Berkeley Heights,NJ,07922,40.676590,-74.427022,10,,1.4418,76
1801250766,Neel,Patel,MD,gastroenterology,Willingboro,NJ,08046,40.027950,-74.886984,10,81.15,0.8611,215
1801270095,Matthew,Parisi,MD,primary-care,Morganville,NJ,07751,40.359650,-74.261462,11,98.51,1.5860,85
1801302351,Bhaveshkumar,Garsondiya,MD,primary-care,Perth Amboy,NJ,08861,40.520494,-74.272943,17,96.09,0.9978,174
1801320163,Harry,Wang,MD,cardiology,Voorhees,NJ,08043,39.848570,-74.952843,9,91.83,0.6562,861
1801321427,Christine,Medeiros,DO,primary-care,Glassboro,NJ,08028,39.692129,-75.124675,9,91.83,0.7063,144
1801329651,Ritu,Nahar,MD,primary-care,Edison,NJ,08817,40.514655,-74.393104,9,98.3,0.9001,83
1801347067,Laura,Salciunas,MD,psychiatry,Stratford,NJ,08084,39.828990,-75.015536,5,81.15,1.6391,73
1801357231,Amy,Scheuermann,MD,primary-care,Medford,NJ,08055,39.862695,-74.822311,7,,1.1785,95
1801384193,Aditi,Amin,MD,primary-care,Newton,NJ,07860,41.057287,-74.802737,12,,0.8495,419
1801449897,Mashrutee,Maharaul,MD,endocrinology,Egg Harbor Township,NJ,08234,39.388393,-74.620728,8,93.34,0.8914,67
1801470034,Gabrielle,Gerbino,MD,primary-care,Toms River,NJ,08755,40.008534,-74.221768,7,,0.5443,62
1801474663,Ashley,Park,DO,primary-care,Morristown,NJ,07960,40.779235,-74.502462,5,,0.6291,25
1801811310,Hemlata,Bhatia,MD,primary-care,East Orange,NJ,07018,40.755733,-74.217917,,,1.9937,37
1801816103,Alla,Fayngersh,MD,primary-care,Newark,NJ,07103,40.738852,-74.195264,25,,0.4640,47
1801816251,Preet,Randhawa,MD,cardiology,Linden,NJ,07036,40.624711,-74.239362,34,75,3.1843,369
1801828330,Renu,Lamba,MD,primary-care,Bayonne,NJ,07002,40.662495,-74.110201,38,,19.1215,81
1801831532,Vinod,Bhashyam,MD,psychiatry,Brick,NJ,08723,40.038584,-74.111600,47,23.57,1.3867,258
1801833413,Gary,Klingsberg,DO,primary-care,Englewood,NJ,07631,40.891197,-73.972515,45,,4.0929,138
1801835905,John,Daly,MD,primary-care,West Deptford,NJ,08096,39.829402,-75.129032,29,,4.0217,139
1801840665,Jeffrey,Kutscher,MD,gastroenterology,Mount Laurel,NJ,08054,39.948992,-74.900247,49,91.83,0.4773,51
1801841226,Mehesh,Tekriwal,MD,cardiology,Bayonne,NJ,07002,40.662495,-74.110201,47,85.15,2.4296,784
1801846829,Dubravka,Imsirovic Starcevic,MD,cardiology,Flemington,NJ,08822,40.521995,-74.866644,40,,0.7649,145
1801847397,Feroza,Hossain,MD,primary-care,Princeton,NJ,08540,40.364728,-74.656314,43,,1.3848,119
1801852058,Ted,Bialy,MD,primary-care,Flemington,NJ,08822,40.521995,-74.866644,48,85.54,0.8004,748
1801852579,Anne Marie,Valinoti,MD,primary-care,Midland Park,NJ,07432,40.995809,-74.141262,35,95.05,1.3275,575
1801852678,Anthony,Papadopoulos,MD,dermatology,Sparta,NJ,07871,41.046696,-74.627989,25,100,1.0394,1865
1801859517,Michelle,Tomlinson-Phelan,DO,primary-care,East Brunswick,NJ,08816,40.429119,-74.416287,39,,1.2870,53
1801860838,Susan,Karpinski-Failla,DO,primary-care,Bridgewater,NJ,08807,40.592434,-74.618840,28,,0.6219,307
1801861828,Joseph,Schauer,MD,primary-care,Farmingdale,NJ,07727,40.205491,-74.157535,45,,0.7872,795
1801863287,Gregory,Noto,MD,cardiology,Eatontown,NJ,07724,40.298625,-74.074178,46,82.83,1.4724,1890
1801864061,Carlos,Alfonso,MD,cardiology,Glen Ridge,NJ,07028,40.804798,-74.204569,33,96.09,0.9081,1401
1801864392,Joseph,Daniel,DO,orthopedics,Marlton,NJ,08053,39.856677,-74.900810,36,92.57,1.3493,304
1801867395,Mukesh,Shah,MD,primary-care,Jackson,NJ,08527,40.108665,-74.358602,33,,1.2165,1094
1801871173,Andrew,Schriber,MD,pulmonology,Marlton,NJ,08053,39.856677,-74.900810,30,81.15,0.7996,803
1801874045,Jay,Patel,MD,cardiology,Hamilton,NJ,08690,40.225833,-74.660096,40,75,1.5923,1078
1801874284,Sangeeta,Garg,MD,cardiology,Freehold,NJ,07728,40.225793,-74.285785,34,86.51,1.6763,978
1801876081,Michael,Scoppetuolo,MD,oncology,Livingston,NJ,07039,40.785828,-74.329100,47,98.51,0.7500,286
1801878269,Luis,Benalcazar-Puga,MD,primary-care,Elizabeth,NJ,07208,40.672913,-74.224047,26,,2.2816,129
1801878491,Elsa,Thomas,MD,primary-care,Morristown,NJ,07960,40.779235,-74.502462,25,,0.7914,205
1801878582,Ahmad,Mur,MD,primary-care,Hillsborough,NJ,08844,40.497692,-74.670505,41,20.46,2.7983,460
1801880570,Alicia,Lubin-Baskin,MD,primary-care,Iselin,NJ,08830,40.570142,-74.316371,36,,0.5738,622
1801887286,Robert,Fein,MD,oncology,Somerset,NJ,08873,40.499667,-74.531844,47,100,6.0255,989
1801891437,Jeffrey,Beal,MD,primary-care,Brick,NJ,08723,40.038584,-74.111600,42,96.09,0.9935,320
1801906680,Gangaram,Ragi,MD,dermatology,Teaneck,NJ,07666,40.890317,-74.011478,48,75,5.8953,887
1801908751,Elie,Younes,MD,cardiology,Old Bridge,NJ,08857,40.392789,-74.330397,52,,1.2132,33
1801909866,Arunima,Sarkar,MD,primary-care,Hackensack,NJ,07601,40.889398,-74.045698,33,96.09,1.2048,444
1801915483,Rimmi,Sobti,MD,primary-care,Toms River,NJ,08755,40.008534,-74.221768,35,,1.9252,447
1801918917,Frederick,Shieh,MD,gastroenterology,Berkeley Heights,NJ,07922,40.676590,-74.427022,20,,1.1479,362
1801927199,Julie,Mcconnell,MD,primary-care,West Long Branch,NJ,07764,40.287904,-74.020019,26,96.09,1.4089,168
1801937123,Jennifer,Turkish,MD,primary-care,Old Bridge,NJ,08857,40.392789,-74.330397,21,96.09,0.9975,172
1801937727,Geetha,Srinivasan,MD,primary-care,Princeton,NJ,08540,40.364728,-74.656314,36,,1.3198,155
1801942644,Ravishank,Ramamoorthy,MD,gastroenterology,Wayne,NJ,07470,40.945855,-74.245077,31,76.46,1.0722,572
1801943303,Erica,Erb,MD,primary-care,Hillsborough,NJ,08844,40.497692,-74.670505,29,,0.6918,320
1801943998,Joseph,Lombardi,MD,orthopedics,Edison,NJ,08837,40.514281,-74.343859,48,,0.6195,30
1801944632,Srinivas,Channapragada,MD,primary-care,Springfield,NJ,07081,40.697966,-74.334436,41,,1.8753,46
1801944921,Peter,Gould,MD,primary-care,Nutley,NJ,07110,40.820616,-74.156250,34,,0.6436,34
1801950480,Alice,Cardullo,MD,dermatology,Hackensack,NJ,07601,40.889398,-74.045698,44,,0.4247,127
1801957014,James,Franklin,MD,primary-care,Hamilton,NJ,08690,40.225833,-74.660096,40,98.51,1.2937,187
1801958210,Louis,Morelli,MD,psychiatry,Galloway,NJ,08205,39.482000,-74.452637,42,,0.6233,57
1801960059,Morris,Bellifemine,MD,primary-care,Secaucus,NJ,07094,40.781958,-74.067649,43,,1.7840,176
1801974118,Anu,Upadhyay,MD,psychiatry,Belle Mead,NJ,08502,40.448217,-74.653244,18,,1.0769,106
1801974753,Thomas,Connell,MD,psychiatry,Pomona,NJ,08240,39.488059,-74.533973,39,,0.4186,47
1801979752,Mahmood,Karimi,MD,primary-care,Montvale,NJ,07645,41.054594,-74.047298,,,1.9841,70
1801979901,Jatinchandra,Patel,DO,cardiology,Manalapan,NJ,07726,40.286506,-74.342547,25,21.6,0.9835,2009
1801986005,Karen,Yung Poon,MD,primary-care,Paterson,NJ,07522,40.923569,-74.179225,50,,0.7202,11
1801995352,Srisai,Gowda,MD,psychiatry,Linwood,NJ,08221,39.339936,-74.564470,35,77.73,7.3524,226
1801997515,Jesse,Karpman,MD,pulmonology,Bayonne,NJ,07002,40.662495,-74.110201,40,,1.7605,232
1811006885,John,Mariani,DO,orthopedics,Sewell,NJ,08080,39.757353,-75.122043,45,81.15,1.2124,518
1811009657,Sally,Mravcak,MD,primary-care,Jersey City,NJ,07302,40.718808,-74.044634,26,,1.3953,133
1811013246,John,Merlino,DO,cardiology,Toms River,NJ,08755,40.008534,-74.221768,26,98.51,1.0344,1613
1811023682,Aret,Kahyaoglu,MD,primary-care,Hackensack,NJ,07601,40.889398,-74.045698,41,58.76,1.9982,351
1811023880,Rahil,Patel,MD,primary-care,Edison,NJ,08820,40.576806,-74.365750,25,,1.9480,151
1811023930,Leonard,Schindel,MD,primary-care,Manalapan,NJ,07726,40.286506,-74.342547,43,,0.4633,634
1811042575,Abbie,Jacobs,MD,primary-care,Hoboken,NJ,07030,40.745251,-74.027926,40,,0.5858,42
1811050404,Keshavamurthy,Shivashankar,MD,cardiology,Belleville,NJ,07109,40.793481,-74.161159,49,56.85,3.5068,219
1811054703,Tariqshah,Syed,MD,cardiology,Teaneck,NJ,07666,40.890317,-74.011478,27,,0.7146,865
1811056088,Nirmala,Pichika,MD,primary-care,Plainsboro,NJ,08536,40.333076,-74.586628,29,,0.7068,326
1811061807,Andrew,Stefaniwsky,MD,primary-care,Union,NJ,07083,40.695266,-74.269078,49,,0.8939,524
1811075005,Subramoni,Sundaram,MD,primary-care,Dover,NJ,07801,40.901125,-74.564783,57,,0.6414,184
1811081763,Richard,Oliver,MD,primary-care,Fair Lawn,NJ,07410,40.935830,-74.117505,49,,0.6741,267
1811082373,Frances,Sjovall,DO,primary-care,Carteret,NJ,07008,40.583790,-74.227457,31,,0.5871,88
1811092695,Jane,Neuman,MD,primary-care,Oakhurst,NJ,07755,40.263470,-74.023623,37,,0.7250,66
1811092984,Sharon,Stoch,MD,primary-care,Berkeley Heights,NJ,07922,40.676590,-74.427022,31,,1.5377,245
1811094204,Kamlesh,Shah,MD,gastroenterology,Rockaway,NJ,07866,40.954988,-74.488031,27,,0.8202,214
1811099005,Tatyana,Ponti,MD,primary-care,Little Silver,NJ,07739,40.336952,-74.034535,37,92.66,2.6736,370
1811104292,Ethan,Wasserman,MD,oncology,Hackensack,NJ,07601,40.889398,-74.045698,24,90.5,5.0224,892
1811106669,Tamara,Solitro,MD,primary-care,Marlton,NJ,08053,39.856677,-74.900810,20,,1.0456,239
1811128499,Carolyn,Bernacki,DO,psychiatry,Princeton,NJ,08540,40.364728,-74.656314,17,,0.1808,20
1811130081,Amar,Narula,MD,cardiology,Robbinsville,NJ,08691,40.208319,-74.600928,17,,0.7440,987
1811150816,Saad,Ahmad,MD,cardiology,Morristown,NJ,07960,40.779235,-74.502462,21,,1.4539,153
1811157381,Sunil,Mirchandani,MD,cardiology,Berkeley Heights,NJ,07922,40.676590,-74.427022,25,,0.8306,1483
1811162894,Jennifer,Adigun,MD,primary-care,Somers Point,NJ,08244,39.315511,-74.598278,16,52.22,0.4769,383
1811173867,Padmini,Muthyala,MD,primary-care,Morristown,NJ,07960,40.779235,-74.502462,28,,0.6951,886
1811178700,Atiya,Nadeem,MD,primary-care,North Brunswick,NJ,08902,40.441513,-74.491214,25,,3.0916,93
1811184211,Aleksey,Kretov,MD,primary-care,Oakhurst,NJ,07755,40.263470,-74.023623,30,96.09,6.3629,260
1811193865,Daniel,Lee,MD,primary-care,Bayonne,NJ,07002,40.662495,-74.110201,22,85.15,1.1169,319
1811221807,Mallika,Bhat,MD,endocrinology,Shrewsbury,NJ,07702,40.326450,-74.057373,21,,0.8412,372
1811239221,Yousuf,Qureshi,MD,dermatology,Parsippany,NJ,07054,40.853767,-74.401574,13,,1.0724,530
1811250418,Hannah,Klein,MD,neurology,Cedar Knolls,NJ,07927,40.823725,-74.456354,14,84.94,0.9448,105
1811254980,Michael,Boja,DO,primary-care,Union City,NJ,07087,40.767224,-74.032429,14,,1.0455,144
1811263791,Daniel,Bachman,MD,cardiology,Morristown,NJ,07960,40.779235,-74.502462,14,,0.8240,895
1811276587,Abhishek,Sharma,MD,cardiology,Newark,NJ,07103,40.738852,-74.195264,18,,1.4566,127
1811293921,Camille,Green,MD,primary-care,Flemington,NJ,08822,40.521995,-74.866644,17,,0.9676,295
1811302128,Khalid,Jumean,MD,primary-care,Paterson,NJ,07503,40.897548,-74.154121,14,,0.5839,267
1811308489,Teja,Karukonda,MD,orthopedics,Teaneck,NJ,07666,40.890317,-74.011478,12,,1.2602,131
1811335433,Taher,Modarressi,MD,endocrinology,Haddonfield,NJ,08033,39.892421,-75.036651,13,,2.7642,92
1811344765,Maryam,Soliman,DO,pulmonology,Englewood,NJ,07631,40.891197,-73.972515,10,,0.7319,462
1811356199,Alpa,Patel,DO,primary-care,Hackensack,NJ,07601,40.889398,-74.045698,10,81.33,1.0603,222
1811370828,Vaibhavi,Uppin,MD,cardiology,Hackettstown,NJ,07840,40.860045,-74.831795,13,55.5,2.3290,377
1811372535,Jason,Mintz,MD,psychiatry,New Brunswick,NJ,08901,40.483638,-74.442460,11,88.4,0.4459,114
1811376734,Aref,Daouk,MD,primary-care,East Brunswick,NJ,08816,40.429119,-74.416287,13,100,1.3857,566
1811386808,Sanskriti,Mishra,MD,neurology,Neptune,NJ,07753,40.210761,-74.074499,16,81.33,0.6874,465
1811417868,Mina,Gendy,DO,oncology,Hamilton,NJ,08690,40.225833,-74.660096,9,98.51,0.7110,57
1811421209,Charles,Wang,MD,orthopedics,Cedar Knolls,NJ,07927,40.823725,-74.456354,9,,0.7486,737
1811427198,Sameh,Scander,MD,primary-care,Passaic,NJ,07055,40.857552,-74.129089,12,,1.8025,349
1811450174,Charles,Eke,MD,primary-care,Newton,NJ,07860,41.057287,-74.802737,7,,0.3505,228
1811475171,Bhavik,Patel,MD,primary-care,Jersey City,NJ,07307,40.751842,-74.053976,14,85.15,1.2656,59
1811482516,Jack,Fatica,MD,psychiatry,Piscataway,NJ,08854,40.539658,-74.462791,8,,1.1813,18
1811484579,Biola,Ohiokpehai,MD,primary-care,Hamilton,NJ,08690,40.225833,-74.660096,11,,0.7537,14
1811484694,Cecilia,Perez,DO,primary-care,Pennington,NJ,08534,40.329422,-74.792789,8,96.91,1.2909,59
1811490766,Scott,Haarburger,DO,primary-care,Pompton Plains,NJ,07444,40.967407,-74.306967,8,,0.6577,242
1811511033,Mildred,Randolph,DO,primary-care,Sewell,NJ,08080,39.757353,-75.122043,6,,0.5846,141
1811525538,Alex,Fu,DO,primary-care,North Bergen,NJ,07047,40.793644,-74.025027,6,96.09,0.6361,65
1811552656,Matthew,Sallady,DO,primary-care,Wayne,NJ,07470,40.945855,-74.245077,7,,0.5412,236
1811574312,Elizabeth,Figueiredo,DO,primary-care,Woodbury,NJ,08097,39.813290,-75.150650,5,,0.4596,134
1811905268,Howard,Kuo,MD,neurology,Edison,NJ,08820,40.576806,-74.365750,43,16.96,2.7908,390
1811907108,Satyendra,Singh,MD,primary-care,Lakewood,NJ,08701,40.077069,-74.198510,35,85.28,1.8623,555
1811919178,Vinette,Coelho-Dcosta,MD,pulmonology,Highland Park,NJ,08904,40.500795,-74.427911,35,81.03,2.4838,431
1811921273,Michael,Pollak,MD,primary-care,Hoboken,NJ,07030,40.745251,-74.027926,45,,2.3623,30
1811923188,Puneet,Sahgal,MD,cardiology,Old Bridge,NJ,08857,40.392789,-74.330397,42,,2.4259,650
1811927759,Trigun,Bhatt,MD,primary-care,Marlton,NJ,08053,39.856677,-74.900810,31,,0.5028,603
1811929045,Rajasree,Dasari,MD,primary-care,Toms River,NJ,08755,40.008534,-74.221768,33,,0.5512,229
1811935307,Anupama,Nehra,MD,oncology,Newark,NJ,07103,40.738852,-74.195264,26,,0.4101,63
1811940091,Monica,Awsare,MD,gastroenterology,Lumberton,NJ,08048,39.953850,-74.803026,31,95.33,0.8065,570
1811941651,Frank,Santos,MD,psychiatry,Palisades Park,NJ,07650,40.847017,-73.997061,44,,0.9112,42
1811942717,Ingrid,Warmuth,MD,dermatology,Elmer,NJ,08318,39.557653,-75.177717,35,100,2.3381,1172
1811943418,Sandhya,Gumaste,MD,primary-care,Teaneck,NJ,07666,40.890317,-74.011478,41,23.35,1.8283,329
1811943897,Lisa,Tank,MD,primary-care,Hackensack,NJ,07601,40.889398,-74.045698,30,96.09,0.5721,20
1811946494,Jane,Sofair,MD,psychiatry,Hoboken,NJ,07030,40.745251,-74.027926,46,,1.7240,11
1811947047,Cynthia,Gilson,MD,dermatology,West Long Branch,NJ,07764,40.287904,-74.020019,43,94.24,1.0508,844
1811947328,Aaron,Feingold,MD,cardiology,Edison,NJ,08837,40.514281,-74.343859,50,,0.6477,2495
1811949076,Christopher,Zipp,DO,primary-care,Morristown,NJ,07960,40.779235,-74.502462,24,,1.0691,82
1811956097,Sangeetha,Reddy,MD,primary-care,Bridgewater,NJ,08807,40.592434,-74.618840,30,,2.1451,115
1811956600,Robin,Ashinoff,MD,dermatology,Hackensack,NJ,07601,40.889398,-74.045698,41,81.33,2.6277,482
1811956881,Constantine,Kashnikow,MD,cardiology,Morristown,NJ,07960,40.779235,-74.502462,46,,1.1584,713
1811958481,Harry,Harper,MD,oncology,Hackensack,NJ,07601,40.889398,-74.045698,49,81.1,3.0497,483
1811959232,Jeanine,Downie,MD,dermatology,Montclair,NJ,07042,40.813487,-74.219011,34,,2.0745,33
1811966187,Thomas,Galski,DO,cardiology,Columbus,NJ,08022,40.067590,-74.705741,31,81.15,0.6619,1858
1811971229,Carlos,Sacristan,MD,primary-care,Passaic,NJ,07055,40.857552,-74.129089,44,,1.4363,65
1811973084,John,Conti,MD,oncology,Belleville,NJ,07109,40.793481,-74.161159,40,80.53,4.6274,602
1811973464,Melanie,Powell,DO,primary-care,Bordentown,NJ,08505,40.135589,-74.707255,26,,0.9651,264
1811979941,Nafisa,Bhoori,MD,primary-care,Shrewsbury,NJ,07702,40.326450,-74.057373,44,81.97,0.4845,1910
1811981780,Beatrice,Monroe,MD,primary-care,Parsippany,NJ,07054,40.853767,-74.401574,41,,0.4596,198
1811981913,Abdulhadi,Quadri,MD,gastroenterology,Princeton,NJ,08540,40.364728,-74.656314,36,,1.6485,136
1811982648,Mohammad,Rizwan,MD,primary-care,Passaic,NJ,07055,40.857552,-74.129089,44,,0.3346,47
1811982762,Mustafa,Sidali,DO,primary-care,Englewood,NJ,07631,40.891197,-73.972515,31,96.09,1.6282,162
1811983745,Walter,Grote,DO,primary-care,Sparta,NJ,07871,41.046696,-74.627989,47,78.05,3.0899,122
1811984701,Michael,Bageac,MD,cardiology,Forked River,NJ,08731,39.859886,-74.292741,44,98.51,0.5220,1539
1811985047,Syed,Shamim,MD,gastroenterology,Somerset,NJ,08873,40.499667,-74.531844,51,,1.4575,204
1811985203,Jon,Hershkowitz,MD,primary-care,Toms River,NJ,08755,40.008534,-74.221768,35,98.51,0.8409,294
1811986391,Scott,Strauss,DO,primary-care,Somerset,NJ,08873,40.499667,-74.531844,29,,0.9386,130
1811986706,James,Salwitz,MD,oncology,Somerset,NJ,08873,40.499667,-74.531844,45,100,6.7175,800
1811987928,Samirlal,Amin,MD,primary-care,North Bergen,NJ,07047,40.793644,-74.025027,24,22.76,2.4993,253
1811991458,Sharon,Angelo,DO,primary-care,Middletown,NJ,07748,40.396300,-74.115274,37,,1.5102,93
1811993652,Carl,Minniti,MD,oncology,Mickleton,NJ,08056,39.783683,-75.255302,40,91.26,10.8269,517
1811994692,Alexander,Rapisarda,MD,gastroenterology,Somerset,NJ,08873,40.499667,-74.531844,36,98.3,1.0890,534
1811995046,David,Rosenheck,MD,gastroenterology,Edison,NJ,08820,40.576806,-74.365750,42,81.33,1.0174,901
1821011453,Sanjay,Shetty,MD,cardiology,Cape May Court House,NJ,08210,39.119187,-74.823188,31,,0.8017,635
1821012196,William,Brown,MD,gastroenterology,Berkeley Heights,NJ,07922,40.676590,-74.427022,27,,1.6519,647
1821015546,Arthur,Carvalho,MD,primary-care,Harrison,NJ,07029,40.743620,-74.154901,29,23.11,1.1794,608
1821017344,Nikunj,Mehta,MD,primary-care,Toms River,NJ,08755,40.008534,-74.221768,48,,4.5602,233
1821022799,Syed,Ahmed,MD,primary-care,Green Brook,NJ,08812,40.598731,-74.478793,35,,1.0128,806
1821026709,David,Rudman,MD,orthopedics,Union City,NJ,07087,40.767224,-74.032429,28,,1.2449,134
1821026782,George,Paroulek,MD,primary-care,Green Brook,NJ,08812,40.598731,-74.478793,43,,0.5787,495
1821033481,Darakhshan,Shamsie,MD,primary-care,Kearny,NJ,07032,40.752332,-74.123093,39,89.84,0.3162,304
1821035411,Sarah,Fan,MD,cardiology,Livingston,NJ,07039,40.785828,-74.329100,23,98.51,0.4904,2025
1821036922,Deepinder,Arora,MD,primary-care,Little Silver,NJ,07739,40.336952,-74.034535,33,,2.1384,77
1821040478,Georges,Kaddissi,MD,cardiology,Haddon Heights,NJ,08035,39.879127,-75.065918,30,90.34,1.3274,836
1821042771,Sarika,Sharma,MD,cardiology,Hackensack,NJ,07601,40.889398,-74.045698,49,81.33,3.0175,1497
1821046681,Robert,Wooton,MD,primary-care,Berkeley Heights,NJ,07922,40.676590,-74.427022,36,,1.3923,414
1821048307,Anne Marie,Van Hoven,MD,endocrinology,Hackensack,NJ,07601,40.889398,-74.045698,27,81.33,1.2083,263
1821053000,Thomas,Li,MD,gastroenterology,Fort Lee,NJ,07024,40.850640,-73.971007,34,,1.9724,69
1821054230,Noah,Gilson,MD,neurology,West Long Branch,NJ,07764,40.287904,-74.020019,44,,0.5943,413
1821055450,Betty,Sanchez Catanese,MD,primary-care,Somerset,NJ,08873,40.499667,-74.531844,43,,1.4113,306
1821059239,Ali,Syed,MD,primary-care,Hackettstown,NJ,07840,40.860045,-74.831795,28,,1.0048,534
1821060377,Anna,Raska,MD,primary-care,Morristown,NJ,07960,40.779235,-74.502462,34,,0.8797,319
1821062977,Susan,Volpicella-Levy,DO,primary-care,Westwood,NJ,07675,41.003484,-74.001753,39,95.05,2.3665,293
1821065863,Francis,Alberta,MD,orthopedics,North Bergen,NJ,07047,40.793644,-74.025027,29,81.33,1.2307,520
1821066283,Michele,Gilsenan,DO,primary-care,Berkeley Heights,NJ,07922,40.676590,-74.427022,38,,0.4240,474
1821067786,Mahmoud,Aqel,MD,primary-care,Paterson,NJ,07503,40.897548,-74.154121,46,96.09,3.3571,120
1821069584,Bernard,Wayman,MD,primary-care,Toms River,NJ,08753,39.979668,-74.150739,37,96.09,1.6230,604
1821071911,David,Polonet,MD,orthopedics,Wall Township,NJ,07753,40.210761,-74.074499,29,,1.4657,138
1821075334,Ernest,Delacruz,MD,primary-care,Hillsborough,NJ,08844,40.497692,-74.670505,32,,0.7388,402
1821077355,Robert,Pattillo,MD,cardiology,Cape May Court House,NJ,08210,39.119187,-74.823188,38,,0.8176,1715
1821088592,Adrian,Pristas,MD,pulmonology,Hazlet,NJ,07730,40.424164,-74.173732,38,81.33,0.6584,887
1821093436,Meghan,Caruso,DO,dermatology,Marlton,NJ,08053,39.856677,-74.900810,31,80.9,0.9478,681
1821094640,Arthur,Braunwell,MD,primary-care,Ship Bottom,NJ,08008,39.623538,-74.206089,38,96.09,0.3884,1053
1821094723,David,Eingorn,MD,orthopedics,Lawrenceville,NJ,08648,40.284490,-74.717487,47,,1.0338,512
1821095605,Christopher,Horn,DO,primary-care,Chester,NJ,07930,40.781309,-74.683590,28,,1.5288,342
1821098500,Yevgeniy,Khesin,MD,neurology,Sparta,NJ,07871,41.046696,-74.627989,31,78.26,1.9447,859
1821099078,Walter,Klein,MD,gastroenterology,Harrington Park,NJ,07640,40.991681,-73.980202,39,96.09,1.4431,537
1821105198,Harry,Larkin,MD,primary-care,Ship Bottom,NJ,08008,39.623538,-74.206089,38,,1.5016,1008
1821108937,Susan,Zeveloff,MD,primary-care,Hoboken,NJ,07030,40.745251,-74.027926,46,95.05,1.2965,248
1821122722,Yasmin,Masood,MD,cardiology,Edison,NJ,08820,40.576806,-74.365750,26,96.09,0.6864,112
1821133992,Leslie,Meyer-Grimes,MD,primary-care,Oxford,NJ,07863,40.807571,-74.957451,49,,2.0241,55
1821137225,Michael,Rothkopf,MD,primary-care,West Orange,NJ,07052,40.785755,-74.265058,47,,3.3742,57
1821139502,Olga,Noskin,MD,neurology,Ridgewood,NJ,07450,40.981591,-74.113506,24,95.05,0.9109,1037
1821149659,Lei,Zhang,MD,neurology,Hamilton,NJ,08619,40.242301,-74.696408,40,29.54,1.1753,376
1821149741,Kockyen,Tsang,MD,cardiology,Browns Mills,NJ,08015,39.931536,-74.543720,54,84.95,1.5175,523
1821174483,Ashish,Agarwal,MD,cardiology,Robbinsville,NJ,08691,40.208319,-74.600928,28,,0.4249,1346
1821186560,Maria,Palomata,MD,primary-care,Hamilton,NJ,08690,40.225833,-74.660096,32,,1.1502,296
1821187691,Jagwinder,Sandhu,MD,psychiatry,Belle Mead,NJ,08502,40.448217,-74.653244,32,,0.7805,24
1821192030,Peter,Lontai,MD,primary-care,Elizabeth,NJ,07202,40.652464,-74.216853,45,,52.8199,62
1821193558,Denise,Zingrone,DO,cardiology,Browns Mills,NJ,08015,39.931536,-74.543720,24,95.33,0.1912,2419
1821199951,Maria,Capo,MD,pulmonology,Hackensack,NJ,07601,40.889398,-74.045698,43,81.33,0.8792,500
1821219171,Vijay,Seelall,MD,pulmonology,Berkeley Heights,NJ,07922,40.676590,-74.427022,26,,0.9131,870
1821220336,Sandhya,Shukla,MD,gastroenterology,Brick,NJ,08724,40.091032,-74.114395,20,98.3,0.7596,762
1821225715,James,Cosentino,DO,pulmonology,Brick,NJ,08724,40.091032,-74.114395,17,75,0.7717,925
1821228263,Durr-E-Shahwaar,Sayed,DO,primary-care,Glassboro,NJ,08028,39.692129,-75.124675,17,,1.1780,219
1821234808,Tanya,Schineller,MD,psychiatry,Morris Plains,NJ,07950,40.846026,-74.482314,24,,0.4130,12
1821237520,Qingdi,Geng,MD,primary-care,East Windsor,NJ,08512,40.324357,-74.525526,33,,3.0528,90
1821241381,Ray Ryan,Santos,MD,primary-care,Jersey City,NJ,07302,40.718808,-74.044634,21,,0.4741,242
1821247354,Ronak,Patel,MD,endocrinology,Morristown,NJ,07960,40.779235,-74.502462,20,,1.1585,240
1821253485,John,Hopkins,DO,primary-care,Haddon Heights,NJ,08035,39.879127,-75.065918,19,75,4.7968,1466
1821269341,Amy,Toscano-Zukor,DO,endocrinology,Berkeley Heights,NJ,07922,40.676590,-74.427022,23,,0.7551,762
1821273616,Timothy,Shack,MD,primary-care,Voorhees,NJ,08043,39.848570,-74.952843,31,,1.1573,580
1821276015,Vakula,Atthota,MD,primary-care,Vineland,NJ,08361,39.449369,-74.958827,25,,0.7597,670
1821298795,Sabrina,Tempesta,DO,primary-care,Emerson,NJ,07630,40.974990,-74.023248,22,,0.6623,372
1821352295,Priya,Mathew,DO,primary-care,Voorhees,NJ,08043,39.848570,-74.952843,14,,0.3948,29
1821362344,Irene,Wong,DO,primary-care,Totowa,NJ,07512,40.903415,-74.219779,17,,1.4350,87
1821376682,Jenifer,Nwosu,MD,primary-care,Rahway,NJ,07065,40.607152,-74.280531,15,,0.9011,95
1821380262,Vlada,Finch,MD,primary-care,Old Bridge,NJ,08857,40.392789,-74.330397,37,,0.4010,754
1821380940,Harini,Kumar,MD,primary-care,Edison,NJ,08820,40.576806,-74.365750,18,,0.4201,41
1821385386,Shuang,Guo,MD,oncology,New Brunswick,NJ,08901,40.483638,-74.442460,16,88.4,0.6149,148
1821385568,Eric,Glantz,DO,primary-care,Lakewood,NJ,08701,40.077069,-74.198510,15,,1.2647,23
1821385774,Nils,Brolis,DO,primary-care,Sewell,NJ,08080,39.757353,-75.122043,15,81.15,0.6182,74
1821415704,Jacqueline,Vaynkof,MD,endocrinology,Manalapan,NJ,07726,40.286506,-74.342547,12,99.01,2.2894,589
1821417528,Suzette,Rizkalla,MD,primary-care,Fair Lawn,NJ,07410,40.935830,-74.117505,18,,0.8286,139
1821417577,Jacob,Cohn,MD,psychiatry,Morristown,NJ,07960,40.779235,-74.502462,12,,0.5537,128
1821449349,Adedoyin,Aderinto,DO,primary-care,Trenton,NJ,08638,40.254018,-74.763385,10,,0.8589,196
1821449604,Joseph,Galloway,MD,orthopedics,Newark,NJ,07103,40.738852,-74.195264,10,,1.6747,36
1821450388,Andrew,Kruger,DO,primary-care,Oakhurst,NJ,07755,40.263470,-74.023623,10,98.3,0.7312,448
1821454471,Boning,Li,MD,primary-care,Eatontown,NJ,07724,40.298625,-74.074178,13,98.51,1.2166,275
1821472630,Nelson,Lee,DO,primary-care,Jackson,NJ,08527,40.108665,-74.358602,11,96.09,0.7963,257
1821476003,Siddhart,Mehta,MD,neurology,West Orange,NJ,07052,40.785755,-74.265058,16,,1.4959,124
1821481425,Pooja,Mehta,MD,primary-care,Scotch Plains,NJ,07076,40.633029,-74.372899,13,,0.6468,27
1821518416,Joshua,Weinstock,MD,cardiology,Cherry Hill,NJ,08003,39.885852,-74.971145,9,,0.6208,770
1821527987,Ramadevi,Enugala,MD,primary-care,Jersey City,NJ,07306,40.736294,-74.071128,19,96.09,1.0984,39
1821550948,Nitin,Pothen,MD,psychiatry,Brick,NJ,08724,40.091032,-74.114395,18,81.33,0.6743,180
1821559675,Frishta,Abawi,DO,primary-care,Hoboken,NJ,07030,40.745251,-74.027926,7,95.05,0.7167,276
1821583683,Stephen,Veterano,DO,neurology,Voorhees,NJ,08043,39.848570,-74.952843,8,81.15,1.7285,31
1821585225,Swarnaraji,Amal Doss,MD,primary-care,Morristown,NJ,07960,40.779235,-74.502462,17,,0.9235,256
1821587270,Melissa,Mercado,DO,primary-care,East Orange,NJ,07017,40.771918,-74.207082,16,,2.2239,146
1821594474,Amanda,Rupert,MD,gastroenterology,Newark,NJ,07103,40.738852,-74.195264,8,,0.6013,35
1821594615,Jessica,Kunadia,MD,primary-care,Plainsboro,NJ,08536,40.333076,-74.586628,,,1.2131,119
1821626136,Alman,Khalid,MD,primary-care,Elizabeth,NJ,07202,40.652464,-74.216853,15,,0.6557,246
1821626409,Prarthi,Patel,MD,primary-care,Camden,NJ,08103,39.935202,-75.112703,6,99.52,0.7075,215
1831100999,Glen,Wainen,MD,orthopedics,Hackettstown,NJ,07840,40.860045,-74.831795,34,,0.9127,220
1831112689,Bruce,Warshauer,MD,dermatology,Point Pleasant Boro,NJ,08742,40.080812,-74.059117,44,75,0.8353,410
1831118819,Rupa,Panchal,MD,primary-care,Howell,NJ,07731,40.149537,-74.203987,33,,0.9937,569
1831119643,David,Carrieri,DO,primary-care,Green Brook,NJ,08812,40.598731,-74.478793,37,,0.8198,693
1831122704,Vishal,Bahal,DO,cardiology,Mullica Hill,NJ,08062,39.716095,-75.219267,33,75,2.6516,1419
1831126945,Benyamin,Hannallah,MD,primary-care,Jersey City,NJ,07306,40.736294,-74.071128,45,,1.4575,352
1831128727,Paul,Marquette,MD,primary-care,Point Pleasant Boro,NJ,08742,40.080812,-74.059117,35,96.09,0.8423,627
1831130079,Susan,Simandl,MD,cardiology,Berkeley Heights,NJ,07922,40.676590,-74.427022,39,,0.9525,934
1831133149,Bhagyalakshmi,Sastri,MD,primary-care,Plainsboro,NJ,08536,40.333076,-74.586628,30,85.76,0.9336,115
1831134311,Feraydoon,Kohan,MD,cardiology,Jersey City,NJ,07306,40.736294,-74.071128,34,85.5,2.7274,391
1831135110,Petronilo,Seares,MD,primary-care,Brick,NJ,08723,40.038584,-74.111600,49,,1.6654,407
1831137215,Bhavani,Vietla,MD,primary-care,Elizabeth,NJ,07202,40.652464,-74.216853,34,,0.7013,408
1831139229,Robert,Dalsey,MD,orthopedics,Cherry Hill,NJ,08003,39.885852,-74.971145,44,,0.5704,59
1831139500,Inge,Regan,MD,primary-care,West Windsor,NJ,08550,40.279953,-74.622116,33,,0.3476,254
1831142207,Phillip,Koren,MD,cardiology,Voorhees,NJ,08043,39.848570,-74.952843,42,91.83,0.7843,246
1831146802,Tracy,Debiaso,MD,primary-care,Bridgeton,NJ,08302,39.438613,-75.260646,34,,1.6839,192
1831152404,Upendra,Dhanjal,MD,pulmonology,Somers Point,NJ,08244,39.315511,-74.598278,32,,0.6966,754
1831152966,Louis,Jan,MD,primary-care,Englewood,NJ,07631,40.891197,-73.972515,31,,1.1489,631
1831154426,Minhaz,Karim,MD,primary-care,Marlton,NJ,08053,39.856677,-74.900810,32,,1.9033,192
1831156819,Debra,Goldson-Prophete,MD,primary-care,South Orange,NJ,07079,40.748811,-74.261512,29,,4.5195,222
1831158005,Simona,Rossi,MD,gastroenterology,Cherry Hill,NJ,08034,39.906100,-75.000375,28,,0.8227,211
1831161850,Justin,Wilson,MD,primary-care,Morris Plains,NJ,07950,40.846026,-74.482314,39,,0.9523,30
1831162403,Howard,Guss,DO,gastroenterology,Ocean,NJ,07712,40.246895,-74.054502,36,85.15,1.0059,540
1831164300,Adam,Wagshul,MD,orthopedics,Berkeley Heights,NJ,07922,40.676590,-74.427022,30,,0.8265,306
1831164474,Debra,Curry,MD,primary-care,Milford,NJ,08848,40.594266,-75.096659,39,,0.4850,306
1831166099,William,Lyons,MD,cardiology,Englewood,NJ,07631,40.891197,-73.972515,34,96.09,1.0579,737
1831166982,Jacques,Tohme,MD,endocrinology,Paramus,NJ,07652,40.947299,-74.070169,52,75,0.9491,950
1831168194,Edward,Gold,MD,primary-care,Emerson,NJ,07630,40.974990,-74.023248,49,,0.8493,463
1831169515,John,Gumina,MD,primary-care,Freehold,NJ,07728,40.225793,-74.285785,56,96.09,1.6028,323
1831174739,Melissa,Young,MD,endocrinology,Freehold,NJ,07728,40.225793,-74.285785,33,84.89,1.1681,621
1831176254,Steven,Sclafani,MD,orthopedics,Morristown,NJ,07960,40.779235,-74.502462,35,,0.8124,169
1831185768,David,Bollard,DO,primary-care,Sparta,NJ,07871,41.046696,-74.627989,40,78.05,1.6347,294
1831191550,Yan,Wu,MD,endocrinology,Hamilton,NJ,08619,40.242301,-74.696408,39,,2.6500,151
1831192129,Julio,Diaz,MD,primary-care,Linden,NJ,07036,40.624711,-74.239362,36,,1.6035,587
1831195601,Jay,Vida,DO,primary-care,Brick,NJ,08724,40.091032,-74.114395,35,96.09,0.9991,1146
1831196278,Kalyani,Gardilla,MD,primary-care,Red Bank,NJ,07701,40.360509,-74.078952,32,96.09,0.9024,560
1831196971,Michael,Amendolara,MD,primary-care,Belvidere,NJ,07823,40.823262,-75.046014,37,,1.2860,209
1831199199,Jeongwon,Kim,MD,primary-care,Fort Lee,NJ,07024,40.850640,-73.971007,29,95.41,1.5012,481
1831199496,Sushma,Sahni,MD,primary-care,Spotswood,NJ,08884,40.393613,-74.392737,43,,2.5434,138
1831199645,Libby,Joffe,MD,primary-care,Wayne,NJ,07470,40.945855,-74.245077,36,,1.4392,158
1831200054,Sonia,Rijhsinghani,MD,primary-care,Manalapan,NJ,07726,40.286506,-74.342547,39,,2.4857,463
1831223510,Raul,Valcarcel,MD,primary-care,East Windsor,NJ,08512,40.324357,-74.525526,39,,1.4014,153
1831238617,Joyce,Larkin,MD,psychiatry,Mount Laurel,NJ,08054,39.948992,-74.900247,39,,5.8808,29
1831239649,Daud,Panah,MD,psychiatry,Atlantic City,NJ,08401,39.377337,-74.451070,41,93.34,3.6859,56
1831241264,Roth,Riley,MD,primary-care,Cedar Grove,NJ,07009,40.858017,-74.229784,44,,4.7127,98
1831248780,Kevin,Hunter,DO,neurology,Atlantic City,NJ,08401,39.377337,-74.451070,34,,0.7978,659
1831258607,Deepak,Shah,MD,primary-care,Passaic,NJ,07055,40.857552,-74.129089,51,,0.8363,383
1831259753,Andrea,Bowers,MD,orthopedics,Mt Laurel,NJ,08054,39.948992,-74.900247,22,75,1.0655,611
1831260777,Mauricio,Zapiach,MD,gastroenterology,Somerset,NJ,08873,40.499667,-74.531844,29,98.3,1.1174,120
1831262252,Leslie,Simonson,MD,primary-care,West Orange,NJ,07052,40.785755,-74.265058,39,,1.0351,68
1831264456,Xiangbing,Wang,MD,primary-care,New Brunswick,NJ,08901,40.483638,-74.442460,40,88.4,0.7241,258
1831267350,Manjula,Kumar,MD,psychiatry,Morris Plains,NJ,07950,40.846026,-74.482314,59,,0.2702,25
1831270990,Juluru,Rao,MD,orthopedics,Bayonne,NJ,07002,40.662495,-74.110201,54,,0.8217,167
1831271410,Jonathan,Roth,MD,orthopedics,Wayne,NJ,07470,40.945855,-74.245077,20,,0.8237,155
1831276294,Christine,Castillo,DO,primary-care,Hamilton,NJ,08619,40.242301,-74.696408,31,96.91,1.0112,152
1831277169,Kenneth,Kaufman,MD,psychiatry,New Brunswick,NJ,08901,40.483638,-74.442460,52,88.4,2.8470,60
1831280650,Asit,Patnaik,MD,primary-care,Mercerville,NJ,08619,40.242301,-74.696408,24,75.92,1.2781,507
1831283910,Shawn,Crabtree,MD,primary-care,Wayne,NJ,07470,40.945855,-74.245077,36,,1.2274,325
1831324227,Carissa,Meyer,MD,orthopedics,Berkeley Heights,NJ,07922,40.676590,-74.427022,17,,0.7149,436
1831325166,John,Dundon,MD,orthopedics,Bridgewater,NJ,08807,40.592434,-74.618840,17,79.23,1.5479,1073
1831333210,Juliet,Varghese,MD,primary-care,Morristown,NJ,07960,40.779235,-74.502462,25,,0.8215,192
1831334689,Dany,Abou Jaoude,MD,primary-care,Pompton Plains,NJ,07444,40.967407,-74.306967,25,,1.2331,532
1831344308,Lana,Zhovtis Ryerson,MD,neurology,Hackensack,NJ,07601,40.889398,-74.045698,19,81.33,1.1801,81
1831357656,Uzma,Fatima,MD,primary-care,Livingston,NJ,07039,40.785828,-74.329100,28,87.07,1.0639,426
1831369701,Vivek,Bansal,MD,primary-care,Edison,NJ,08820,40.576806,-74.365750,24,75,1.4052,386
1831380195,Pragati,Pandey,MD,primary-care,Berkeley Heights,NJ,07922,40.676590,-74.427022,23,,1.4831,81
1831382506,Michael,Katz,MD,cardiology,Morristown,NJ,07960,40.779235,-74.502462,19,,0.4659,2484
1831392422,Nimra,Rana,MD,primary-care,Camden,NJ,08103,39.935202,-75.112703,28,99.52,1.0212,175
1831394527,Rebecca,Sandler,MD,endocrinology,Berkeley Heights,NJ,07922,40.676590,-74.427022,19,,1.7444,473
1831409531,Yaser,Elnahar,MD,primary-care,Flemington,NJ,08822,40.521995,-74.866644,19,85.54,0.7428,1641
1831414424,Mafudia,Suaray,MD,primary-care,New Brunswick,NJ,08901,40.483638,-74.442460,16,98.51,0.9985,147
1831434257,Jean,Gue,MD,cardiology,Camden,NJ,08103,39.935202,-75.112703,18,,1.0642,567
1831452986,Mohammed,Moughrabi,MD,primary-care,Paterson,NJ,07514,40.924786,-74.144542,15,,0.8127,164
1831455005,Brad,Kamitaki,MD,neurology,New Brunswick,NJ,08901,40.483638,-74.442460,14,88.4,0.8268,229
1831484302,Todd,Rosenthal,MD,cardiology,Morristown,NJ,07960,40.779235,-74.502462,16,,0.4828,1835
1831484419,Anuja,Kriplani,MD,oncology,Montvale,NJ,07645,41.054594,-74.047298,15,80.41,0.7174,169
1831490614,Ahmed,Hadi,MD,dermatology,New Milford,NJ,07646,40.934161,-74.019453,16,96.09,1.0698,543
1831504588,Dipesh,Patel,DO,primary-care,Edison,NJ,08820,40.576806,-74.365750,13,96.09,0.6078,139
1831520170,Angela,Chung,DO,primary-care,Morristown,NJ,07960,40.779235,-74.502462,13,,0.9750,350
1831528017,Malik,Massac,MD,primary-care,Voorhees,NJ,08043,39.848570,-74.952843,15,,0.4075,397
1831530237,Priten,Patel,MD,primary-care,Camden,NJ,08103,39.935202,-75.112703,13,99.52,0.4899,168
1831598788,Alaukik,Bhasin,DO,psychiatry,Westampton,NJ,08060,40.010005,-74.792207,12,,1.4605,39
1831623115,Sumiya,Ahmed,MD,primary-care,Columbus,NJ,08022,40.067590,-74.705741,12,96.91,0.8861,69
1831624352,Brian,Baksa,MD,primary-care,Morristown,NJ,07960,40.779235,-74.502462,10,,0.2510,73
1831625789,Gregory,Callanan,DO,orthopedics,Somers Point,NJ,08244,39.315511,-74.598278,9,,0.5347,150
1831627983,Asad,Shaikh,MD,psychiatry,Trenton,NJ,08638,40.254018,-74.763385,9,,0.5098,137
1831628395,Joseph,Sambataro,MD,primary-care,Belleville,NJ,07109,40.793481,-74.161159,9,,0.7729,40
1831650555,Sandhya,Bassin,MD,endocrinology,Old Bridge,NJ,08857,40.392789,-74.330397,7,,0.6096,18
1831652890,Omid,Rashidbaigi,MD,primary-care,Morristown,NJ,07960,40.779235,-74.502462,7,,0.6889,501
1831659580,Shivani,Patel,MD,endocrinology,Hackettstown,NJ,07840,40.860045,-74.831795,7,,0.8549,140
1831689504,David,Rodriguez,MD,orthopedics,Wayne,NJ,07470,40.945855,-74.245077,8,,0.6997,334
1831727155,Armida,Priftani,MD,primary-care,Lodi,NJ,07644,40.877915,-74.082500,4,96.09,0.9020,47
1831751874,Melanie,Silva,DO,primary-care,Morristown,NJ,07960,40.779235,-74.502462,7,,0.7622,195
1831758945,Charles,Arber,DO,primary-care,Bayonne,NJ,07002,40.662495,-74.110201,7,,0.9841,232
1831869312,Irene,Gottlob,MD,neurology,Camden,NJ,08103,39.935202,-75.112703,44,91.83,1.3362,103
1841201811,John,Katona,MD,orthopedics,Teaneck,NJ,07666,40.890317,-74.011478,56,,0.8328,126
1841203940,Cory,Vergilio,MD,gastroenterology,Hillsborough,NJ,08844,40.497692,-74.670505,32,100,1.2915,673
1841204104,Sonia,Laumbach,MD,primary-care,New Brunswick,NJ,08901,40.483638,-74.442460,27,,0.7064,48
1841204559,Daniel,Matkiwsky,DO,primary-care,Franklin,NJ,07416,41.108997,-74.588641,29,,1.2328,295
1841204666,Joseph,Pecora,DO,primary-care,Belle Mead,NJ,08502,40.448217,-74.653244,27,,2.0911,999
1841206208,Mahmoodah,Perveen,MD,primary-care,Bayonne,NJ,07002,40.662495,-74.110201,40,,2.3017,407
1841206653,Andrew,Brief,MD,orthopedics,Ridgewood,NJ,07450,40.981591,-74.113506,26,75,0.6746,548
1841209673,Eugenia,Zilber,MD,primary-care,Manalapan,NJ,07726,40.286506,-74.342547,44,96.09,1.0640,279
1841210861,Robert,Picciano,MD,primary-care,Newark,NJ,07105,40.723066,-74.138636,38,21.87,1.4758,208
1841213048,Andres,Ferber,MD,oncology,Sewell,NJ,08080,39.757353,-75.122043,38,,0.6269,251
1841214566,Ravinder,Bhalla,MD,psychiatry,Ridgewood,NJ,07450,40.981591,-74.113506,44,,1.7173,107
1841215969,Eli,Djebiyan,MD,primary-care,Englewood,NJ,07631,40.891197,-73.972515,40,,1.1766,817
1841216181,Janice,Baker,MD,primary-care,Chatham,NJ,07928,40.724971,-74.415086,44,,0.6072,120
1841217635,Mahesh,Ghayal,MD,cardiology,Cape May Court House,NJ,08210,39.119187,-74.823188,46,,0.7654,249
1841219359,Dianna,Deignan,MD,primary-care,Cape May Court House,NJ,08210,39.119187,-74.823188,23,,0.6811,526
1841219953,Sita,Chokhavatia,MD,gastroenterology,Hoboken,NJ,07030,40.745251,-74.027926,44,95.05,1.1111,332
1841224755,Lide,Liu,MD,primary-care,Flemington,NJ,08822,40.521995,-74.866644,20,,0.7826,225
1841229309,Murray,Buck,DO,primary-care,Moorestown,NJ,08057,39.979658,-74.941308,44,81.15,0.3651,316
1841229457,Joseph,Gallagher,DO,primary-care,Sewell,NJ,08080,39.757353,-75.122043,23,,1.0042,234
1841234473,Jasbir,Kasuri,MD,primary-care,Edison,NJ,08817,40.514655,-74.393104,48,,3.2408,185
1841239050,Timothy,Odonnell,DO,pulmonology,Hoboken,NJ,07030,40.745251,-74.027926,41,,0.8432,1006
1841240132,Stan,Wasilewski,MD,cardiology,Edison,NJ,08837,40.514281,-74.343859,39,,0.7140,1972
1841240637,Patricia,Tager,MD,dermatology,Galloway,NJ,08205,39.482000,-74.452637,32,94.26,1.0734,103
1841244332,Bruce,Tenner,DO,cardiology,Toms River,NJ,08755,40.008534,-74.221768,38,98.51,0.7605,1480
1841246451,Wissam,Abouzgheib,MD,pulmonology,Willingboro,NJ,08046,40.027950,-74.886984,26,91.83,0.6487,369
1841247343,Najam,Wasty,MD,cardiology,Newark,NJ,07112,40.711391,-74.211683,49,,2.1341,161
1841248036,Devi,Gollapudi,MD,primary-care,Hackettstown,NJ,07840,40.860045,-74.831795,41,89.37,2.9889,253
1841249059,Rudolph,Gronsky,DO,primary-care,Piscataway,NJ,08854,40.539658,-74.462791,40,,0.4025,534
1841249562,Robert,Angels,MD,neurology,Hackensack,NJ,07601,40.889398,-74.045698,43,81.33,0.6951,93
1841251337,Donna,Chrisanderson,MD,primary-care,Maplewood,NJ,07040,40.733607,-74.271159,38,,5.2166,137
1841255320,Juan,Riestra,MD,psychiatry,Montclair,NJ,07042,40.813487,-74.219011,39,,1.1417,196
1841259363,Laura,Kropf,MD,primary-care,Phillipsburg,NJ,08865,40.708226,-75.147073,25,97.13,1.3201,421
1841262185,Paul,Carbonaro,MD,dermatology,Turnersville,NJ,08012,39.783815,-75.056068,30,,0.7141,352
1841263183,Chao,Cheng,MD,cardiology,Bridgewater,NJ,08807,40.592434,-74.618840,57,,1.2161,243
1841270329,Frieda,Goldman,MD,primary-care,Bound Brook,NJ,08805,40.570639,-74.537551,38,,0.8801,300
1841271939,Munzer,Arnouk,MD,primary-care,Little Falls,NJ,07424,40.882319,-74.205876,52,,0.7729,58
1841277985,Brian,Torpey,MD,orthopedics,Tinton Falls,NJ,07724,40.298625,-74.074178,37,,1.9233,18
1841277993,Christopher,Johnson,MD,orthopedics,Tinton Falls,NJ,07724,40.298625,-74.074178,43,,0.7857,287
1841278116,Alan,Nasar,MD,orthopedics,Freehold,NJ,07728,40.225793,-74.285785,26,75,1.0330,504
1841285780,Claudia,Berdugo,DO,primary-care,Newark,NJ,07104,40.767713,-74.168350,32,,2.3411,68
1841287620,Richard,Nelson,MD,primary-care,Berkeley Heights,NJ,07922,40.676590,-74.427022,41,,1.4273,480
1841289634,Lydia,Shajenko,MD,neurology,Edgewater,NJ,07020,40.824650,-73.973793,29,,14.2873,118
1841290053,Warren,Kurnick,MD,dermatology,Willingboro,NJ,08046,40.027950,-74.886984,52,,0.8498,666
1841290343,Robin,Figliola,DO,primary-care,Camden,NJ,08104,39.916459,-75.111355,29,,0.5674,73
1841301637,Rayson,Yang,MD,cardiology,Toms River,NJ,08755,40.008534,-74.221768,26,86.51,2.9806,1104
1841315702,Sameh,Girgis,MD,primary-care,Neptune,NJ,07753,40.210761,-74.074499,24,,1.0820,768
1841326162,Maria,Birotte Sanchez,MD,primary-care,North Plainfield,NJ,07060,40.616667,-74.422042,38,,1.6092,52
1841327384,Magda,Eraiba,MD,primary-care,Wayne,NJ,07470,40.945855,-74.245077,42,24.18,2.5474,308
1841327947,Ricardo,Perez,DO,primary-care,Voorhees,NJ,08043,39.848570,-74.952843,19,,0.4396,188
1841343969,Pedro,Dayrit,MD,gastroenterology,Salem,NJ,08079,39.542408,-75.431684,53,,0.8828,239
1841344694,Marina,Sobol,MD,neurology,Edison,NJ,08820,40.576806,-74.365750,31,,3.7295,67
1841354537,Nicholas,Guittari,MD,primary-care,Newark,NJ,07112,40.711391,-74.211683,40,98.51,1.0080,180
1841358066,Victor,Mazza,MD,cardiology,Hackensack,NJ,07601,40.889398,-74.045698,23,92.89,1.7862,306
1841361771,Nami,Khulusi,MD,primary-care,Eatontown,NJ,07724,40.298625,-74.074178,37,,0.5841,144
1841363520,Yanchun,Zhang,MD,neurology,Livingston,NJ,07039,40.785828,-74.329100,42,86.02,2.7476,779
1841364965,Howard,Benn,MD,oncology,Fair Lawn,NJ,07410,40.935830,-74.117505,37,96.09,0.8865,262
1841371028,Bonnie,Levin,DO,primary-care,Cherry Hill,NJ,08034,39.906100,-75.000375,40,,2.5430,116
1841372554,Afshin,Salsali,MD,endocrinology,New Brunswick,NJ,08901,40.483638,-74.442460,35,88.4,0.7340,11
1841373438,Virak,Tan,MD,orthopedics,Harrison,NJ,07029,40.743620,-74.154901,32,,0.8822,118
1841379377,Jeffrey,Levine,MD,primary-care,New Brunswick,NJ,08901,40.483638,-74.442460,36,,0.5641,123
1841381076,Maris,Davis,MD,endocrinology,Glen Ridge,NJ,07028,40.804798,-74.204569,43,96.09,2.0952,345
1841389863,Marie,Kairys,MD,primary-care,Delran,NJ,08075,40.029676,-74.948997,38,,1.3681,173
1841393121,Charles,Ciolino,MD,psychiatry,Summit,NJ,07901,40.714923,-74.366372,45,,1.2461,64
1841396009,Perry,Weinstock,MD,cardiology,Camden,NJ,08103,39.935202,-75.112703,41,91.83,0.7490,643
1841404787,Jason,Matthews,MD,gastroenterology,Flemington,NJ,08822,40.521995,-74.866644,26,94.48,1.0063,384
1841405008,Maria,Pantano,DO,primary-care,Wood Ridge,NJ,07075,40.850183,-74.087068,22,,1.9416,747
1841408796,Nicole,Rocca,MD,dermatology,Hackettstown,NJ,07840,40.860045,-74.831795,23,85.75,0.9803,984
1841424074,Sung,Kim,MD,primary-care,Glen Ridge,NJ,07028,40.804798,-74.204569,19,,0.7704,452
1841426509,Letitia,Price,MD,primary-care,Marlton,NJ,08053,39.856677,-74.900810,17,,0.7528,283
1841436359,Bhavna,Sandhu,MD,primary-care,New Brunswick,NJ,08901,40.483638,-74.442460,23,87.07,1.3748,572
1841440377,Bryan,Saia,DO,cardiology,Haddon Heights,NJ,08035,39.879127,-75.065918,20,90.34,1.3989,1615
1841451291,Donna Chelle,Morales,DO,cardiology,Hewitt,NJ,07421,41.173740,-74.352613,18,,0.2955,717
1841452513,Mahim,Kapoor,MD,cardiology,Eatontown,NJ,07724,40.298625,-74.074178,18,82.83,0.7774,2447
1841453263,Sheetal,Shrimanker,MD,oncology,Plainsboro,NJ,08536,40.333076,-74.586628,15,,1.5573,237
1841458437,Seblewongel,Bulcha-Debosse,MD,primary-care,Northfield,NJ,08225,39.358340,-74.536312,41,,1.0357,193
1841460144,Amish,Patel,DO,cardiology,Edison,NJ,08820,40.576806,-74.365750,22,81.33,0.9276,1447
1841464054,Sareen,Barbouletos,MD,primary-care,Woodbury,NJ,08097,39.813290,-75.150650,18,,1.0010,408
1841477817,Mark,Mascarenhas,MD,cardiology,Eatontown,NJ,07724,40.298625,-74.074178,29,82.83,1.0227,2622
1841495546,Phoebe,Lu,MD,dermatology,Parsippany,NJ,07054,40.853767,-74.401574,20,78.13,0.5666,495
1841496098,Jason,Estok,MD,psychiatry,Tenafly,NJ,07670,40.918309,-73.950523,21,,10.8545,23
1841502275,Ahmed,Abou Hussein,MD,oncology,Camden,NJ,08103,39.935202,-75.112703,21,,0.2932,260
1841502937,Robert,Laurente,MD,primary-care,Trenton,NJ,08619,40.242301,-74.696408,16,,1.4286,196
1841519204,Elizabeth,August,MD,primary-care,Ridgewood,NJ,07450,40.981591,-74.113506,13,85.15,0.7791,141
1841519527,Matthew,Scharf,MD,neurology,Neptune,NJ,07753,40.210761,-74.074499,17,88.4,0.4795,175
1841519709,Matthew,Saybolt,MD,cardiology,Eatontown,NJ,07724,40.298625,-74.074178,16,82.83,1.7573,1348
1841532223,Janelle,Billig,MD,primary-care,West Orange,NJ,07052,40.785755,-74.265058,13,87.07,0.6370,15
1841533684,Migdalia,Feliciano,MD,primary-care,Newark,NJ,07112,40.711391,-74.211683,13,,0.3797,27
1841586013,Sevak,Keshishyan,MD,pulmonology,Englewood,NJ,07631,40.891197,-73.972515,23,,0.9306,24
1841586062,Mignon,D Guerra,MD,primary-care,Bordentown,NJ,08505,40.135589,-74.707255,18,,0.7326,295
1841587565,Brian,Blair,DO,gastroenterology,Voorhees,NJ,08043,39.848570,-74.952843,15,,0.8339,480
1841599651,Alessia,Roehnelt,MD,endocrinology,New Providence,NJ,07974,40.696919,-74.403853,15,,0.8116,718
1841602281,Zachary,Perlman,DO,primary-care,Little Silver,NJ,07739,40.336952,-74.034535,13,,4.9456,256
1841603644,Arthur,Omondi,MD,cardiology,Voorhees,NJ,08043,39.848570,-74.952843,12,,3.0824,568
1841604105,Devinder,Singh,MD,cardiology,Manahawkin,NJ,08050,39.712132,-74.231888,12,86.51,1.7300,1080
1841605623,Orooj,Arif,MD,primary-care,Voorhees,NJ,08043,39.848570,-74.952843,12,,0.4065,194
1841623170,Donald,Christmas,MD,primary-care,Pennington,NJ,08534,40.329422,-74.792789,18,,0.8901,138
1841630191,Mesum,Moosavi,MD,primary-care,Cresskill,NJ,07626,40.940018,-73.958313,13,25.04,4.4842,2299
1841640471,Patrick,Wu,MD,primary-care,Hackensack,NJ,07601,40.889398,-74.045698,10,81.33,0.5465,470
1841642378,Austin,Whiting,DO,orthopedics,Egg Harbor Township,NJ,08234,39.388393,-74.620728,8,85.23,1.0985,66
1841643541,Jane,Khalife,MD,neurology,Camden,NJ,08103,39.935202,-75.112703,10,91.83,1.3671,242
1841647823,Joshua,Daniel,MD,neurology,Elizabeth,NJ,07202,40.652464,-74.216853,14,,0.5458,208
1841648714,Lauren,Rosenblum,DO,primary-care,Berkeley Heights,NJ,07922,40.676590,-74.427022,10,,1.1482,229
1841652286,Chaitali,Patel,MD,primary-care,Pompton Plains,NJ,07444,40.967407,-74.306967,17,,0.7007,125
1841652930,Joseph,Daibes,DO,cardiology,Clifton,NJ,07013,40.869405,-74.173062,10,,2.3904,1476
1841653078,Sagar,Patel,DO,cardiology,Brick,NJ,08724,40.091032,-74.114395,4,75,2.1392,2085
1841690021,Candacy,George,DO,primary-care,Carneys Point,NJ,08069,39.703142,-75.450676,12,,0.7132,322
1841697109,Nirmal,Trivedi,MD,psychiatry,Princeton,NJ,08540,40.364728,-74.656314,14,,0.3450,110
1841711694,Lauren,Bischoff,MD,primary-care,Hillsborough,NJ,08844,40.497692,-74.670505,9,,0.8564,256
1841722568,Eva,Alba,MD,endocrinology,Berkeley Heights,NJ,07922,40.676590,-74.427022,9,,1.4879,136
1841731049,Kelley,Mowatt Pesce,DO,oncology,Hackensack,NJ,07601,40.889398,-74.045698,9,81.1,0.6075,466
1841783438,Dylan,Mcdivitt,DO,primary-care,Woodstown,NJ,08098,39.639301,-75.329801,8,,0.4539,229
1841787348,Salvatore,Defilippo,MD,primary-care,Landing,NJ,07850,40.906766,-74.659352,8,,0.7508,282
1841817897,Salman,Ahmed,MD,primary-care,Hamilton,NJ,08619,40.242301,-74.696408,11,,0.5494,73
1841852134,Zaheer,Qureshi,MD,primary-care,Teaneck,NJ,07666,40.890317,-74.011478,10,90.42,0.8228,216
1841866837,Zarnaz,Mahmood,MD,primary-care,Newark,NJ,07112,40.711391,-74.211683,5,,0.7059,18
1841877487,Jillian,Weinfeld,MD,primary-care,Brick,NJ,08724,40.091032,-74.114395,7,,0.5841,175
1851301220,Ibrahim,Sidhom,MD,oncology,Carteret,NJ,07008,40.583790,-74.227457,45,65.45,1.2888,344
1851301618,Caryn,Bandy,DO,primary-care,Williamstown,NJ,08094,39.650601,-74.959311,28,,0.8752,100
1851307136,Lily,Babayev,MD,primary-care,Freehold,NJ,07728,40.225793,-74.285785,41,,0.8729,457
1851308779,Edmund,Decker,DO,primary-care,Cherry Hill,NJ,08034,39.906100,-75.000375,42,99.52,0.9895,567
1851310726,Raashan,Williams,MD,cardiology,Union City,NJ,07087,40.767224,-74.032429,27,75,1.4860,490
1851312656,Samir,Jain,MD,cardiology,Toms River,NJ,08755,40.008534,-74.221768,31,98.51,0.8181,1940
1851313845,Craig,Price,MD,primary-care,Sayreville,NJ,08872,40.455736,-74.351468,40,75,2.3975,560
1851314017,Robert,Dickson,MD,primary-care,Shiloh,NJ,08353,39.462418,-75.292440,38,75,1.8399,496
1851320311,Paul,Lanza,DO,primary-care,Glassboro,NJ,08028,39.692129,-75.124675,42,,0.3718,156
1851320634,T,Mercuro,MD,cardiology,Princeton,NJ,08540,40.364728,-74.656314,41,,0.4293,1302
1851326151,Lisa,Li,DO,primary-care,Succasunna,NJ,07876,40.854470,-74.657357,26,,2.2771,515
1851328181,Senayit,Belete,MD,primary-care,Atlantic City,NJ,08401,39.377337,-74.451070,34,,0.7415,202
1851329619,John,Liuzzo,MD,cardiology,North Bergen,NJ,07047,40.793644,-74.025027,28,81.33,0.3282,610
1851331680,Georges,Ghacibeh,MD,neurology,Hackensack,NJ,07601,40.889398,-74.045698,29,81.33,1.4836,351
1851334841,Michael,Barrett,DO,orthopedics,Cherry Hill,NJ,08003,39.885852,-74.971145,25,,1.0054,120
1851335285,Steven,Meskin,MD,primary-care,Glassboro,NJ,08028,39.692129,-75.124675,36,,1.4127,297
1851340418,Marc,Glashofer,MD,dermatology,West Orange,NJ,07052,40.785755,-74.265058,25,100,4.2486,628
1851342703,Carlos,Tejeda,MD,primary-care,Passaic,NJ,07055,40.857552,-74.129089,28,,3.1814,139
1851344618,Kenneth,Rubin,MD,gastroenterology,Englewood,NJ,07631,40.891197,-73.972515,51,98.3,2.3568,624
1851345995,Sofia,Mavasheva,MD,primary-care,Hamilton Square,NJ,08690,40.225833,-74.660096,38,,0.7937,230
1851346399,Nidagalle,Gowda,MD,psychiatry,Piscataway,NJ,08854,40.539658,-74.462791,36,,0.6316,31
1851351035,Vipin,Gupta,MD,neurology,Vineland,NJ,08360,39.492354,-75.003447,49,100,1.2436,447
1851351282,Richard,Joo,MD,primary-care,Leonia,NJ,07605,40.863391,-73.988466,25,,1.4893,379
1851363360,Sharan,Mahal,MD,cardiology,Bridgewater,NJ,08807,40.592434,-74.618840,42,98.51,1.0330,1607
1851364301,Aijaz,Hussain,MD,primary-care,Monroe,NJ,08831,40.334341,-74.432502,26,,1.1515,443
1851370092,Tony,Chu,MD,cardiology,Neptune,NJ,07753,40.210761,-74.074499,39,86.51,2.0784,1479
1851371967,Lisa,Lichtman,DO,primary-care,Bordentown,NJ,08505,40.135589,-74.707255,39,,0.8901,235
1851371983,Donna,Di Bruno,DO,primary-care,Voorhees,NJ,08043,39.848570,-74.952843,27,,0.5095,181
1851371991,Carman,Ciervo,DO,primary-care,Turnersville,NJ,08012,39.783815,-75.056068,38,99.52,1.3986,24
1851383483,Howard,Weinberg,DO,cardiology,Sewell,NJ,08080,39.757353,-75.122043,39,81.15,0.9409,691
1851385058,Eddy,Simon,MD,primary-care,East Orange,NJ,07018,40.755733,-74.217917,38,,1.5639,156
1851390470,Marwan,Hammoud,MD,primary-care,Warren,NJ,07059,40.634588,-74.519044,25,,10.8065,201
1851390959,Daniel,Richmond,MD,orthopedics,Millburn,NJ,07041,40.722433,-74.301561,34,,1.3355,118
1851391429,Marc,Roelke,MD,cardiology,West Orange,NJ,07052,40.785755,-74.265058,39,98.51,0.5506,2243
1851396444,Michael,Anshelevich,MD,cardiology,Hoboken,NJ,07030,40.745251,-74.027926,38,95.05,1.3460,607
1851397574,Pratik,Patel,MD,cardiology,Eatontown,NJ,07724,40.298625,-74.074178,29,82.83,1.4385,985
1851399604,Maria,Flores-Dieppa,MD,primary-care,Edison,NJ,08820,40.576806,-74.365750,44,96.09,1.7300,123
1851409650,Scott,Chae,MD,gastroenterology,Edison,NJ,08820,40.576806,-74.365750,38,27.11,1.7414,805
1851422687,Mary,Cantey,MD,primary-care,South Orange,NJ,07079,40.748811,-74.261512,24,,1.2586,69
1851429518,Steven,Kanarek,MD,cardiology,Hackensack,NJ,07601,40.889398,-74.045698,30,81.33,0.5377,1540
1851429682,Louis,Bersalona,MD,primary-care,Sea Girt,NJ,08750,40.133372,-74.041501,30,24.89,0.9170,406
1851430961,Walter,Miller,MD,primary-care,Tuckerton,NJ,08087,39.603959,-74.382181,48,,2.9440,452
1851442206,Steven,Delmaestro,MD,primary-care,Somerset,NJ,08873,40.499667,-74.531844,45,98.51,1.1606,222
1851448492,Jack,Cappitelli,MD,primary-care,Berkeley Heights,NJ,07922,40.676590,-74.427022,32,,0.0769,1778
1851464978,Jessica,Fleischer,MD,endocrinology,Englewood,NJ,07632,40.884634,-73.944654,29,96.09,0.7148,563
1851467294,James,Cort,MD,primary-care,East Orange,NJ,07018,40.755733,-74.217917,46,,1.5811,121
1851477186,Imtiazuddin,Siddiqui,MD,psychiatry,Parsippany,NJ,07054,40.853767,-74.401574,51,,0.8906,373
1851481477,Deborah,Johnson,MD,primary-care,West Windsor,NJ,08550,40.279953,-74.622116,26,,0.5811,88
1851483754,Benny,Chu,DO,primary-care,Bayonne,NJ,07002,40.662495,-74.110201,30,85.15,1.5150,224
1851494264,Angela,Merlo,MD,gastroenterology,Princeton,NJ,08540,40.364728,-74.656314,44,,1.4735,16
1851498596,Ronald,Reiss,MD,primary-care,Hillsborough,NJ,08844,40.497692,-74.670505,48,,2.6394,151
1851524722,Ana,Vladu,MD,primary-care,Tinton Falls,NJ,07701,40.360509,-74.078952,29,40.57,2.0123,216
1851527931,Christopher,Mapa,MD,primary-care,Hackensack,NJ,07601,40.889398,-74.045698,21,83.85,1.2437,349
1851532600,Michael,Lu,MD,orthopedics,Avenel,NJ,07001,40.583961,-74.269704,21,75,0.8318,315
1851546352,Alina,Borkowska,MD,primary-care,Union,NJ,07083,40.695266,-74.269078,23,,1.1483,155
1851547889,Binghua,Zhu,MD,primary-care,Springfield,NJ,07081,40.697966,-74.334436,41,,1.6981,222
1851549356,Charles,Spielman,MD,cardiology,Cape May Court House,NJ,08210,39.119187,-74.823188,55,,1.2440,266
1851566525,Elizabeth,Gredell,DO,primary-care,Shrewsbury,NJ,07702,40.326450,-74.057373,28,81.97,1.0418,452
1851585863,Rajesh,Patel,DO,primary-care,Plainfield,NJ,07060,40.616667,-74.422042,21,96.09,2.3615,260
1851591622,Ramya,Vedula,DO,endocrinology,Princeton,NJ,08540,40.364728,-74.656314,19,,2.1968,641
1851607303,Muhammad,Raza,MD,cardiology,Brick,NJ,08724,40.091032,-74.114395,20,20.5,2.9672,1218
1851619100,Kevin,Mchale,MD,orthopedics,Cape May Court House,NJ,08210,39.119187,-74.823188,16,85.23,0.6247,417
1851653158,Gloria,Lan,MD,gastroenterology,Berkeley Heights,NJ,07922,40.676590,-74.427022,14,,1.5292,545
1851657068,Nirmita,Shah,MD,primary-care,Pennington,NJ,08534,40.329422,-74.792789,15,,0.8256,212
1851659965,Bhavesh,Patel,DO,primary-care,Burlington,NJ,08016,40.068064,-74.832904,14,,0.8817,244
1851670129,Adrien,Tanenbaum,MD,primary-care,West Milford,NJ,07480,41.085870,-74.378390,17,96.09,0.8086,52
1851680821,Sweta,Goel,MD,neurology,Hackensack,NJ,07601,40.889398,-74.045698,18,,1.4592,146
1851681068,Pratik,Panchal,MD,cardiology,Livingston,NJ,07039,40.785828,-74.329100,18,98.51,0.8355,1343
1851682298,Daniel,Fung,MD,cardiology,Bridgewater,NJ,08807,40.592434,-74.618840,15,,0.8331,1234
1851683833,Sarah,Murray,MD,primary-care,Summit,NJ,07901,40.714923,-74.366372,15,,1.3650,57
1851690200,Sukhjeet,Singh,DO,cardiology,Morristown,NJ,07960,40.779235,-74.502462,15,,0.5030,2214
1851731202,Scott,Kaufman,DO,primary-care,Mount Holly,NJ,08060,40.010005,-74.792207,13,97.13,0.7980,289
1851732143,Shumaila,Alam,MD,primary-care,Hackettstown,NJ,07840,40.860045,-74.831795,13,,0.8350,332
1851734669,Anael,Delice,DO,primary-care,Buena,NJ,08310,39.531437,-74.896810,24,,0.8359,355
1851735419,Jonathan,Weinberger,MD,gastroenterology,Hackensack,NJ,07601,40.889398,-74.045698,21,,0.9203,320
1851738819,Daniel,Baik,MD,gastroenterology,Cherry Hill,NJ,08003,39.885852,-74.971145,13,91.83,1.2882,557
1851752786,Linda,Yu,DO,primary-care,Hackensack,NJ,07601,40.889398,-74.045698,10,,0.5203,235
1851764336,Daniel,Grabell,MD,dermatology,Princeton,NJ,08540,40.364728,-74.656314,11,98.04,0.7995,883
1851771075,Sirisha,Repudi,MD,primary-care,Trenton,NJ,08638,40.254018,-74.763385,19,,0.8919,270
1851772008,Patrick,Dealmeida,DO,primary-care,Belleville,NJ,07109,40.793481,-74.161159,11,87.07,0.9033,490
1851788657,Eman,Rashed,MD,cardiology,Newark,NJ,07112,40.711391,-74.211683,11,98.51,1.6103,117
1851822274,Paul,Allegra,MD,orthopedics,Ocean,NJ,07712,40.246895,-74.054502,9,,0.7714,183
1851824387,Frank,Anzelmi,MD,neurology,Voorhees,NJ,08043,39.848570,-74.952843,9,81.15,0.5097,398
1851829725,Peter,Dellatore,MD,gastroenterology,Plainsboro,NJ,08536,40.333076,-74.586628,9,,0.9601,275
1851854152,Brandyn,Chinn,DO,primary-care,Willingboro,NJ,08046,40.027950,-74.886984,4,99.52,1.0025,288
1851889653,Brandon,Boyer,DO,cardiology,Voorhees,NJ,08043,39.848570,-74.952843,7,90.34,0.6001,64
1851895239,Christopher,Sangiovanni,MD,cardiology,Berkeley Heights,NJ,07922,40.676590,-74.427022,8,97.28,0.4470,284
1851895262,Ruwaidah,Majeed,MD,primary-care,Montclair,NJ,07042,40.813487,-74.219011,14,26.17,0.9299,532
1851895544,Ling,Lan,MD,primary-care,Berkeley Heights,NJ,07922,40.676590,-74.427022,22,,1.3938,190
1851929202,Zain,Nagaria,MD,primary-care,Hoboken,NJ,07030,40.745251,-74.027926,8,96.09,0.9748,94
1851929863,Rebecca,Shipkin,MD,primary-care,Trenton,NJ,08638,40.254018,-74.763385,6,96.91,0.7144,95
1851929905,Jorge,Naranjo,MD,primary-care,Rahway,NJ,07065,40.607152,-74.280531,6,,0.4858,74
1851958219,Robin,Camp,MD,primary-care,Pittsgrove,NJ,08318,39.557653,-75.177717,10,,0.5848,260
1861003659,Rio,Zephyr,DO,primary-care,Rahway,NJ,07065,40.607152,-74.280531,6,,0.4200,359
1861020760,Nader,Mekheal,MD,primary-care,West Orange,NJ,07052,40.785755,-74.265058,7,,1.9662,366
1861020786,Taylor,Davis,MD,psychiatry,Camden,NJ,08103,39.935202,-75.112703,6,,0.4879,15
1861029423,Jaemi,Chu,DO,primary-care,Camden,NJ,08103,39.935202,-75.112703,6,93.34,0.5220,254
1861029472,Zeyu,Xu,MD,primary-care,Kearny,NJ,07032,40.752332,-74.123093,6,96.09,0.5415,90
1861029977,Maria,Sarmento-Leite,DO,primary-care,Moorestown,NJ,08057,39.979658,-74.941308,6,,0.6920,140
1861033474,Michael,Montemarano,DO,primary-care,Somers Point,NJ,08244,39.315511,-74.598278,6,52.22,0.7714,435
1861044166,Jamie,Cherian,DO,primary-care,New Brunswick,NJ,08901,40.483638,-74.442460,7,87.07,1.6228,121
1861052623,Marium,Ghani,MD,primary-care,Pennington,NJ,08534,40.329422,-74.792789,14,87.07,0.6622,232
1861057671,Shealinna,Ge,MD,dermatology,Morristown,NJ,07960,40.779235,-74.502462,7,98.3,0.6231,458
1861078792,Yvonne,Ye,MD,primary-care,New Brunswick,NJ,08901,40.483638,-74.442460,5,,0.7517,32
1861400541,Alexandru,Profiriu,MD,psychiatry,Hammonton,NJ,08037,39.631681,-74.773893,31,,0.6531,33
1861400764,Diane,Schwartz,MD,primary-care,River Vale,NJ,07675,41.003484,-74.001753,34,,0.7163,316
1861402562,Satya,Kastuar,MD,gastroenterology,North Brunswick,NJ,08902,40.441513,-74.491214,48,98.3,1.5603,433
1861410540,Daniel,Blaustein,MD,primary-care,Livingston,NJ,07039,40.785828,-74.329100,42,87.07,1.3881,387
1861411134,Hany,Gendy,MD,primary-care,Manalapan,NJ,07726,40.286506,-74.342547,34,96.09,0.8817,181
1861412421,Kevin,Overbeck,DO,primary-care,Stratford,NJ,08084,39.828990,-75.015536,23,81.15,1.5015,201
1861419830,Mahalakshmi,Seshadri,MD,primary-care,Morristown,NJ,07960,40.779235,-74.502462,33,,0.6132,124
1861420077,Bruce,Rose,MD,primary-care,Pennington,NJ,08534,40.329422,-74.792789,29,96.91,1.5613,139
1861426835,Hari,Bezwada,MD,orthopedics,Princeton,NJ,08540,40.364728,-74.656314,33,,2.0140,832
1861427635,Navneet,Kaur,MD,primary-care,Mount Holly,NJ,08060,40.010005,-74.792207,28,81.15,0.5909,256
1861431041,Amit,Tailor,MD,primary-care,Passaic,NJ,07055,40.857552,-74.129089,26,,1.2681,247
1861440281,Nasir,Shaikh,MD,primary-care,Pennington,NJ,08534,40.329422,-74.792789,32,,1.3936,126
1861443855,Corazon,Veloso,MD,primary-care,New Brunswick,NJ,08901,40.483638,-74.442460,44,98.51,0.9799,37
1861447260,Ashfaque,Unwala,MD,cardiology,Camden,NJ,08103,39.935202,-75.112703,43,,0.7904,687
1861451452,Ahmar,Shakir,DO,orthopedics,Pennington,NJ,08534,40.329422,-74.792789,23,96.91,0.5960,120
1861453011,Peter,Heilbroner,MD,neurology,Ridgewood,NJ,07450,40.981591,-74.113506,33,95.05,0.5612,56
1861458499,Marc,Polimeni,MD,primary-care,Teaneck,NJ,07666,40.890317,-74.011478,40,,1.4865,384
1861461337,Audrey,Hinds,MD,primary-care,East Orange,NJ,07018,40.755733,-74.217917,53,,1.6361,33
1861464364,Joseph,Verret,MD,psychiatry,Belle Mead,NJ,08502,40.448217,-74.653244,48,,0.6847,76
1861468431,Tiziana,Califano,MD,primary-care,Union,NJ,07083,40.695266,-74.269078,30,,0.5657,115
1861469694,Douglas,Holden,MD,orthopedics,Fair Lawn,NJ,07410,40.935830,-74.117505,31,,0.3981,566
1861472292,John,Soriano,MD,gastroenterology,Denville,NJ,07834,40.886460,-74.487584,45,87.16,0.8197,778
1861484255,Ronald,Dubow,MD,primary-care,Monroe,NJ,08831,40.334341,-74.432502,48,,0.7051,139
1861486623,Nasseredin,Shariati,MD,primary-care,Bedminster,NJ,07921,40.656019,-74.678657,54,,1.2469,92
1861487431,Gunjan,Shukla,MD,cardiology,Hackensack,NJ,07601,40.889398,-74.045698,30,96.73,1.0342,1372
1861492027,Kenneth,Harris,MD,cardiology,Neptune,NJ,07753,40.210761,-74.074499,31,80.88,1.1880,2100
1861496457,Sunit,Desai,MD,primary-care,Union Beach,NJ,07735,40.450022,-74.223500,30,90.31,3.0762,568
1861496572,Gregory,Heyt,MD,gastroenterology,Red Bank,NJ,07701,40.360509,-74.078952,30,98.3,0.7295,730
1861497257,Charles,Gatt,MD,orthopedics,Somerset,NJ,08873,40.499667,-74.531844,37,,1.0224,287
1861498628,Michael,Rothberg,MD,primary-care,Brick,NJ,08724,40.091032,-74.114395,37,96.09,0.7988,1372
1861498693,Joseph,Morelos,DO,primary-care,Lakewood,NJ,08701,40.077069,-74.198510,25,98.51,1.3388,673
1861511610,Anneta,Golubchik,MD,primary-care,Iselin,NJ,08830,40.570142,-74.316371,31,,1.2379,132
1861512030,Michael,Klele,MD,primary-care,Totowa,NJ,07512,40.903415,-74.219779,21,75,0.6102,394
1861549925,Sirike,Aasmaa,DO,primary-care,Montville,NJ,07045,40.906942,-74.365608,38,,0.6876,272
1861557795,Keith,Radbill,DO,primary-care,Marlton,NJ,08053,39.856677,-74.900810,33,85.69,5.6650,69
1861574220,Rosemarie,Leuzzi,MD,primary-care,Voorhees,NJ,08043,39.848570,-74.952843,37,99.52,1.4074,497
1861580433,Robert,Greenblatt,MD,gastroenterology,Union,NJ,07083,40.695266,-74.269078,47,74.47,1.2870,222
1861584724,Beryl,Pereira,MD,primary-care,Bergenfield,NJ,07621,40.922334,-73.998001,29,,0.8287,262
1861586349,Saritha,Mathew,MD,primary-care,Flemington,NJ,08822,40.521995,-74.866644,36,84.94,1.5425,383
1861591984,Christina,Wang Epstein,MD,primary-care,Somerset,NJ,08873,40.499667,-74.531844,29,,1.0808,331
1861602740,Tatiana,Gandrabura,MD,endocrinology,Willingboro,NJ,08046,40.027950,-74.886984,25,81.15,0.8679,229
1861604795,Swetha,Kandula,MD,dermatology,Parsippany,NJ,07054,40.853767,-74.401574,25,97.88,1.4750,330
1861620791,Lucretia,Mongal,MD,primary-care,Brick,NJ,08724,40.091032,-74.114395,19,96.09,0.3527,295
1861661704,Leo,Menkes,DO,primary-care,Union,NJ,07083,40.695266,-74.269078,22,,0.5346,660
1861663528,Kelly,Krueger,MD,gastroenterology,Berkeley Heights,NJ,07922,40.676590,-74.427022,23,,0.8534,423
1861673089,Polina,Khrizman,MD,oncology,Camden,NJ,08103,39.935202,-75.112703,21,91.83,0.5038,241
1861676678,Faisal,Siddiqi,MD,cardiology,Wayne,NJ,07470,40.945855,-74.245077,21,,2.9305,119
1861684730,Benita,Burke,MD,cardiology,Hoboken,NJ,07030,40.745251,-74.027926,21,95.05,1.2532,583
1861685588,Shih Fen,Chow,MD,primary-care,Florham Park,NJ,07932,40.777461,-74.392845,35,,0.3201,50
1861699282,Alison,Mancuso,DO,primary-care,Stratford,NJ,08084,39.828990,-75.015536,19,81.15,0.5819,156
1861709347,Daniel,Finch,MD,psychiatry,Morristown,NJ,07960,40.779235,-74.502462,18,,0.4372,53
1861711269,Shyunti,Das,MD,primary-care,Paramus,NJ,07652,40.947299,-74.070169,16,,1.0300,95
1861713422,Michele,Moscato,DO,primary-care,Verona,NJ,07044,40.832468,-74.242863,17,,0.8618,366
1861718223,Erika,Villanueva,MD,endocrinology,Pennington,NJ,08534,40.329422,-74.792789,16,96.91,1.1795,192
1861724106,Valmarie,Ramos,MD,oncology,Egg Harbor Township,NJ,08234,39.388393,-74.620728,19,79.93,0.4751,337
1861751034,Madhav,Upadhyaya,MD,cardiology,Tinton Falls,NJ,07701,40.360509,-74.078952,14,,1.7495,933
1861754772,Marina,Zilpert,MD,psychiatry,Red Bank,NJ,07701,40.360509,-74.078952,44,,1.2060,24
1861771784,Pankhoori,Saraf,MD,oncology,Hackensack,NJ,07601,40.889398,-74.045698,19,81.33,1.5174,26
1861805426,Ankit,Shah,MD,oncology,Newark,NJ,07103,40.738852,-74.195264,12,,0.5587,48
1861808313,Sanya,Naware,MD,primary-care,Princeton,NJ,08540,40.364728,-74.656314,12,,1.3002,370
1861854739,Bettina,George,MD,primary-care,Hoboken,NJ,07030,40.745251,-74.027926,12,,0.5531,103
1861874174,Sanjay,Salgado,MD,gastroenterology,Summit,NJ,07901,40.714923,-74.366372,11,,1.5258,202
1861879678,Miten,Patel,MD,neurology,Pennington,NJ,08534,40.329422,-74.792789,14,96.91,0.8881,310
1861884504,Romil,Shah,MD,orthopedics,Edison,NJ,08837,40.514281,-74.343859,7,,0.8241,46
1861887812,Caren,Chapinski,DO,primary-care,Shrewsbury,NJ,07702,40.326450,-74.057373,11,81.97,0.4595,135
1861923906,Bernadette,Bibber,DO,primary-care,Morristown,NJ,07960,40.779235,-74.502462,9,,0.6372,121
1861924565,Alyssa,Huncken,MD,primary-care,Jersey City,NJ,07306,40.736294,-74.071128,9,,0.9589,254
1861927733,Henok,Tumebo,MD,primary-care,Pennington,NJ,08534,40.329422,-74.792789,22,,0.7068,263
1861927956,Ernest,Chang,MD,cardiology,Hoboken,NJ,07030,40.745251,-74.027926,9,95.05,0.5166,353
1861931586,Faiza,Malik,MD,primary-care,Belleville,NJ,07109,40.793481,-74.161159,15,,0.8294,66
1861984924,Kerollos,Askander,MD,primary-care,Howell,NJ,07731,40.149537,-74.203987,15,98.51,1.0496,122
1861985301,Janine,Reilly,MD,primary-care,Berkeley Heights,NJ,07922,40.676590,-74.427022,8,,0.3945,407
1871023192,Elias,Estifan,MD,gastroenterology,West Orange,NJ,07052,40.785755,-74.265058,12,100,0.9141,126
1871027169,Hesham,Saleh,MD,orthopedics,Robbinsville,NJ,08691,40.208319,-74.600928,9,,0.6600,667
1871097980,Iniobong,Ukonne,MD,primary-care,Howell,NJ,07731,40.149537,-74.203987,11,98.51,0.8554,101
1871151092,Nafisa,Wadud,DO,primary-care,Jersey City,NJ,07302,40.718808,-74.044634,7,,0.7442,46
1871154559,Nada,Farooqui,MD,primary-care,Phillipsburg,NJ,08865,40.708226,-75.147073,9,97.13,1.2510,206
1871156810,Navjot,Kaur,MD,primary-care,Hamilton,NJ,08619,40.242301,-74.696408,8,96.91,0.7183,106
1871159715,Osbin,Alvarado Herrera,MD,primary-care,Newton,NJ,07860,41.057287,-74.802737,14,,0.4199,340
1871177287,Nayna,Doniparthi,DO,primary-care,Princeton,NJ,08540,40.364728,-74.656314,5,,0.5057,44
1871512616,Saroj,Sehgal,MD,primary-care,Bloomfield,NJ,07003,40.809141,-74.187142,29,,2.1554,89
1871513176,Jon,Ark,MD,orthopedics,Princeton,NJ,08540,40.364728,-74.656314,39,75,0.7455,709
1871523910,Kavita,Sabnani-Nagella,MD,primary-care,Berkeley Heights,NJ,07922,40.676590,-74.427022,31,,1.3864,301
1871526517,Ann Marie,Halada,MD,primary-care,Wall Township,NJ,07719,40.168908,-74.073226,26,,0.4655,387
1871526632,Seema,Bery,MD,primary-care,Morristown,NJ,07960,40.779235,-74.502462,36,,1.0933,493
1871532572,Scott,Schoifet,MD,orthopedics,Voorhees,NJ,08043,39.848570,-74.952843,43,81.15,1.2714,581
1871532895,Krystyna,Szewczyk Szczech,MD,primary-care,Clifton,NJ,07013,40.869405,-74.173062,46,24.89,1.6725,195
1871533620,Arthur,Childs,DO,primary-care,Cape May Court House,NJ,08210,39.119187,-74.823188,40,,1.0961,84
1871533646,Ina,Kelemen,MD,primary-care,Morristown,NJ,07960,40.779235,-74.502462,36,,1.7941,189
1871534172,Aiman,Rifai,DO,orthopedics,Clifton,NJ,07013,40.869405,-74.173062,34,,1.0663,88
1871534305,Hitesh,Patel,MD,primary-care,Somerville,NJ,08876,40.589554,-74.685411,28,,0.7339,160
1871535435,Allyson,Brockman,MD,dermatology,Livingston,NJ,07039,40.785828,-74.329100,26,100,0.6938,534
1871537472,Krishan,Kalra,MD,cardiology,Trenton,NJ,08638,40.254018,-74.763385,47,26.99,1.8314,426
1871541060,Daniel,Silverstein,MD,primary-care,Morristown,NJ,07960,40.779235,-74.502462,26,,0.7540,25
1871541185,Sameer,Stas,MD,endocrinology,Newton,NJ,07860,41.057287,-74.802737,30,78.05,1.1036,948
1871542886,Taimur,Zaman,MD,neurology,Cherry Hill,NJ,08002,39.934605,-75.025389,43,,0.6519,193
1871543389,Howard,Noveck,MD,cardiology,Edison,NJ,08820,40.576806,-74.365750,43,,1.2845,1252
1871544718,Scott,Fertels,DO,cardiology,Haddon Heights,NJ,08035,39.879127,-75.065918,34,90.34,0.5739,2294
1871547950,Alla,Katseva,MD,primary-care,East Brunswick,NJ,08816,40.429119,-74.416287,45,,1.7470,361
1871549436,Louis,Haenel,DO,endocrinology,Stratford,NJ,08084,39.828990,-75.015536,52,81.15,0.8410,27
1871551275,Abigail,Rose,MD,primary-care,Lawrenceville,NJ,08648,40.284490,-74.717487,25,96.91,1.5589,61
1871552026,Theophanis,Pavlou,MD,pulmonology,Englewood,NJ,07631,40.891197,-73.972515,39,,0.7959,759
1871557025,Francis,Mcgorty,MD,primary-care,Ridgewood,NJ,07450,40.981591,-74.113506,35,,0.6431,419
1871561571,Edward,Kosoy,MD,primary-care,West Caldwell,NJ,07006,40.851187,-74.282865,27,,0.6070,145
1871565432,Pejman,Lavian,MD,primary-care,Berkeley Heights,NJ,07922,40.676590,-74.427022,27,,1.2001,312
1871565887,Dina,Prus,MD,endocrinology,Jersey City,NJ,07307,40.751842,-74.053976,29,85.15,0.5116,159
1871573063,John,Hong,MD,primary-care,Turnersville,NJ,08012,39.783815,-75.056068,33,,1.7441,292
1871574962,David,Galetto,MD,primary-care,Vineland,NJ,08361,39.449369,-74.958827,45,,0.8454,717
1871576389,Mary,Campagnolo,MD,primary-care,Bordentown,NJ,08505,40.135589,-74.707255,44,,1.0928,179
1871578351,John,Abraham,MD,orthopedics,Pennington,NJ,08534,40.329422,-74.792789,26,,1.3961,59
1871579102,Joseph,Young,MD,psychiatry,Summit,NJ,07901,40.714923,-74.366372,42,,0.3364,12
1871580647,Alan,Tso,MD,primary-care,Newark,NJ,07104,40.767713,-74.168350,36,,0.5530,13
1871582304,Scott,Druckman,DO,primary-care,Jackson,NJ,08527,40.108665,-74.358602,32,96.09,1.3317,435
1871586735,Sweeti,Mehra,MD,primary-care,Berkeley Heights,NJ,07922,40.676590,-74.427022,28,,1.3111,184
1871587345,Robert,Fishberg,MD,cardiology,Springfield,NJ,07081,40.697966,-74.334436,45,,0.6593,1151
1871588988,Vipan,Gupta,MD,primary-care,Secaucus,NJ,07094,40.781958,-74.067649,44,,0.5680,161
1871590448,Stuart,Shulruff,MD,cardiology,Dover,NJ,07801,40.901125,-74.564783,48,,0.6842,1553
1871594432,Venis,Fanous,MD,primary-care,East Brunswick,NJ,08816,40.429119,-74.416287,49,,0.8472,218
1871630939,Sahar,Shafey,MD,psychiatry,Hazlet,NJ,07730,40.424164,-74.173732,49,,1.7093,127
1871643841,Mitchel,Kling,MD,psychiatry,Stratford,NJ,08084,39.828990,-75.015536,45,81.15,1.0338,218
1871649582,Janet,Robertson,MD,primary-care,Bernardsville,NJ,07924,40.725770,-74.591213,42,24.61,1.2898,228
1871667204,Gurbir,Khera,MD,psychiatry,Manalapan,NJ,07726,40.286506,-74.342547,45,,5.9709,14
1871673830,John,Chafos,MD,primary-care,Green Brook,NJ,08812,40.598731,-74.478793,38,75,0.9969,497
1871675512,Robin,Gehrmann,MD,orthopedics,Livingston,NJ,07039,40.785828,-74.329100,31,,0.8967,115
1871681759,Rishi,Rastogi,MD,endocrinology,Vineland,NJ,08360,39.492354,-75.003447,48,26.43,1.1724,237
1871683821,Juan,Desueza,MD,primary-care,Elmwood Park,NJ,07407,40.904526,-74.119514,40,96.09,1.3948,119
1871690495,Anna,Chen,MD,primary-care,Camden,NJ,08103,39.935202,-75.112703,33,99.52,1.0699,269
1871698274,Arthur,Sheppell,MD,primary-care,Denville,NJ,07834,40.886460,-74.487584,45,,0.9105,462
1871706010,David,Huang,MD,psychiatry,Atlantic City,NJ,08401,39.377337,-74.451070,26,,0.4627,59
1871709642,Robert,Saint-Vil,DO,psychiatry,Belle Mead,NJ,08502,40.448217,-74.653244,22,,1.6528,108
1871736397,Rehan,Siddiqui,MD,psychiatry,Belleville,NJ,07109,40.793481,-74.161159,17,98.51,1.0000,58
1871745042,Mark,Saxena,MD,gastroenterology,Pennington,NJ,08534,40.329422,-74.792789,21,96.91,1.0638,197
1871753897,Melissa,Burgos,MD,primary-care,Lambertville,NJ,08530,40.370020,-74.910161,21,,0.6576,249
1871755009,Matthew,Cooper,DO,primary-care,Hoboken,NJ,07030,40.745251,-74.027926,18,,0.9452,143
1871765826,Manik,Singh,MD,primary-care,Springfield,NJ,07081,40.697966,-74.334436,19,,2.5919,129
1871780528,Matthew,Askin,MD,gastroenterology,West Orange,NJ,07052,40.785755,-74.265058,30,98.51,0.9245,461
1871783506,Gerard,Burns,DO,primary-care,Mullica Hill,NJ,08062,39.716095,-75.219267,20,24.98,0.9668,442
1871798579,Matthew,Surgan,MD,endocrinology,East Brunswick,NJ,08816,40.429119,-74.416287,25,99.01,3.2898,500
1871798777,Vladimir,Bozic,MD,orthopedics,Voorhees,NJ,08043,39.848570,-74.952843,24,,0.8740,110
1871804211,William,Baione,MD,orthopedics,Wall Township,NJ,07753,40.210761,-74.074499,11,75,1.3251,852
1871811711,Raffaele,Bernardo,DO,primary-care,Hoboken,NJ,07030,40.745251,-74.027926,16,100,0.4381,126
1871813709,Rachel,Klein,MD,dermatology,Cherry Hill,NJ,08002,39.934605,-75.025389,16,75,1.4694,410
1871819722,Vivek,Natarajan,MD,orthopedics,Berkeley Heights,NJ,07922,40.676590,-74.427022,16,,1.5131,269
1871822056,Sreeram,Grandhi,MD,cardiology,Union City,NJ,07087,40.767224,-74.032429,22,98.51,0.5058,1123
1871822619,Ashish,Khot,MD,oncology,Livingston,NJ,07039,40.785828,-74.329100,22,,0.5987,723
1871835199,Hiten,Amin,MD,primary-care,Tinton Falls,NJ,07724,40.298625,-74.074178,13,,0.6961,337
1871836668,Rachel,Rosenstein,MD,dermatology,Hackensack,NJ,07601,40.889398,-74.045698,13,81.33,1.2111,211
1871856864,Joseph,Deblasio,MD,primary-care,Plainsboro,NJ,08536,40.333076,-74.586628,14,,0.9680,427
1871880831,Ryan,Danowski,DO,orthopedics,Cherry Hill,NJ,08002,39.934605,-75.025389,15,73.54,1.0530,198
1871882258,Adam,Green,MD,pulmonology,Camden,NJ,08103,39.935202,-75.112703,15,91.83,0.7781,254
1871884007,Siu-Han,Abate,MD,primary-care,Red Bank,NJ,07701,40.360509,-74.078952,24,,1.0916,556
1871904524,Anita,Sultan,MD,oncology,Livingston,NJ,07039,40.785828,-74.329100,25,,0.5042,507
1871908525,Alina,Urman,DO,primary-care,Eatontown,NJ,07724,40.298625,-74.074178,12,,0.4284,261
1871931204,Lynn,Colombo,MD,primary-care,Cranford,NJ,07016,40.657550,-74.303632,13,,1.9217,436
1871936757,Loheetha,Ragupathi,MD,cardiology,Camden,NJ,08103,39.935202,-75.112703,13,91.83,0.5994,498
1871938449,Puneet,Sahota,MD,psychiatry,Camden,NJ,08103,39.935202,-75.112703,13,96.42,0.4286,92
1871939322,Nisha,Varadarajan,MD,dermatology,Basking Ridge,NJ,07920,40.682268,-74.554143,13,,0.4718,11
1871947267,Bhavika,Kakadia,DO,neurology,New Brunswick,NJ,08901,40.483638,-74.442460,10,88.4,0.7788,283
1871956227,Kristina,Zarkua,MD,oncology,Pennington,NJ,08534,40.329422,-74.792789,15,96.91,0.7738,166
1871970160,Shilpi,Singh,MD,endocrinology,Jamesburg,NJ,08831,40.334341,-74.432502,20,70.33,1.5131,896
1871974279,James,Davis,DO,cardiology,Cape May Court House,NJ,08210,39.119187,-74.823188,11,,0.7872,1140
1871993154,Maryana,Tselniker,MD,primary-care,Manalapan,NJ,07726,40.286506,-74.342547,13,,0.9962,132
1881005395,Yunseok,Namn,MD,gastroenterology,West Orange,NJ,07052,40.785755,-74.265058,12,,1.2761,443
1881025609,Mimi,Mak,MD,primary-care,Flemington,NJ,08822,40.521995,-74.866644,15,85.54,0.5552,211
1881033215,Dhaval,Desai,MD,primary-care,Neptune,NJ,07753,40.210761,-74.074499,18,86.51,1.0691,1496
1881037620,Pratit,Patel,MD,neurology,Camden,NJ,08103,39.935202,-75.112703,15,,1.2344,257
1881037901,Ryan,Coyle,MD,orthopedics,Hackensack,NJ,07601,40.889398,-74.045698,13,,0.4844,177
1881038339,Pooja,Virmani,MD,dermatology,Berkeley Heights,NJ,07922,40.676590,-74.427022,6,,0.8834,625
1881044469,Priya,Patel,MD,primary-care,Sewell,NJ,08080,39.757353,-75.122043,11,,0.8022,205
1881048262,Marco,Russo,MD,neurology,New Brunswick,NJ,08901,40.483638,-74.442460,10,88.4,1.1519,266
1881048676,Jasmeet,Mehta,MD,primary-care,Hamilton,NJ,08619,40.242301,-74.696408,15,,0.8852,75
1881058725,Shikha,Sheth,MD,cardiology,Warren,NJ,07059,40.634588,-74.519044,10,98.51,0.5323,1005
1881076610,Neil,Chowdhry,MD,primary-care,Perth Amboy,NJ,08861,40.520494,-74.272943,13,,3.6607,141
1881092419,Stephen,Horgan,MD,cardiology,Parsippany,NJ,07054,40.853767,-74.401574,24,,0.7211,1022
1881122331,Owen,Deland,MD,primary-care,Hackensack,NJ,07601,40.889398,-74.045698,9,96.09,0.9464,446
1881125698,Kristen,Marotta,MD,primary-care,Camden,NJ,08103,39.935202,-75.112703,10,99.52,0.6285,326
1881127975,Swapnil,Patel,MD,primary-care,Neptune,NJ,07753,40.210761,-74.074499,9,96.09,0.9719,129
1881128924,Olivia,Gibson-Delaney,MD,psychiatry,Plainfield,NJ,07060,40.616667,-74.422042,9,96.09,0.9345,73
1881128932,Rosemarie,Nassiff,DO,primary-care,Pennington,NJ,08534,40.329422,-74.792789,11,,0.7793,133
1881152445,Ahad,Qasim,DO,primary-care,Elizabeth,NJ,07202,40.652464,-74.216853,7,87.07,0.9386,170
1881154011,Zachary,Wismer,DO,primary-care,Hammonton,NJ,08037,39.631681,-74.773893,7,,0.9068,154
1881156602,Chandni,Bheeman,DO,endocrinology,Hackensack,NJ,07601,40.889398,-74.045698,7,,0.7037,34
1881181212,Charles,Rutkowski,MD,primary-care,Brick,NJ,08724,40.091032,-74.114395,10,,0.5736,493
1881183895,Siana,Ziemba,DO,psychiatry,Camden,NJ,08103,39.935202,-75.112703,9,96.42,0.3427,19
1881184174,Andrew,Azab,MD,primary-care,New Brunswick,NJ,08901,40.483638,-74.442460,8,98.51,0.9927,223
1881262301,Erik,Olson,MD,primary-care,Toms River,NJ,08755,40.008534,-74.221768,5,,1.0983,188
1881277820,Madhura,Karajgikar,MD,primary-care,Cherry Hill,NJ,08034,39.906100,-75.000375,6,,0.4931,71
1881619302,Kimberly,Dambra Cabry,MD,dermatology,Moorestown,NJ,08057,39.979658,-74.941308,39,100,0.8516,782
1881620631,Dilek,Delvers,MD,primary-care,Livingston,NJ,07039,40.785828,-74.329100,39,,0.6836,51
1881621217,Frank,Iannetta,MD,primary-care,Jersey City,NJ,07306,40.736294,-74.071128,39,98.2,0.8093,468
1881629178,Randa,Foda,MD,primary-care,Mount Laurel,NJ,08054,39.948992,-74.900247,34,81.15,0.9469,51
1881630028,Seetaram,Gourkanti,MD,primary-care,Little Silver,NJ,07739,40.336952,-74.034535,44,,1.5677,628
1881631398,Maqsood,Amjad,MD,oncology,Bridgewater,NJ,08807,40.592434,-74.618840,37,100,4.6351,607
1881634202,Vincent,Salerno,MD,oncology,Elizabeth,NJ,07202,40.652464,-74.216853,35,,0.4720,148
1881635084,Andrew,Shanahan,MD,cardiology,Cherry Hill,NJ,08003,39.885852,-74.971145,37,,0.7909,1056
1881641827,Gordon,Pieretti,DO,primary-care,North Cape May,NJ,08204,38.971748,-74.916127,27,,0.6990,870
1881646040,Peter,Salob,MD,orthopedics,Englewood,NJ,07631,40.891197,-73.972515,31,96.09,1.1416,329
1881647188,Tejas,Deliwala,MD,neurology,Toms River,NJ,08755,40.008534,-74.221768,34,100,1.1525,766
1881648541,Mehnaz,Haq,MD,primary-care,North Brunswick,NJ,08902,40.441513,-74.491214,37,,2.5527,180
1881648970,Alexander,Doctoroff,DO,dermatology,Clark,NJ,07066,40.620650,-74.309862,28,75,1.4763,1427
1881650703,Donna,Loughlin Pherribo,DO,primary-care,Hammonton,NJ,08037,39.631681,-74.773893,34,,0.5787,187
1881651727,Jyoti,Bhatia,MD,gastroenterology,Pennington,NJ,08534,40.329422,-74.792789,32,96.91,0.9786,259
1881653848,Kimberly,Atienza,MD,primary-care,Neptune,NJ,07753,40.210761,-74.074499,24,,0.6573,26
1881654754,George,Poiani,MD,pulmonology,Bridgewater,NJ,08807,40.592434,-74.618840,45,75,2.7544,305
1881655686,Odler,Jeanlouie,MD,neurology,West Orange,NJ,07052,40.785755,-74.265058,29,,3.8392,112
1881657328,Zhanna,Branovan,MD,primary-care,Wayne,NJ,07470,40.945855,-74.245077,30,,1.1910,263
1881658250,Daniel,Kennedy,DO,primary-care,Neptune,NJ,07753,40.210761,-74.074499,29,68.71,0.9071,617
1881661510,Viliana,Kossev,MD,primary-care,Manasquan,NJ,08736,40.120018,-74.053257,37,,0.7885,555
1881665628,Jayesh,Khatiwala,MD,cardiology,Cherry Hill,NJ,08034,39.906100,-75.000375,30,81.15,0.3591,2930
1881665693,Shaddy,Younan,MD,cardiology,Parlin,NJ,08859,40.458172,-74.303799,27,75,0.6058,2060
1881669588,Hong,Chen,MD,psychiatry,Flemington,NJ,08822,40.521995,-74.866644,36,85.54,0.4517,90
1881670891,Ahsan,Abdulghani,MD,primary-care,Glassboro,NJ,08028,39.692129,-75.124675,31,,0.7406,191
1881671444,James,Atkinson,MD,primary-care,Haddon Heights,NJ,08035,39.879127,-75.065918,47,,1.3307,373
1881675098,Lawrence,Davis,MD,primary-care,Englewood,NJ,07631,40.891197,-73.972515,35,96.09,1.3660,311
1881675783,Joseph,Marsicano,MD,orthopedics,Brick,NJ,08724,40.091032,-74.114395,36,75,0.9572,384
1881681138,Jacqueline,Schwanwede,MD,cardiology,West Orange,NJ,07052,40.785755,-74.265058,41,98.51,0.9827,1085
1881687986,David,Guzik,DO,primary-care,Garwood,NJ,07027,40.651331,-74.323152,35,98.51,1.5568,197
1881689495,Steve,Lequerica,MD,neurology,Berkeley Heights,NJ,07922,40.676590,-74.427022,45,,1.3830,469
1881689511,Serena,Wong,MD,oncology,Middletown,NJ,07748,40.396300,-74.115274,25,82.85,0.5740,218
1881692374,Ho-Kan,Cheng,MD,pulmonology,Mullica Hill,NJ,08062,39.716095,-75.219267,31,,1.9906,342
1881694974,William,Segal,MD,gastroenterology,Plainsboro,NJ,08536,40.333076,-74.586628,36,,0.8722,406
1881695757,Karambir,Dalal,MD,primary-care,Whiting,NJ,08759,39.961826,-74.359828,35,,3.1623,1957
1881699528,Khatuna,Belov,MD,primary-care,Ridgewood,NJ,07450,40.981591,-74.113506,36,,1.9247,138
1881708212,Farzin,Aliasgharpour,MD,cardiology,Clark,NJ,07066,40.620650,-74.309862,37,84.13,0.9507,653
1881723179,Victoria,Lal,MD,primary-care,Dover,NJ,07801,40.901125,-74.564783,27,,0.4410,146
1881734168,David,Hodges,MD,cardiology,Hackensack,NJ,07601,40.889398,-74.045698,42,81.33,1.1777,82
1881764314,Sabiha,Hussain,MD,pulmonology,New Brunswick,NJ,08901,40.483638,-74.442460,31,88.4,0.7244,228
1881782886,Cai,Yuan,MD,psychiatry,Princeton,NJ,08540,40.364728,-74.656314,44,,0.6256,45
1881787679,Nalini,Prasad,MD,neurology,North Bergen,NJ,07047,40.793644,-74.025027,47,,1.5423,280
1881797215,Cheryl,Rosenfeld,DO,endocrinology,Parsippany,NJ,07054,40.853767,-74.401574,35,93.36,2.0140,533
1881805968,Evan,Naylor,MD,oncology,Manahawkin,NJ,08050,39.712132,-74.231888,22,81.33,0.8064,577
1881822518,Aron,Schwarcz,MD,cardiology,Englewood,NJ,07631,40.891197,-73.972515,20,96.09,1.4944,615
1881825743,Michael,Zimmer,MD,primary-care,Eatontown,NJ,07724,40.298625,-74.074178,18,,0.3780,11
1881831469,Priti,Mehta,MD,primary-care,South Plainfield,NJ,07080,40.574413,-74.414800,17,,1.4781,206
1881831998,Tricia,Morino,DO,oncology,Manahawkin,NJ,08050,39.712132,-74.231888,20,81.33,0.8713,460
1881838993,Arun,Rajaram,MD,orthopedics,Red Bank,NJ,07701,40.360509,-74.078952,17,,0.3696,141
1881844330,Maria,Ocasio,MD,primary-care,Chatham,NJ,07928,40.724971,-74.415086,19,,0.6426,124
1881853455,Linda,Cappiello-Lindsley,MD,dermatology,Hoboken,NJ,07030,40.745251,-74.027926,40,,0.9907,34
1881853802,Daniel,Suffin,DO,pulmonology,Ridgewood,NJ,07450,40.981591,-74.113506,22,95.05,1.6644,709
1881855955,Nathan,Bodin,MD,orthopedics,Voorhees,NJ,08043,39.848570,-74.952843,19,,1.0534,336
1881857175,Ghada,Hussein,MD,primary-care,Berkeley Heights,NJ,07922,40.676590,-74.427022,19,,0.6873,194
1881861102,Mark,Arcaro,MD,primary-care,Robbinsville,NJ,08691,40.208319,-74.600928,21,96.91,0.9690,52
1881884583,Esther,Jacobowitz,MD,psychiatry,Teaneck,NJ,07666,40.890317,-74.011478,40,,2.8815,32
1881885804,Keith,Raser,MD,psychiatry,Pennington,NJ,08534,40.329422,-74.792789,40,,2.0246,48
1881890416,Saima,Khan,MD,endocrinology,Flemington,NJ,08822,40.521995,-74.866644,26,84.94,0.9013,389
1881891109,Anjali,Grover,MD,endocrinology,Glen Ridge,NJ,07028,40.804798,-74.204569,19,96.09,1.2925,331
1881895001,Hashmukh,Patel,MD,primary-care,Holmdel,NJ,07733,40.374964,-74.173849,41,,0.7523,337
1881910263,Beiqing,Pan,MD,oncology,Bridgewater,NJ,08807,40.592434,-74.618840,13,100,4.4653,497
1881913622,Roman,Isaac,MD,orthopedics,Hoboken,NJ,07030,40.745251,-74.027926,18,,0.7520,108
1881913713,Margarita,Lolis,MD,dermatology,Hoboken,NJ,07030,40.745251,-74.027926,17,100,2.0455,615
1881929032,Amita,Sharma,MD,primary-care,Plainsboro,NJ,08536,40.333076,-74.586628,21,85.76,4.5957,201
1881937613,Joseph,Petrsoric,MD,neurology,Teaneck,NJ,07666,40.890317,-74.011478,13,,1.1385,284
1881937704,Youran,Gao,MD,gastroenterology,Harrington Park,NJ,07640,40.991681,-73.980202,13,96.09,0.9807,297
1881952539,Jillian,Cohen,MD,primary-care,Neptune,NJ,07753,40.210761,-74.074499,14,100,0.8219,57
1881956050,Dennis,Han,MD,gastroenterology,Berkeley Heights,NJ,07922,40.676590,-74.427022,14,,1.1086,650
1891012183,William,Rossy,MD,orthopedics,Princeton,NJ,08540,40.364728,-74.656314,16,75,1.1155,548
1891012332,Anish,Samuel,MD,primary-care,Fair Lawn,NJ,07410,40.935830,-74.117505,21,,0.8676,278
1891038774,Stacey,Elkhatib Smidt,MD,neurology,Edison,NJ,08820,40.576806,-74.365750,13,81.33,0.6855,34
1891074944,Divya,Rajasekaran,MD,endocrinology,Berkeley Heights,NJ,07922,40.676590,-74.427022,16,,0.7009,454
1891078358,Pedram,Kazemian,MD,cardiology,Browns Mills,NJ,08015,39.931536,-74.543720,22,95.33,1.9599,744
1891083127,Vineet,Sandhu,MD,primary-care,Hackettstown,NJ,07840,40.860045,-74.831795,16,,0.4545,29
1891089033,Lacy,Sommer,MD,dermatology,Marlton,NJ,08053,39.856677,-74.900810,15,94.35,0.9418,654
1891093829,Mariam,Saleeb,MD,neurology,Woodbury,NJ,08097,39.813290,-75.150650,20,,2.0243,216
1891135943,Jason,Chouake,MD,dermatology,Cliffside Park,NJ,07010,40.822052,-73.987938,13,,1.2582,856
1891138236,Marc,Lindner,DO,pulmonology,Newark,NJ,07112,40.711391,-74.211683,13,98.51,1.8179,53
1891141958,Ashley,Kang,MD,primary-care,Hackensack,NJ,07601,40.889398,-74.045698,10,81.33,0.9850,184
1891176913,Kruthika,Reddy,MD,primary-care,Wayne,NJ,07470,40.945855,-74.245077,11,,1.0574,125
1891215042,Kalvin,Foo,MD,psychiatry,Camden,NJ,08103,39.935202,-75.112703,9,91.83,1.3107,19
1891226486,Ali,Mustafa,MD,pulmonology,Marlton,NJ,08053,39.856677,-74.900810,9,81.15,0.8917,261
1891256079,Mansi,Patel,MD,primary-care,Morristown,NJ,07960,40.779235,-74.502462,3,,0.8765,572
1891269676,Elkhatim,Elaies,MD,primary-care,Teaneck,NJ,07666,40.890317,-74.011478,22,,1.6759,259
1891299624,Trisha,Menon,MD,endocrinology,Paramus,NJ,07652,40.947299,-74.070169,8,,0.9383,701
1891310033,Colleen,Graham,DO,primary-care,Mount Laurel,NJ,08054,39.948992,-74.900247,6,84.63,0.5795,104
1891361671,Anna,Derian,MD,primary-care,Old Bridge,NJ,08857,40.392789,-74.330397,16,,0.5060,36
1891704292,David,Gold,MD,orthopedics,Berkeley Heights,NJ,07922,40.676590,-74.427022,37,,0.9617,332
1891717294,James,Lampariello,MD,primary-care,Wayne,NJ,07470,40.945855,-74.245077,31,,0.9539,340
1891717708,Stephen,Abo,DO,oncology,Livingston,NJ,07039,40.785828,-74.329100,25,98.51,1.1616,529
1891726238,Aron,Green,MD,orthopedics,Ocean,NJ,07712,40.246895,-74.054502,25,72.19,2.0754,472
1891729372,Michael,Dovnarsky,MD,cardiology,Marlton,NJ,08053,39.856677,-74.900810,45,90.34,0.7920,330
1891729539,Patricia,Laemmle,MD,primary-care,Old Bridge,NJ,08857,40.392789,-74.330397,31,,0.8204,297
1891736039,Robert,Charney,MD,cardiology,Berkeley Heights,NJ,07922,40.676590,-74.427022,35,,0.7532,640
1891736385,David,Maletzky,DO,primary-care,Browns Mills,NJ,08015,39.931536,-74.543720,28,95.33,1.0403,200
1891738498,Spencer,Kroll,MD,primary-care,Morganville,NJ,07751,40.359650,-74.261462,31,,3.1704,573
1891738555,Walead,Latif,MD,primary-care,Union,NJ,07083,40.695266,-74.269078,24,100,1.9615,325
1891739686,Thomas,Moccia,DO,cardiology,Camden,NJ,08103,39.935202,-75.112703,27,,0.5800,1073
1891745790,Melissa,Dixon,MD,dermatology,Bayonne,NJ,07002,40.662495,-74.110201,26,94.26,1.5348,724
1891756573,Uma,Duvvuri,MD,primary-care,Nutley,NJ,07110,40.820616,-74.156250,30,85.15,1.3206,82
1891756789,Hasmukhbhai,Patel,MD,primary-care,Vineland,NJ,08361,39.449369,-74.958827,43,100,1.1452,468
1891762555,Fariborz,Ashtyani,MD,pulmonology,Hackensack,NJ,07601,40.889398,-74.045698,45,92.9,0.9439,311
1891764718,Herve,Boucard,MD,gastroenterology,Hamilton,NJ,08690,40.225833,-74.660096,26,98.3,0.9081,367
1891765269,Arthur,O Keefe,MD,cardiology,Red Bank,NJ,07701,40.360509,-74.078952,32,75,0.2517,2429
1891766622,Ian,Joffe,MD,cardiology,Cherry Hill,NJ,08003,39.885852,-74.971145,37,,0.6405,973
1891766721,Jin Sung,Lee,MD,primary-care,Hoboken,NJ,07030,40.745251,-74.027926,29,100,12.4226,201
1891768404,Tudor,Jovin,MD,neurology,Camden,NJ,08103,39.935202,-75.112703,32,,0.7836,40
1891773610,Romeo,Caballes Jr,MD,primary-care,Branchburg,NJ,08876,40.589554,-74.685411,29,24.53,1.8101,214
1891777942,Jeffrey,Charen,MD,orthopedics,Edison,NJ,08837,40.514281,-74.343859,48,81.33,0.9187,240
1891778353,Scott,Eisenberg,DO,cardiology,Livingston,NJ,07039,40.785828,-74.329100,2,98.51,1.1003,1497
1891780912,Kamalesh,Shah,MD,primary-care,North Bergen,NJ,07047,40.793644,-74.025027,41,,1.3735,2368
1891781514,Joseph,Casella,DO,primary-care,Andover,NJ,07821,40.966037,-74.754687,45,78.05,2.0457,520
1891782371,Hemang,Dave,MD,oncology,Marmora,NJ,08223,39.269520,-74.657118,44,95.05,5.9275,687
1891786455,Benjamin,Blank,DO,primary-care,Glendora,NJ,08029,39.840937,-75.067211,33,,1.4300,353
1891788121,Birgit,Toome,MD,dermatology,Sewell,NJ,08080,39.757353,-75.122043,40,92.44,0.9898,678
1891789731,Daniel,Shaw,MD,orthopedics,Westfield,NJ,07090,40.651644,-74.343447,37,,1.2447,186
1891802302,Gary,Brown,DO,psychiatry,Pennington,NJ,08534,40.329422,-74.792789,39,96.91,0.4169,15
1891804654,Benjamin,Chouake,MD,primary-care,Cliffside Park,NJ,07010,40.822052,-73.987938,45,,1.0735,768
1891808572,Thomas,Stack,DO,primary-care,Montville,NJ,07045,40.906942,-74.365608,35,,2.3085,366
1891839312,Andre,Fedida,MD,gastroenterology,Old Bridge,NJ,08857,40.392789,-74.330397,40,98.3,1.7940,295
1891858569,Paul,Zukoff,MD,primary-care,New Providence,NJ,07974,40.696919,-74.403853,40,,0.8774,392
1891873865,Geoffrey,Zarrella,DO,cardiology,Willingboro,NJ,08046,40.027950,-74.886984,,81.15,0.2459,1730
1891876496,Darlene,Kwee,MD,dermatology,Plainsboro,NJ,08536,40.333076,-74.586628,43,,0.5887,1175
1891877288,John,Kenny,DO,primary-care,Manahawkin,NJ,08050,39.712132,-74.231888,49,,0.6745,164
1891882254,Jason,Chew,DO,primary-care,Ocean City,NJ,08226,39.263784,-74.607753,21,20.24,1.6071,695
1891886008,Rosalia,Riguerra,MD,primary-care,Little Egg Harbor Twp,NJ,08087,39.603959,-74.382181,45,,0.3277,572
1891887592,Carol,Lipsitch,MD,primary-care,Verona,NJ,07044,40.832468,-74.242863,48,,0.3255,21
1891891909,Mythely,Kirupaharan,MD,primary-care,Morristown,NJ,07960,40.779235,-74.502462,27,,0.7739,213
1891892816,Jay,Meyerowitz,MD,primary-care,Teaneck,NJ,07666,40.890317,-74.011478,41,,1.4105,109
1891892907,Divya,Goldstein,MD,cardiology,Newark,NJ,07112,40.711391,-74.211683,27,98.51,0.6094,998
1891892972,Henry,Yu,MD,primary-care,Toms River,NJ,08755,40.008534,-74.221768,44,,2.2740,754
1891893541,Rao,Pasupuleti,MD,neurology,Trenton,NJ,08619,40.242301,-74.696408,48,,1.0045,384
1891895959,Ellen,Rosen,MD,gastroenterology,Morristown,NJ,07960,40.779235,-74.502462,33,,0.8735,151
1891897229,Essam,Othman,MD,primary-care,Elizabeth,NJ,07208,40.672913,-74.224047,47,,3.6569,178
1891897583,Ming,Huang,MD,primary-care,Somerville,NJ,08876,40.589554,-74.685411,57,,1.1857,90
1891898292,Laura,Ross Adams,DO,orthopedics,Hainesport,NJ,08036,39.977956,-74.836334,35,,0.7676,184
1891908265,Ramu,Channamsetty,MD,primary-care,Marlton,NJ,08053,39.856677,-74.900810,30,,0.4803,171
1891922589,Syed,Hassan,MD,primary-care,Plainfield,NJ,07060,40.616667,-74.422042,23,62.92,0.8479,333
1891927158,Deviyani,Mehta,MD,neurology,New Brunswick,NJ,08901,40.483638,-74.442460,28,88.4,0.8259,163
1891941449,Kanika,Mody,MD,cardiology,Hackensack,NJ,07601,40.889398,-74.045698,21,81.33,2.0154,296
1891945341,Jocelyn,Lieb,MD,dermatology,Ramsey,NJ,07446,41.059136,-74.145931,22,75,0.9588,612
1891956652,Alena,Antohina,MD,psychiatry,Paramus,NJ,07652,40.947299,-74.070169,35,,0.7289,14
1891956843,Michelle,Thorpe,MD,psychiatry,Paterson,NJ,07503,40.897548,-74.154121,18,,0.6279,144
1891956876,Marwa,Hazzah,MD,primary-care,Clifton,NJ,07011,40.880427,-74.143246,24,,1.0105,96
1891957379,Marina,Moshkovich,MD,psychiatry,Matawan,NJ,07747,40.413250,-74.257674,46,,1.6114,21
1891973780,Elkin,Nunez,MD,primary-care,Morristown,NJ,07960,40.779235,-74.502462,21,,0.5571,520
1891974507,Eduard,Fuzaylov,MD,primary-care,Manalapan,NJ,07726,40.286506,-74.342547,37,75,1.3621,363
1891979381,Michael,Levitt,MD,primary-care,Hackensack,NJ,07601,40.889398,-74.045698,24,81.33,0.9422,909
1891993572,Atul,Kamath,MD,orthopedics,Manasquan,NJ,08736,40.120018,-74.053257,19,,1.0984,170
1891999637,Elizabeth,Raleigh,DO,primary-care,Milford,NJ,08848,40.594266,-75.096659,21,,0.5938,248
1902014525,Naga,Komati,MD,neurology,West Orange,NJ,07052,40.785755,-74.265058,26,75,1.7785,502
1902018468,Jigar,Patel,MD,cardiology,Robbinsville,NJ,08691,40.208319,-74.600928,25,,0.5048,1438
1902020373,Gertrud,Malmberg,MD,primary-care,Cliffside Park,NJ,07010,40.822052,-73.987938,46,,1.1538,487
1902029309,Siu-Long,Yao,MD,oncology,East Brunswick,NJ,08816,40.429119,-74.416287,36,100,0.7056,86
1902032188,Katherine,Inoyama,MD,neurology,Ridgewood,NJ,07450,40.981591,-74.113506,17,95.05,1.2080,802
1902033459,Jamin,Morrison,MD,oncology,Camden,NJ,08103,39.935202,-75.112703,17,91.83,0.4114,311
1902034242,Cynthia,Genovese,MD,primary-care,Medford,NJ,08055,39.862695,-74.822311,26,,1.0044,165
1902040546,Ari,Seidenstein,MD,orthopedics,Paramus,NJ,07652,40.947299,-74.070169,22,81.33,1.4346,503
1902041999,Soumya,Chakrapani,MD,primary-care,Tinton Falls,NJ,07753,40.210761,-74.074499,25,,1.0001,460
1902056021,Neha,Chawla,MD,oncology,Egg Harbor Township,NJ,08234,39.388393,-74.620728,22,,0.4830,442
1902061880,Afsheen,Iqbal,MD,oncology,Basking Ridge,NJ,07920,40.682268,-74.554143,20,81.57,0.6011,220
1902064975,Marina,Shcherba,DO,oncology,Middletown,NJ,07748,40.396300,-74.115274,19,82.85,0.5901,308
1902065857,Rachel,Levenbach,MD,oncology,Moorestown,NJ,08057,39.979658,-74.941308,18,87.6,6.9639,454
1902067341,Amit,Prasad,MD,cardiology,Phillipsburg,NJ,08865,40.708226,-75.147073,18,97.13,0.7046,1252
1902067952,Maliha,Ahmad,MD,primary-care,Paterson,NJ,07503,40.897548,-74.154121,22,,0.7571,223
1902068612,Scott,Schwarz,MD,cardiology,West Orange,NJ,07052,40.785755,-74.265058,22,89.88,1.4497,2222
1902070618,Brian,Yung,MD,primary-care,Holmdel,NJ,07733,40.374964,-74.173849,18,96.09,0.5915,378
1902073216,Felix,Geller,MD,psychiatry,Barnegat,NJ,08005,39.755802,-74.306609,19,86.65,2.0013,229
1902103872,Anupam,Ohri,MD,endocrinology,New Brunswick,NJ,08901,40.483638,-74.442460,23,88.4,0.9690,217
1902113772,Swaleha,Mahpara,MD,primary-care,Freehold,NJ,07728,40.225793,-74.285785,26,81.06,0.9329,399
1902118383,Augustine,Unuigbe,MD,primary-care,Toms River,NJ,08755,40.008534,-74.221768,28,,0.4926,280
1902118821,Shalini,Solanki,MD,primary-care,Monroe,NJ,08831,40.334341,-74.432502,23,98.51,1.3526,121
1902123318,Jose,Gomez Marquez,MD,pulmonology,Englewood,NJ,07631,40.891197,-73.972515,21,,1.4334,290
1902123458,Yonatan,Greenstein,MD,pulmonology,Newark,NJ,07103,40.738852,-74.195264,16,,1.1593,134
1902128325,Rachel,Bier,MD,endocrinology,Englewood,NJ,07631,40.891197,-73.972515,17,75,3.6200,259
1902149099,Fariha,Ramay,MD,gastroenterology,Cherry Hill,NJ,08003,39.885852,-74.971145,13,,1.0763,157
1902172265,Meredith,Brandon,MD,psychiatry,Paterson,NJ,07503,40.897548,-74.154121,17,,2.5959,73
1902179906,Ahmed,Galal,MD,oncology,Morristown,NJ,07960,40.779235,-74.502462,41,,0.5192,152
1902193311,Robert,Becker,MD,endocrinology,Cherry Hill,NJ,08034,39.906100,-75.000375,15,91.83,0.7568,360
1902196272,Christina,Gutowski,MD,orthopedics,Camden,NJ,08103,39.935202,-75.112703,15,85.23,0.8403,199
1902216419,Chirag,Rana,MD,cardiology,Fair Lawn,NJ,07410,40.935830,-74.117505,12,96.09,1.3093,609
1902217300,Yaser,Daramna,MD,primary-care,Morristown,NJ,07960,40.779235,-74.502462,12,,0.5401,1148
1902225584,Erika,Tievsky,DO,primary-care,Hoboken,NJ,07030,40.745251,-74.027926,12,95.05,0.8661,165
1902226673,Jeremy,Ruskin,MD,orthopedics,Eatontown,NJ,07724,40.298625,-74.074178,12,75,0.9621,479
1902260268,Catherine,Lushbough,MD,primary-care,Jersey City,NJ,07302,40.718808,-74.044634,10,87.07,0.6568,415
1902273857,Kanad,Mukherjee,DO,primary-care,Stratford,NJ,08084,39.828990,-75.015536,11,81.15,0.5734,150
1902284680,Hiten,Patel,MD,primary-care,Hamilton,NJ,08690,40.225833,-74.660096,11,,1.8933,610
1902291438,Stephen,Testa,MD,gastroenterology,Mount Laurel,NJ,08054,39.948992,-74.900247,11,,1.4756,363
1902367410,Christopher,Wu,MD,primary-care,Totowa,NJ,07512,40.903415,-74.219779,9,,0.7654,114
1902368707,Khadija,Farooq,DO,primary-care,Old Bridge,NJ,08857,40.392789,-74.330397,7,96.09,0.9367,115
1902369416,Sol,Silverman,DO,primary-care,Berkeley Heights,NJ,07922,40.676590,-74.427022,7,,1.0730,147
1902383433,Mona,Vellanki,MD,psychiatry,Hackensack,NJ,07601,40.889398,-74.045698,10,81.33,1.6365,35
1902396237,Khushboo,Agarwal,MD,primary-care,Toms River,NJ,08755,40.008534,-74.221768,9,,1.1435,415
1902399140,Meghan,Holliday-Minderlein,DO,primary-care,Woodstown,NJ,08098,39.639301,-75.329801,8,,0.5100,378
1902432867,Saadia,Iqbal,MD,primary-care,Pennington,NJ,08534,40.329422,-74.792789,14,,0.4390,184
1902433592,Hayder,Azeez,MD,primary-care,Long Branch,NJ,07740,40.295372,-73.989899,15,,0.5113,47
1902433766,Zuhal,Gokturk,MD,primary-care,Pompton Plains,NJ,07444,40.967407,-74.306967,19,,0.6998,115
1902461023,Derrick,Jeon,MD,primary-care,Hackensack,NJ,07601,40.889398,-74.045698,8,81.33,0.5307,420
1902467392,Christopher,Lee,DO,psychiatry,Iselin,NJ,08830,40.570142,-74.316371,7,,2.9986,38
1902472277,Ahmed,Kawamj,MD,primary-care,Denville,NJ,07834,40.886460,-74.487584,7,,0.5254,69
1902483506,Jeremy,Kwon,MD,primary-care,Hackensack,NJ,07601,40.889398,-74.045698,5,,0.9663,23
1902489404,Joshua,Hasquet,MD,primary-care,Livingston,NJ,07039,40.785828,-74.329100,5,,0.6582,81
1902499460,Zaka Ul,Haq,MD,primary-care,Pennington,NJ,08534,40.329422,-74.792789,12,,0.4821,195
1902802739,Heather,Robberson,MD,primary-care,Bayonne,NJ,07002,40.662495,-74.110201,30,85.15,1.1194,505
1902803349,Richard,Greenberg,MD,oncology,Voorhees,NJ,08043,39.848570,-74.952843,36,,2.1309,730
1902813272,Darren,Blumberg,MD,gastroenterology,Berkeley Heights,NJ,07922,40.676590,-74.427022,34,,0.8855,756
1902813843,Jack,Kanoff,DO,pulmonology,Hammonton,NJ,08037,39.631681,-74.773893,44,36.14,0.9548,745
1902813876,Wei,Wang,MD,psychiatry,Bridgewater,NJ,08807,40.592434,-74.618840,39,,3.3676,19
1902814478,Roland,Antoine,MD,primary-care,East Orange,NJ,07018,40.755733,-74.217917,40,,1.3162,30
1902817554,Tun,Nyunt,MD,primary-care,Morristown,NJ,07960,40.779235,-74.502462,38,,0.8249,488
1902818610,Andrew,Mcgarry,MD,neurology,Cherry Hill,NJ,08002,39.934605,-75.025389,22,91.83,1.0483,141
1902825185,Myriam,Sterlin,MD,primary-care,East Orange,NJ,07018,40.755733,-74.217917,36,,1.3807,64
1902832157,Maurice,Sheetz,MD,primary-care,Glassboro,NJ,08028,39.692129,-75.124675,43,,0.7772,295
1902834708,Lawrence,Davanzo,DO,pulmonology,West Orange,NJ,07052,40.785755,-74.265058,38,87.16,1.6517,394
1902835747,Alejandro,Presilla,MD,cardiology,Passaic,NJ,07055,40.857552,-74.129089,50,,2.4957,56
1902837503,Abdul,Kazi,MD,psychiatry,Mercerville,NJ,08619,40.242301,-74.696408,33,,1.0176,70
1902852957,Kurt,Kaulback,MD,cardiology,Cherry Hill,NJ,08002,39.934605,-75.025389,38,,0.6757,750
1902854870,Thomas,Ziering,MD,primary-care,Morristown,NJ,07960,40.779235,-74.502462,39,,1.9556,73
1902856099,Haleh,Pazwash,MD,gastroenterology,Toms River,NJ,08755,40.008534,-74.221768,23,82.58,1.2867,756
1902856313,Michael,Rahmin,MD,gastroenterology,Ridgewood,NJ,07450,40.981591,-74.113506,37,95.05,1.0634,1076
1902856834,Prabhas,Trivedi,MD,dermatology,Neptune,NJ,07753,40.210761,-74.074499,23,94.26,0.7987,551
1902857139,Nataliya,Dashevsky,MD,primary-care,Princeton,NJ,08540,40.364728,-74.656314,38,,2.4092,320
1902858665,Subooha,Zafar,MD,pulmonology,Hamilton,NJ,08619,40.242301,-74.696408,31,96.91,0.5965,223
1902859150,Steven,Levi,MD,cardiology,Haddon Heights,NJ,08035,39.879127,-75.065918,31,90.34,1.2811,1826
1902859184,Nidhir,Sheth,MD,gastroenterology,Lumberton,NJ,08048,39.953850,-74.803026,30,95.33,0.7926,484
1902860364,Bennett,Schwartz,MD,dermatology,Voorhees,NJ,08043,39.848570,-74.952843,43,85.08,0.6824,665
1902862345,Martin,Herman,MD,neurology,Edison,NJ,08820,40.576806,-74.365750,,81.33,0.5389,135
1902869720,Gregory,Shypula,MD,oncology,Hackensack,NJ,07601,40.889398,-74.045698,45,81.33,2.2663,705
1902874993,Andre,Pagliaro,MD,orthopedics,Marlton,NJ,08053,39.856677,-74.900810,38,92.57,1.0113,164
1902876915,Douglas,Livornese,MD,pulmonology,Eatontown,NJ,07724,40.298625,-74.074178,36,98.51,1.1883,836
1902877327,Seoung,Baik,MD,gastroenterology,Fort Lee,NJ,07024,40.850640,-73.971007,47,,2.1172,154
1902877525,Robert,Spira,MD,gastroenterology,Fort Lee,NJ,07024,40.850640,-73.971007,51,,0.8108,213
1902879000,David,Haacker,MD,primary-care,Fort Lee,NJ,07024,40.850640,-73.971007,41,,1.5260,173
1902879828,Alfred,Wayslow,DO,psychiatry,Voorhees,NJ,08043,39.848570,-74.952843,34,,1.9014,37
1902883226,Alan,Rosenzweig,DO,primary-care,Palmyra,NJ,08065,40.002615,-75.035273,48,23.15,3.5632,448
1902885122,Stephen,Windsor,MD,oncology,Hackensack,NJ,07601,40.889398,-74.045698,40,81.33,0.5000,431
1902891583,Natalya,Avanesova,MD,primary-care,Manalapan,NJ,07726,40.286506,-74.342547,39,,2.7462,132
1902893134,Jay,Malickel,MD,primary-care,Bridgeton,NJ,08302,39.438613,-75.260646,29,,1.2474,454
1902894496,John,Kolnik,DO,gastroenterology,Haddon Heights,NJ,08035,39.879127,-75.065918,34,81.15,0.7943,614
1902894991,William,Derosa,DO,oncology,Belleville,NJ,07109,40.793481,-74.161159,46,,1.3679,309
1902896723,Steven,David,MD,gastroenterology,Wayne,NJ,07470,40.945855,-74.245077,40,72.32,1.0265,715
1902898737,Thomas,Leopold,MD,cardiology,South Plainfield,NJ,07080,40.574413,-74.414800,47,,0.2390,1487
1902898760,Joshua,Crasner,DO,cardiology,Sewell,NJ,08080,39.757353,-75.122043,37,81.15,0.6521,1098
1902903370,Denise,Autotte Kays,MD,primary-care,Franklin,NJ,07416,41.108997,-74.588641,47,,0.7858,144
1902937105,Joshua,Bramson,MD,primary-care,Neptune,NJ,07753,40.210761,-74.074499,11,81.33,0.8815,822
1902957749,Peter,Gallerstein,MD,cardiology,Morristown,NJ,07960,40.779235,-74.502462,52,,0.0563,219
1902959331,Peter,Stern,MD,primary-care,Ramsey,NJ,07446,41.059136,-74.145931,37,22.78,0.5502,815
1902969769,Douglas,Frenia,MD,pulmonology,New Brunswick,NJ,08901,40.483638,-74.442460,27,,0.6931,322
1902970502,Smitha,Agadi,MD,primary-care,Englewood,NJ,07631,40.891197,-73.972515,26,96.09,0.8792,373
1902976582,Louis,Griffel,MD,gastroenterology,New Brunswick,NJ,08901,40.483638,-74.442460,36,88.4,0.4167,11
1902980915,Susan,Fuchs,MD,psychiatry,Trenton,NJ,08610,40.193643,-74.715963,50,,1.5641,22
1902996283,Alexander,Mazziotti,MD,primary-care,Hawthorne,NJ,07506,40.956957,-74.158561,48,,2.4792,52
1902996796,Joseph,Campellone,MD,neurology,Camden,NJ,08103,39.935202,-75.112703,35,91.83,0.5246,61
1902998685,Gregory,Heifler,MD,primary-care,Montclair,NJ,07042,40.813487,-74.219011,32,78.32,1.4092,286
1912005026,Craig,Margulies,MD,gastroenterology,Princeton,NJ,08540,40.364728,-74.656314,36,,1.2369,548
1912007576,Anna,Famador,MD,primary-care,Cherry Hill,NJ,08034,39.906100,-75.000375,26,,0.3337,37
1912012519,Anita,Jasani,MD,primary-care,Metuchen,NJ,08840,40.543139,-74.358981,31,96.09,1.3533,224
1912014887,Anna,Korkis,MD,gastroenterology,Ridgewood,NJ,07450,40.981591,-74.113506,40,91.42,3.5887,261
1912044900,Julie,Master,DO,cardiology,Eatontown,NJ,07724,40.298625,-74.074178,23,98.51,0.9531,1579
1912047754,Aurora,Andreescu,MD,primary-care,Clifton,NJ,07013,40.869405,-74.173062,33,,0.8462,179
1912054420,Joseph,Acquaviva,MD,psychiatry,Rochelle Park,NJ,07662,40.906496,-74.078005,44,,1.2264,119
1912060708,Margaret,Ravits,MD,dermatology,Hackensack,NJ,07601,40.889398,-74.045698,51,75,0.6040,871
1912065442,Adam,Kelman,MD,endocrinology,Ridgewood,NJ,07450,40.981591,-74.113506,33,95.05,1.1951,1002
1912065921,Sahil,Dhru,DO,primary-care,Voorhees,NJ,08043,39.848570,-74.952843,24,81.15,0.7535,403
1912067836,Camille,Introcaso,MD,dermatology,Marlton,NJ,08053,39.856677,-74.900810,21,94.35,0.8676,927
1912074964,Rahul,Kumar,MD,cardiology,Neptune,NJ,07753,40.210761,-74.074499,24,96.87,1.2174,719
1912079070,Robert,Greenberg,MD,psychiatry,Livingston,NJ,07039,40.785828,-74.329100,48,98.51,1.0726,147
1912090168,Walter,Borowski,MD,primary-care,Morristown,NJ,07960,40.779235,-74.502462,44,,1.0445,96
1912098187,Christopher,Hubbard,MD,orthopedics,Glen Rock,NJ,07452,40.959471,-74.125202,28,,0.6979,237
1912112731,Atara,Schultz,MD,endocrinology,Berkeley Heights,NJ,07922,40.676590,-74.427022,22,,1.6452,577
1912115254,Anthony,Flynn,MD,cardiology,Galloway,NJ,08205,39.482000,-74.452637,18,,1.1684,1031
1912130105,Aileen,Hocbo,MD,primary-care,Atlantic City,NJ,08401,39.377337,-74.451070,22,,0.5441,133
1912147166,Daniel,De Feo,DO,primary-care,Wyckoff,NJ,07481,40.999093,-74.168849,18,,1.9976,134
1912153792,Michael,Rachshtut,MD,oncology,Camden,NJ,08103,39.935202,-75.112703,24,91.83,0.5404,469
1912162066,Nirav,Mistry,MD,primary-care,Newark,NJ,07102,40.735659,-74.173605,21,,1.4364,105
1912167297,Lillian,Aldaia,MD,cardiology,Morristown,NJ,07960,40.779235,-74.502462,20,,0.3064,318
1912171372,Deepan,Patel,MD,orthopedics,Clifton,NJ,07013,40.869405,-74.173062,18,,1.6997,162
1912206434,Benjamin,Freeman,MD,oncology,West Orange,NJ,07052,40.785755,-74.265058,21,,0.8945,385
1912232695,Sreevani,Thota,MD,primary-care,Parsippany,NJ,07054,40.853767,-74.401574,28,,0.6361,36
1912240227,Paul,Rothenberg,MD,orthopedics,Hackensack,NJ,07601,40.889398,-74.045698,13,85.15,0.7703,113
1912249145,Alfred,Enriquez,MD,primary-care,Voorhees,NJ,08043,39.848570,-74.952843,14,81.15,0.4811,363
1912278540,Asena,Bahce-Altuntas,MD,primary-care,Hackensack,NJ,07601,40.889398,-74.045698,20,96.09,1.3259,140
1912278615,Pankaj,Kakkar,MD,neurology,Westwood,NJ,07675,41.003484,-74.001753,16,,0.6737,343
1912290602,Bolanle,Akinronbi,MD,psychiatry,Cranford,NJ,07016,40.657550,-74.303632,16,,1.5421,19
1912311606,Sameet,Shah,DO,gastroenterology,Montclair,NJ,07042,40.813487,-74.219011,12,96.09,1.3954,390
1912317892,Emily,Warshauer,MD,dermatology,Point Pleasant Boro,NJ,08742,40.080812,-74.059117,14,75,1.5853,681
1912347030,Amol,Shah,MD,primary-care,Newark,NJ,07102,40.735659,-74.173605,14,95.64,1.6865,301
1912352014,Raj,Patel,MD,primary-care,Voorhees,NJ,08043,39.848570,-74.952843,10,91.83,0.5678,971
1912353830,Ashkan,Hamzelou,DO,primary-care,Teaneck,NJ,07666,40.890317,-74.011478,10,,0.4499,111
1912356270,Jacqueline,Romero,MD,neurology,Marlboro,NJ,07746,40.323490,-74.254572,10,,2.2074,36
1912403833,Jaclyn,Morales,MD,primary-care,Lindenwold,NJ,08021,39.806156,-75.000012,8,,0.8428,290
1912430653,Zain,Moosvi,MD,gastroenterology,West Orange,NJ,07052,40.785755,-74.265058,9,,0.7262,19
1912439308,Daniel,Sedhom,MD,gastroenterology,Edison,NJ,08820,40.576806,-74.365750,10,81.33,0.9375,449
1912467770,Jorge,Suening,MD,primary-care,Freehold,NJ,07728,40.225793,-74.285785,9,,0.6529,222
1912468182,Omar,Hassanien,DO,primary-care,Paterson,NJ,07514,40.924786,-74.144542,7,,0.4016,158
1912468760,Seher,Javaid,MD,primary-care,Somerville,NJ,08876,40.589554,-74.685411,13,87.07,1.0769,389
1912491853,Jason,Kaplan,MD,cardiology,Hackettstown,NJ,07840,40.860045,-74.831795,8,,0.4736,81
1912491978,Anshul,Patel,DO,primary-care,Lawrenceville,NJ,08648,40.284490,-74.717487,8,,0.6996,164
1912495284,Nicole,Babushkin,MD,primary-care,Forked River,NJ,08731,39.859886,-74.292741,8,96.09,0.8154,296
1912499195,Valerie,Nwanji,MD,primary-care,Cherry Hill,NJ,08002,39.934605,-75.025389,8,100,0.7759,263
1912526880,Dalia,Muhieddine,DO,primary-care,Hoboken,NJ,07030,40.745251,-74.027926,6,98.51,1.0267,16
1912535360,Daniel,Khan,MD,primary-care,Stratford,NJ,08084,39.828990,-75.015536,4,,0.5704,76
1912560558,Kyrillos,Rezkalla,MD,primary-care,Montclair,NJ,07042,40.813487,-74.219011,8,,0.4926,30
1912584228,Ashraf,Saleem,MD,primary-care,Manahawkin,NJ,08050,39.712132,-74.231888,9,,0.8091,239
1912585027,Emad Uddein,Alatassi,MD,primary-care,Berkeley Heights,NJ,07922,40.676590,-74.427022,19,,1.0860,65
1912590415,Abdallah,Khashan,MD,primary-care,Pennington,NJ,08534,40.329422,-74.792789,9,,0.4662,240
1912905779,Amy,Waronker-Silverstein,MD,endocrinology,Willingboro,NJ,08046,40.027950,-74.886984,30,81.15,0.8093,328
1912907312,Shivang,Trivedi,MD,cardiology,Bridgewater,NJ,08807,40.592434,-74.618840,36,23.87,3.6674,364
1912907460,Zahra,Abdi,MD,primary-care,Edison,NJ,08817,40.514655,-74.393104,35,,0.8266,112
1912920158,Unnati,Tailor,DO,primary-care,Hackettstown,NJ,07840,40.860045,-74.831795,23,,1.0996,154
1912926452,Barbara,Brown,MD,primary-care,Princeton,NJ,08540,40.364728,-74.656314,31,,1.4592,105
1912929969,Anand,Srinivasan,MD,primary-care,Fort Lee,NJ,07024,40.850640,-73.971007,28,,1.0513,382
1912930082,Farag,Mankarios,MD,primary-care,Colts Neck,NJ,07722,40.287799,-74.166807,43,,1.2853,151
1912931544,Lekhraj,Lala,MD,primary-care,Wyckoff,NJ,07481,40.999093,-74.168849,47,90.29,3.8980,154
1912935669,Allen,Griggs,DO,primary-care,Paramus,NJ,07652,40.947299,-74.070169,53,,0.4611,449
1912938747,Rana,Jafri,MD,primary-care,Old Bridge,NJ,08857,40.392789,-74.330397,43,96.09,0.9233,119
1912941691,Prasad,Medepalli,MD,cardiology,Cedar Grove,NJ,07009,40.858017,-74.229784,55,,0.7722,21
1912941899,Robert,Collum,MD,primary-care,Denville,NJ,07834,40.886460,-74.487584,34,,1.2906,641
1912946724,Xiaoping,Ma,MD,neurology,Turnersville,NJ,08012,39.783815,-75.056068,44,,0.6055,372
1912947029,Herbert,Rosengarten,MD,primary-care,Cream Ridge,NJ,08514,40.134245,-74.491732,46,98.51,1.7833,319
1912948142,Roy,Sauberman,MD,cardiology,Robbinsville,NJ,08691,40.208319,-74.600928,36,,1.1238,811
1912949199,Mohamed,Elnahal,MD,cardiology,Egg Harbor Township,NJ,08234,39.388393,-74.620728,45,,1.1951,1720
1912952763,Peter,Heit,MD,gastroenterology,Verona,NJ,07044,40.832468,-74.242863,42,,0.9312,599
1912954413,Mohammad,Asif,MD,cardiology,Newark,NJ,07112,40.711391,-74.211683,40,,1.4456,519
1912959685,Alan,Klukowicz,MD,pulmonology,Newark,NJ,07102,40.735659,-74.173605,45,,0.7881,16
1912960436,Lisa,Kassenoff,DO,primary-care,Forked River,NJ,08731,39.859886,-74.292741,24,96.09,1.3249,358
1912961947,Rajendra,Patel,MD,cardiology,Voorhees,NJ,08043,39.848570,-74.952843,47,,6.9232,471
1912963323,Francis,Ponce,MD,neurology,Shrewsbury,NJ,07702,40.326450,-74.057373,38,7.5,1.8231,390
1912966276,Donald,Rubenstein,MD,cardiology,North Arlington,NJ,07031,40.786256,-74.126220,46,,0.4586,2228
1912966573,Jayanthi,Periasamy,MD,psychiatry,Point Pleasant Boro,NJ,08742,40.080812,-74.059117,36,,1.3294,90
1912968165,Daniel,Vanengel,MD,neurology,Ridgewood,NJ,07450,40.981591,-74.113506,46,95.05,1.1766,620
1912971185,Rachana,Kulkarni,MD,cardiology,Bridgewater,NJ,08807,40.592434,-74.618840,38,,1.0755,969
1912971730,Sneh,Jain,MD,primary-care,Blackwood,NJ,08012,39.783815,-75.056068,56,87.16,2.2456,77
1912976010,Christian,Kaunzinger,MD,primary-care,Neptune,NJ,07753,40.210761,-74.074499,33,96.09,0.7093,235
1912976267,Robert,Petrucelli,MD,orthopedics,Succasunna,NJ,07876,40.854470,-74.657357,50,,0.5413,70
1912977950,Loretta,Mueller,DO,primary-care,Camden,NJ,08103,39.935202,-75.112703,38,91.83,0.7459,62
1912987389,Edmond,Wilkinson,MD,primary-care,Cherry Hill,NJ,08002,39.934605,-75.025389,33,,1.1232,350
1912992769,Allen,Hsieh,MD,cardiology,Morristown,NJ,07960,40.779235,-74.502462,35,,1.0179,1016
1912995853,Martin,Neilan,MD,primary-care,Wayne,NJ,07470,40.945855,-74.245077,44,,0.9626,88
1912995960,Ellen,Early,MD,oncology,Morristown,NJ,07960,40.779235,-74.502462,35,,0.6186,582
1912998592,Lorena,Alonzo-Chafart,DO,primary-care,Brick,NJ,08724,40.091032,-74.114395,33,,1.2777,610
1922001361,Harlan,Levine,MD,orthopedics,Hackensack,NJ,07601,40.889398,-74.045698,28,81.33,1.5148,960
1922001650,Adrian,Connolly,MD,dermatology,Hackettstown,NJ,07840,40.860045,-74.831795,51,85.75,1.7111,1027
1922001841,David,Hassman,DO,primary-care,Berlin,NJ,08009,39.760656,-74.932860,35,,1.6801,727
1922002765,Michael,Hassman,MD,primary-care,Haddonfield,NJ,08033,39.892421,-75.036651,32,,1.3755,530
1922006899,Kimberly,Osias,MD,primary-care,Lawrenceville,NJ,08648,40.284490,-74.717487,31,,1.1569,56
1922007707,Stephen,Angeli,MD,cardiology,Teaneck,NJ,07666,40.890317,-74.011478,45,,0.7608,873
1922009760,Joel,Jacowitz,MD,cardiology,Hoboken,NJ,07030,40.745251,-74.027926,49,95.05,1.2272,109
1922012335,Robert,Eagle,MD,gastroenterology,Livingston,NJ,07039,40.785828,-74.329100,47,98.51,0.9167,284
1922015007,Marcus,Hanfling,DO,cardiology,Neptune,NJ,07753,40.210761,-74.074499,45,86.51,2.6699,385
1922021138,Carl,Vitola,DO,primary-care,Turnersville,NJ,08012,39.783815,-75.056068,48,99.52,0.3087,182
1922023001,Subhadra,Shah,MD,dermatology,Parsippany,NJ,07054,40.853767,-74.401574,26,78.13,3.7476,718
1922028950,Jonathan,Winter,MD,dermatology,Sewell,NJ,08080,39.757353,-75.122043,42,90.2,0.9078,813
1922031574,Hussein,Shaqra,MD,cardiology,Clifton,NJ,07011,40.880427,-74.143246,31,100,2.5214,377
1922032879,Indravadan,Patel,MD,primary-care,Kendall Park,NJ,08824,40.420727,-74.553458,44,,2.5284,213
1922036367,Philip,Lo Buono,MD,dermatology,Spring Lake,NJ,07762,40.153409,-74.033732,55,,1.3185,535
1922037472,Saumya,Das,MD,primary-care,Toms River,NJ,08755,40.008534,-74.221768,35,19.39,2.5286,422
1922037704,James,Beattie,MD,cardiology,Princeton,NJ,08540,40.364728,-74.656314,36,,0.7598,2176
1922042720,Kenneth,Montgomery,MD,orthopedics,Cedar Knolls,NJ,07927,40.823725,-74.456354,36,79.23,0.5742,523
1922044924,Eyad,Nayal,MD,neurology,Wayne,NJ,07470,40.945855,-74.245077,37,81.5,0.8982,510
1922045590,Vijay,Patel,MD,primary-care,Matawan,NJ,07747,40.413250,-74.257674,34,91.91,6.6265,185
1922048941,Scott,Kuptsow,DO,primary-care,Williamstown,NJ,08094,39.650601,-74.959311,33,,0.9823,406
1922050582,Alan,Puzino,MD,primary-care,Morristown,NJ,07960,40.779235,-74.502462,47,,1.0240,452
1922051317,Annie,Peter,MD,cardiology,Haddon Heights,NJ,08035,39.879127,-75.065918,35,90.34,1.6131,2043
1922053875,Kishore,Ramchandani,MD,gastroenterology,Woodbridge,NJ,07095,40.552857,-74.286939,44,96.09,2.8953,429
1922054022,Iris,Mentle,MD,cardiology,Freehold,NJ,07728,40.225793,-74.285785,35,98.51,0.7799,1324
1922059625,Tiziana,Pensabeni Jasper,MD,primary-care,West Milford,NJ,07480,41.085870,-74.378390,36,,1.2721,377
1922060011,Julita,Pineda,MD,primary-care,Neptune,NJ,07753,40.210761,-74.074499,42,,1.5766,127
1922066125,Douglas,Sieminski,DO,primary-care,Newton,NJ,07860,41.057287,-74.802737,23,,1.1995,829
1922066182,Gomathy,Subramanian,MD,primary-care,Summit,NJ,07901,40.714923,-74.366372,28,,0.8643,461
1922067024,Jeffrey,Namey,MD,cardiology,Columbus,NJ,08022,40.067590,-74.705741,30,81.15,0.6483,1506
1922067180,Mark,Wertenteil,MD,primary-care,Hoboken,NJ,07030,40.745251,-74.027926,32,95.05,1.4059,378
1922067909,Hoan-Vu,Nguyen,MD,orthopedics,Ocean,NJ,07712,40.246895,-74.054502,27,72.19,0.5111,193
1922072420,Michael,Findura,DO,primary-care,Wall Township,NJ,07719,40.168908,-74.073226,25,96.09,0.8824,964
1922073949,Hani,Douedi,MD,cardiology,Toms River,NJ,08755,40.008534,-74.221768,35,86.18,1.3145,1497
1922074616,John,Vitolo,MD,orthopedics,Sparta,NJ,07871,41.046696,-74.627989,42,,1.5313,190
1922075068,David,Nieves,MD,dermatology,East Windsor,NJ,08520,40.255800,-74.539882,23,100,2.1033,763
1922077056,Paul,Walker,DO,primary-care,Plainsboro,NJ,08536,40.333076,-74.586628,39,,1.1549,281
1922078195,Sheri,Gillis Funderburk,MD,endocrinology,Pennington,NJ,08534,40.329422,-74.792789,25,,1.0305,250
1922079904,Kenneth,Nahum,DO,oncology,Howell,NJ,07731,40.149537,-74.203987,45,89.67,7.6132,1195
1922080092,Brendan,Mulholland,MD,primary-care,Shrewsbury,NJ,07702,40.326450,-74.057373,32,81.97,0.7373,1200
1922084185,James,Orsini,MD,oncology,Belleville,NJ,07109,40.793481,-74.161159,52,80.53,7.5058,81
1922084219,Scott,Weaner,DO,neurology,Mercerville,NJ,08619,40.242301,-74.696408,41,,1.0248,325
1922090802,Bonni,Guerin,MD,oncology,Summit,NJ,07901,40.714923,-74.366372,38,,0.5061,505
1922091370,Michael,Wiener,DO,primary-care,Ridgewood,NJ,07450,40.981591,-74.113506,49,85.15,1.3690,300
1922092121,Daniel,Wilkin,DO,primary-care,Englewood,NJ,07631,40.891197,-73.972515,24,,1.2442,385
1922101161,Jeffrey,Silberberg,MD,oncology,Freehold,NJ,07728,40.225793,-74.285785,48,90.92,10.9701,1254
1922101351,Donald,Baker,MD,dermatology,Camden,NJ,08103,39.935202,-75.112703,37,94.35,0.9321,441
1922104827,Paul,Demartino,MD,gastroenterology,Toms River,NJ,08755,40.008534,-74.221768,38,23.28,1.7938,821
1922107440,Preethi,George,MD,primary-care,Verona,NJ,07044,40.832468,-74.242863,32,,0.5539,116
1922109149,Gazala,Darvesh,MD,primary-care,Hackensack,NJ,07601,40.889398,-74.045698,28,85.79,2.8095,262
1922116326,Gregg,Marella,MD,primary-care,Mendham,NJ,07945,40.780656,-74.601816,33,19.77,1.5986,293
1922125038,Kalpeshkumar,Patel,MD,primary-care,Union,NJ,07083,40.695266,-74.269078,33,,0.5450,348
1922144401,David,Lee,MD,primary-care,Fort Lee,NJ,07024,40.850640,-73.971007,50,,1.9743,195
1922144435,Cynthia,Nitschmann Schmoll,DO,primary-care,Long Beach Township,NJ,08008,39.623538,-74.206089,34,96.09,0.6578,423
1922158591,Bruce,Rosen,DO,primary-care,Englewood Cliffs,NJ,07632,40.884634,-73.944654,42,96.09,0.9849,59
1922161421,Chirag,Shah,MD,pulmonology,Summit,NJ,07901,40.714923,-74.366372,26,,0.6606,526
1922161546,Sharen,Anghel,MD,primary-care,Morristown,NJ,07960,40.779235,-74.502462,22,,0.6333,64
1922174457,Joseph,Giangola,MD,primary-care,Brick,NJ,08723,40.038584,-74.111600,48,96.09,0.9475,381
1922192517,Antoinette,Deingeniis-Depasquale,DO,primary-care,Morristown,NJ,07960,40.779235,-74.502462,33,,0.6143,597
1922203439,William,Kostis,MD,cardiology,New Brunswick,NJ,08901,40.483638,-74.442460,19,88.4,0.2245,2396
1922218569,Leonie,Prince,MD,psychiatry,Hackensack,NJ,07601,40.889398,-74.045698,20,,0.9094,44
1922230812,Jeffrey,Murray,DO,orthopedics,Sewell,NJ,08080,39.757353,-75.122043,17,81.15,0.8161,343
1922234004,Sanaa,Mithaiwala,DO,primary-care,Voorhees,NJ,08043,39.848570,-74.952843,17,81.15,0.8704,273
1922246396,Jasdeep,Sodhi,MD,primary-care,Mount Holly,NJ,08060,40.010005,-74.792207,19,,0.3072,33
1922257799,Mark,Adams,MD,orthopedics,Newark,NJ,07103,40.738852,-74.195264,20,,1.6328,37
1922265495,Jordan,Safirstein,MD,cardiology,Mountain Lks,NJ,07046,40.890853,-74.442032,25,,1.1997,1149
1922267012,Harleen,Kaur,MD,primary-care,Parlin,NJ,08859,40.458172,-74.303799,25,,3.4248,126
1922274141,Aditya,Mehra,MD,cardiology,Brick,NJ,08724,40.091032,-74.114395,23,21.05,2.0627,2505
1922274190,Anuj,Shah,MD,cardiology,Passaic,NJ,07055,40.857552,-74.129089,22,75,1.2510,1372
1922283126,Waina,Cheng,MD,oncology,Mountain Lakes,NJ,07046,40.890853,-74.442032,22,,0.8920,567
1922299882,Iliya,Mitev,MD,primary-care,Hampton,NJ,08827,40.668424,-74.968377,27,,0.6222,320
1922303189,Mohammad,Ashraf,MD,psychiatry,Hamilton,NJ,08619,40.242301,-74.696408,41,,0.6134,22
1922313907,Emad,Barsoum,MD,cardiology,Toms River,NJ,08755,40.008534,-74.221768,25,98.51,1.6814,548
1922323120,Harmony,Leighton- Seiffer,DO,cardiology,Emerson,NJ,07630,40.974990,-74.023248,16,96.09,0.8909,818
1922356898,Amandeep,Singh,MD,primary-care,Lyndhurst,NJ,07071,40.797113,-74.112980,15,98.51,1.6013,371
1922359652,Hari,Sharma,MD,pulmonology,Nutley,NJ,07110,40.820616,-74.156250,21,,2.3620,281
1922366244,Luai,Tabaza,MD,cardiology,Cherry Hill,NJ,08034,39.906100,-75.000375,16,81.15,1.2799,659
1922366897,Sadia,Ali,MD,primary-care,Elizabeth,NJ,07202,40.652464,-74.216853,15,87.07,0.8762,390
1922368125,Prachi,Thanawala,MD,cardiology,Pennington,NJ,08534,40.329422,-74.792789,14,,0.4414,731
1922374081,Steven,Faschan,DO,primary-care,Berkeley Heights,NJ,07922,40.676590,-74.427022,14,,0.4109,405
1922374750,Nadeem,Ali,MD,pulmonology,Hackensack,NJ,07601,40.889398,-74.045698,16,81.33,1.1573,746
1922377258,Pooja,Tandon,MD,psychiatry,North Bergen,NJ,07047,40.793644,-74.025027,17,,0.6572,39
1922391952,Matthew,Gordon,MD,pulmonology,Marlton,NJ,08053,39.856677,-74.900810,15,81.21,0.8653,541
1922394576,Joseph,Badolato,DO,primary-care,Turnersville,NJ,08012,39.783815,-75.056068,15,,0.9937,236
1922396266,John,Hanna,MD,neurology,Freehold,NJ,07728,40.225793,-74.285785,15,,0.8821,332
1922399070,Rachel,Shur,MD,primary-care,Westfield,NJ,07090,40.651644,-74.343447,15,,1.0550,162
1922419472,Olga,Galper,MD,primary-care,Berkeley Heights,NJ,07922,40.676590,-74.427022,14,,0.4322,511
1922449206,Zeeshan,Khan,MD,primary-care,Freehold,NJ,07728,40.225793,-74.285785,13,,0.6477,87
1922455237,Paavan,Mehta,MD,primary-care,Brick,NJ,08724,40.091032,-74.114395,10,,0.9102,528
1922459353,Cesar,Avalos,MD,primary-care,Madison,NJ,07940,40.760535,-74.419480,11,,3.9847,198
1922494418,Svitlana,Pominov,MD,primary-care,Toms River,NJ,08755,40.008534,-74.221768,18,100,0.5595,511
1922501568,Seri,Kwon,MD,primary-care,Englewood,NJ,07631,40.891197,-73.972515,11,,0.9873,353
1922502889,Rania,Fadlalla,MD,primary-care,Berkeley Heights,NJ,07922,40.676590,-74.427022,20,,0.9645,133
1922505536,Peter,Vitale,DO,primary-care,Clark,NJ,07066,40.620650,-74.309862,8,,1.4976,198
1922532514,Ayesha,Kiran,MD,primary-care,Rahway,NJ,07065,40.607152,-74.280531,12,87.07,0.9435,345
1922532647,Louis,Day,MD,orthopedics,Montclair,NJ,07042,40.813487,-74.219011,9,,1.2296,189
1922537919,Justin,Herrel,MD,primary-care,Brick,NJ,08724,40.091032,-74.114395,11,96.09,0.7190,1000
1922560838,Omar,Al-Turk,MD,primary-care,Montclair,NJ,07042,40.813487,-74.219011,7,68.71,0.8568,695
1922585702,Roshi,Desilva,DO,psychiatry,Pomona,NJ,08240,39.488059,-74.533973,8,,0.7838,142
1922591098,Victoria,Kalawur,MD,primary-care,Belleville,NJ,07109,40.793481,-74.161159,8,100,0.5509,173
1922596758,Nabeel,Qureshi,MD,pulmonology,Brick,NJ,08724,40.091032,-74.114395,8,,0.7254,345
1922598713,Melissa,Coluccio,MD,psychiatry,Pennington,NJ,08534,40.329422,-74.792789,8,,2.2148,25
1922622687,Kishan,Shah,MD,psychiatry,Neptune,NJ,07753,40.210761,-74.074499,6,,0.3158,17
1922627181,Anjuli,Singh,MD,primary-care,Hamilton,NJ,08690,40.225833,-74.660096,6,,1.0957,337
1922629096,Shawn,Gupta,MD,primary-care,Bordentown,NJ,08505,40.135589,-74.707255,6,,0.7527,56
1922636315,Amelia,Pawaroo-Balram,MD,primary-care,North Bergen,NJ,07047,40.793644,-74.025027,9,96.09,1.0225,13
1922636596,John,Wang,MD,psychiatry,Camden,NJ,08103,39.935202,-75.112703,6,96.42,0.6616,28
1922778406,Cristian,Constantinescu,MD,psychiatry,Camden,NJ,08103,39.935202,-75.112703,38,91.83,0.3901,468
1932101755,Mohammad,Memon,MD,cardiology,Edison,NJ,08820,40.576806,-74.365750,52,96.09,1.0546,105
1932103355,Arkadiy,Shraytman,DO,primary-care,Woodland Park,NJ,07424,40.882319,-74.205876,29,,1.0083,854
1932105947,Thomas,Bills,MD,orthopedics,Hamilton,NJ,08691,40.208319,-74.600928,46,,0.6921,366
1932107554,Joseph,Grizzanti,DO,pulmonology,Glen Rock,NJ,07452,40.959471,-74.125202,50,95.05,1.9204,390
1932110970,Brian,Bauer,MD,orthopedics,Teaneck,NJ,07666,40.890317,-74.011478,45,13.71,1.2198,224
1932112133,Deborah,Schnurr,MD,primary-care,Belleville,NJ,07109,40.793481,-74.161159,37,,1.3381,135
1932122819,Edward,Hamaty,DO,primary-care,Atlantic City,NJ,08401,39.377337,-74.451070,44,,3.1710,138
1932125994,Sung Wook,Sun,MD,primary-care,Englewood,NJ,07631,40.891197,-73.972515,32,96.09,1.2449,467
1932130267,Rameck,Hunt,MD,primary-care,Plainsboro,NJ,08536,40.333076,-74.586628,27,,0.6160,38
1932130317,Jason,Lowenstein,MD,orthopedics,Morristown,NJ,07960,40.779235,-74.502462,26,,1.7702,83
1932134608,Renee,Weslow,MD,primary-care,Old Tappan,NJ,07675,41.003484,-74.001753,39,,4.4348,45
1932134855,Nivedita,Sharma,MD,primary-care,Jackson,NJ,08527,40.108665,-74.358602,32,97.07,1.3349,753
1932135696,Mirela,Draganescu,MD,primary-care,Bordentown,NJ,08505,40.135589,-74.707255,29,,0.7852,552
1932139094,Jeffrey,Tokazewski,MD,primary-care,Voorhees,NJ,08043,39.848570,-74.952843,28,,0.7164,376
1932142981,Jayesh,Parikh,MD,pulmonology,Toms River,NJ,08755,40.008534,-74.221768,31,95.44,1.8398,960
1932148327,Omar,Tamimi,MD,gastroenterology,Toms River,NJ,08755,40.008534,-74.221768,39,98.3,0.8516,1011
1932148913,Robert,Kavaler,MD,primary-care,Paramus,NJ,07652,40.947299,-74.070169,34,96.09,1.0398,526
1932149226,Robert,Dimaio,DO,primary-care,Cherry Hill,NJ,08034,39.906100,-75.000375,41,99.52,1.1554,216
1932154861,Dina,Vaynberg,MD,psychiatry,Paramus,NJ,07652,40.947299,-74.070169,,,2.0883,18
1932156924,Michael,Demotte,MD,psychiatry,Atlantic City,NJ,08401,39.377337,-74.451070,26,,0.4638,77
1932168523,Angel,Lazo,MD,primary-care,Warren,NJ,07059,40.634588,-74.519044,41,,1.2400,72
1932175361,Douglas,Ashinsky,MD,primary-care,Warren,NJ,07059,40.634588,-74.519044,42,,0.7866,477
1932175411,Stuart,Mendelson,MD,neurology,West Caldwell,NJ,07006,40.851187,-74.282865,41,,1.2039,569
1932178357,Hemantkumar,Patel,MD,pulmonology,Newark,NJ,07106,40.741768,-74.230452,44,,2.5386,597
1932181351,Victor,Bacani,MD,cardiology,Browns Mills,NJ,08015,39.931536,-74.543720,46,84.95,1.2019,723
1932184728,Anil,Gupta,MD,cardiology,Bayonne,NJ,07002,40.662495,-74.110201,41,85.15,3.6714,83
1932187895,Charles,Spellman,MD,primary-care,Piscataway,NJ,08854,40.539658,-74.462791,32,,0.3666,788
1932190386,Stephen,Lindholm,MD,orthopedics,Maywood,NJ,07607,40.902885,-74.063457,25,,0.9106,165
1932197456,Rajnish,Chawla,MD,primary-care,Mercerville,NJ,08619,40.242301,-74.696408,27,98.51,1.7533,128
1932198942,Marvin,Lipsky,MD,gastroenterology,Berkeley Heights,NJ,07922,40.676590,-74.427022,45,,0.9298,518
1932203171,Jayesh,Patel,MD,primary-care,Somerdale,NJ,08083,39.841307,-75.028613,31,75,1.7762,399
1932211646,Edmund,Karam,MD,cardiology,Neptune,NJ,07753,40.210761,-74.074499,24,86.51,2.8558,1879
1932249943,Bahar,Firoz,MD,dermatology,Somerset,NJ,08873,40.499667,-74.531844,22,88.4,3.1229,280
1932267408,Susan,Levin,MD,primary-care,Ramsey,NJ,07446,41.059136,-74.145931,33,,0.8068,268
1932280526,Arthur,Treiman,MD,primary-care,Sewell,NJ,08080,39.757353,-75.122043,36,,1.3676,158
1932282092,Andrew,Lubas,MD,primary-care,North Arlington,NJ,07031,40.786256,-74.126220,42,52.85,1.7163,237
1932282845,Claudio,Dicovskiy,MD,psychiatry,Paterson,NJ,07514,40.924786,-74.144542,37,,0.5502,17
1932287257,Anthony,Tobia,MD,psychiatry,New Brunswick,NJ,08901,40.483638,-74.442460,30,88.4,0.2042,56
1932292554,Beverly,Demchuk,MD,cardiology,Neptune,NJ,07753,40.210761,-74.074499,40,23.06,1.2555,1343
1932293255,Stephen,Silver,MD,orthopedics,Hackensack,NJ,07601,40.889398,-74.045698,32,81.33,1.1262,162
1932295664,Elena,Raspin,MD,primary-care,Morristown,NJ,07960,40.779235,-74.502462,40,,1.0702,569
1932302924,Sanchita,Gupta,MD,primary-care,Emerson,NJ,07630,40.974990,-74.023248,22,,0.9734,408
1932303583,Aphrodite,Zimmerman,MD,psychiatry,Morristown,NJ,07960,40.779235,-74.502462,21,,0.5094,228
1932304599,Thomas,Blom,MD,oncology,Princeton,NJ,08540,40.364728,-74.656314,24,,11.6748,495
1932318847,Rupen,Parikh,MD,cardiology,Flemington,NJ,08822,40.521995,-74.866644,24,,0.8773,1930
1932336559,Shafaq,Bokhari,MD,primary-care,Pennington,NJ,08534,40.329422,-74.792789,25,,0.7085,163
1932352812,Jason,Ricks,MD,primary-care,Morristown,NJ,07960,40.779235,-74.502462,19,,1.3217,422
1932360112,Kristin,Wong,MD,primary-care,Newark,NJ,07103,40.738852,-74.195264,18,,0.7953,29
1932360617,Vimal,Patel,MD,oncology,New Brunswick,NJ,08901,40.483638,-74.442460,21,88.4,0.8069,72
1932373818,Gregory,Kirwan,DO,orthopedics,Egg Harbor Township,NJ,08234,39.388393,-74.620728,19,44.55,0.6194,614
1932375136,Pallavi,Velagapudi,MD,primary-care,Voorhees,NJ,08043,39.848570,-74.952843,26,81.15,1.1240,538
1932381035,Ketan,Gala,MD,cardiology,Mount Laurel,NJ,08054,39.948992,-74.900247,19,91.83,1.8034,206
1932388931,Nehabahen,Shah,MD,primary-care,Edison,NJ,08820,40.576806,-74.365750,27,96.09,3.1119,345
1932414620,Sara,Leonard,MD,primary-care,Livingston,NJ,07039,40.785828,-74.329100,16,,0.4683,214
1932415320,Farhan,Qadeer,MD,primary-care,Somers Point,NJ,08244,39.315511,-74.598278,20,,1.5564,298
1932444940,Theodore,Maglione,MD,cardiology,New Brunswick,NJ,08901,40.483638,-74.442460,16,88.4,0.1690,2830
1932446374,Miaoying,Zhang,MD,primary-care,East Brunswick,NJ,08816,40.429119,-74.416287,16,,1.7775,112
1932456951,Suruchi,Desai,MD,primary-care,Edison,NJ,08820,40.576806,-74.365750,15,87.07,0.9429,310
1932479094,Rahman,Subrati,MD,primary-care,Montville,NJ,07045,40.906942,-74.365608,16,,1.4814,348
1932481546,Ullanda,Fyffe,MD,primary-care,Cliffside Park,NJ,07010,40.822052,-73.987938,16,96.09,1.2515,70
1932491339,Sami,Saba,MD,neurology,Livingston,NJ,07039,40.785828,-74.329100,15,98.51,0.7943,213
1932497856,Bassel,Noumi,MD,pulmonology,Clifton,NJ,07011,40.880427,-74.143246,21,75,1.4160,842
1932512357,Alexander,Kowalski,DO,primary-care,Turnersville,NJ,08012,39.783815,-75.056068,12,,0.7443,129
1932516325,Islamiyat,Babs Animashaun,MD,cardiology,Morristown,NJ,07960,40.779235,-74.502462,13,,0.3393,588
1932527058,Shakil,Shaikh,DO,cardiology,Hamilton,NJ,08690,40.225833,-74.660096,12,,1.1584,977
1932556842,Khadijatul,Kobra,DO,primary-care,Atlantic City,NJ,08401,39.377337,-74.451070,10,,0.4486,438
1932562345,Shahan,Sibtain,MD,psychiatry,Paramus,NJ,07652,40.947299,-74.070169,14,,0.6664,237
1932595121,Arvind,Bhasker,MD,psychiatry,Hamilton,NJ,08619,40.242301,-74.696408,7,96.91,1.8883,45
1932595170,Aleksandr,Yakubov,DO,primary-care,Camden,NJ,08103,39.935202,-75.112703,11,91.83,0.5868,133
1932596012,Parul,Kakar,MD,cardiology,Berkeley Heights,NJ,07922,40.676590,-74.427022,11,,0.6009,318
1932605581,Megan,Mcquarrie,MD,primary-care,Ocean City,NJ,08226,39.263784,-74.607753,8,,1.1574,513
1932634037,Judy,Diep,MD,neurology,Cherry Hill,NJ,08002,39.934605,-75.025389,9,91.83,0.9352,80
1932636206,Emily,Hiltner,MD,cardiology,East Brunswick,NJ,08816,40.429119,-74.416287,9,98.51,1.1388,768
1932661287,Tara,Jennings,MD,dermatology,Marlton,NJ,08053,39.856677,-74.900810,7,91.83,2.3248,137
1932661618,Teresa,Coyle,DO,primary-care,Cherry Hill,NJ,08002,39.934605,-75.025389,7,,0.7780,162
1932738325,Ali,Choudhry,MD,primary-care,Freehold,NJ,07728,40.225793,-74.285785,8,,0.5321,46
1932762077,Jonathan,Edelstein,MD,primary-care,Camden,NJ,08103,39.935202,-75.112703,7,99.52,0.7684,269
1932766474,Eunice,Kim,DO,primary-care,Palisades Park,NJ,07650,40.847017,-73.997061,7,,0.8346,212
1932775038,Aditya,Sapasetty,DO,primary-care,Camden,NJ,08103,39.935202,-75.112703,5,,0.8111,28
1932787553,Elizabeth,Chelius,DO,primary-care,Cherry Hill,NJ,08003,39.885852,-74.971145,5,,0.3930,66
1932789336,Cecilia,Baradhi Garduno,DO,primary-care,Lawrence Township,NJ,08648,40.284490,-74.717487,5,,0.5943,39
1942200472,Gilberto,Gastell,MD,primary-care,Union City,NJ,07087,40.767224,-74.032429,46,,1.8282,672
1942209028,Marcy,Goldstein,MD,dermatology,Paramus,NJ,07652,40.947299,-74.070169,36,,0.6120,860
1942217328,Emmanuel,Hriso,MD,psychiatry,Woodbridge,NJ,07095,40.552857,-74.286939,44,22.79,1.1593,234
1942218607,Sherie,Novotny,MD,psychiatry,Piscataway,NJ,08854,40.539658,-74.462791,34,88.4,0.6009,33
1942220306,Ripka,Sethi,MD,primary-care,Livingston,NJ,07039,40.785828,-74.329100,24,98.51,0.4639,267
1942221940,Vijaya,Tirunahari,MD,pulmonology,Edison,NJ,08820,40.576806,-74.365750,32,81.33,1.3494,614
1942221957,Mark,Risi,DO,primary-care,Robbinsville,NJ,08691,40.208319,-74.600928,37,,0.5943,369
1942227996,Ephrem,Paradela,MD,primary-care,Egg Harbor Township,NJ,08234,39.388393,-74.620728,35,,0.9690,349
1942229455,Arvind,Aggarwal,MD,primary-care,Dover,NJ,07801,40.901125,-74.564783,26,,0.7339,681
1942238225,Joseph,Roth,MD,gastroenterology,Clifton,NJ,07013,40.869405,-74.173062,45,69.33,1.2767,411
1942238654,Alan,Briker,MD,primary-care,Emerson,NJ,07630,40.974990,-74.023248,55,,0.5821,376
1942240551,Brian,Schactman,MD,primary-care,Berkeley Heights,NJ,07922,40.676590,-74.427022,31,,1.6183,681
1942242748,Scott,Kolander,MD,primary-care,Ewing,NJ,08628,40.264418,-74.827047,44,96.91,1.1981,287
1942243035,Yujeong,Choi,MD,gastroenterology,Red Bank,NJ,07701,40.360509,-74.078952,27,98.3,0.8062,759
1942244827,Jen,Lee,MD,orthopedics,Teaneck,NJ,07666,40.890317,-74.011478,34,,1.2839,485
1942247333,August,Wreiole,DO,primary-care,Long Branch,NJ,07740,40.295372,-73.989899,50,,3.1919,80
1942255286,Nicholas,De Maria,MD,primary-care,Sicklerville,NJ,08081,39.732848,-74.976641,46,,1.1835,389
1942257290,Ren,Zhou,MD,primary-care,Metuchen,NJ,08840,40.543139,-74.358981,38,,2.7288,275
1942257787,Rajasree,Ajay,MD,oncology,Galloway,NJ,08205,39.482000,-74.452637,37,75,10.1811,569
1942260690,Samuel,Dower,MD,endocrinology,Livingston,NJ,07039,40.785828,-74.329100,45,37.18,1.7787,953
1942267158,Michelle,Reisner,MD,primary-care,Bayonne,NJ,07002,40.662495,-74.110201,43,,1.7168,333
1942268412,Paul,Gennaro,MD,neurology,Eatontown,NJ,07724,40.298625,-74.074178,47,75,1.0977,159
1942270848,Derrick,Brown,MD,primary-care,Brick,NJ,08723,40.038584,-74.111600,32,96.09,0.7130,599
1942271283,Jeffrey,Koretzky,MD,primary-care,Howell,NJ,07731,40.149537,-74.203987,33,22.36,2.4968,368
1942274949,Terry,Polt,MD,primary-care,Clinton,NJ,08809,40.646036,-74.924609,28,,0.2040,43
1942280409,Jeffrey,Kargman,MD,psychiatry,Sea Girt,NJ,08750,40.133372,-74.041501,45,,1.6874,75
1942282306,Narcisa,Murillo,MD,primary-care,Clifton,NJ,07011,40.880427,-74.143246,40,,1.5621,62
1942285549,John,Mcdonough,MD,primary-care,Flemington,NJ,08822,40.521995,-74.866644,36,,1.5261,149
1942287495,Saritha,Regulapati,MD,primary-care,Monmouth Junction,NJ,08852,40.389909,-74.544087,30,,1.4929,44
1942292578,Timothy,Morris,DO,cardiology,Sewell,NJ,08080,39.757353,-75.122043,37,81.15,1.4053,515
1942293881,Stephen,Wong,MD,neurology,Flemington,NJ,08822,40.521995,-74.866644,26,,0.6561,681
1942297866,Alan,Mushnick,MD,gastroenterology,Voorhees,NJ,08043,39.848570,-74.952843,46,81.15,1.5646,446
1942297908,Robert,Kipperman,MD,cardiology,Morristown,NJ,07960,40.779235,-74.502462,45,,1.7938,513
1942330998,Eric,Uhrik,DO,neurology,East Brunswick,NJ,08816,40.429119,-74.416287,37,,2.8052,122
1942333885,Aysha,Seeni,MD,primary-care,Monroe,NJ,08831,40.334341,-74.432502,27,96.09,1.1658,242
1942341458,Irving,Kaufman,MD,primary-care,Somerset,NJ,08873,40.499667,-74.531844,43,24.38,2.5658,342
1942346432,Todd,Schmoll,DO,primary-care,Long Beach Township,NJ,08008,39.623538,-74.206089,34,96.09,0.8566,811
1942357025,Mohnish,Ramani,MD,orthopedics,Edison,NJ,08837,40.514281,-74.343859,30,36.72,1.1172,307
1942357595,Nina,Safa,MD,primary-care,Englewood,NJ,07631,40.891197,-73.972515,28,96.09,1.0328,432
1942359021,Lawrence,Rosenthal,MD,gastroenterology,West Orange,NJ,07052,40.785755,-74.265058,25,98.51,0.7806,577
1942360235,Eric,Brezina,MD,primary-care,Warren,NJ,07059,40.634588,-74.519044,25,,0.6539,235
1942367032,Heidi,Vidal,MD,psychiatry,Glassboro,NJ,08028,39.692129,-75.124675,32,,1.2391,116
1942369947,Kishore,Ratkalkar,MD,pulmonology,Old Bridge,NJ,08857,40.392789,-74.330397,46,96.09,0.8800,398
1942375654,Dmitry,Gorelik,MD,cardiology,Tenafly,NJ,07670,40.918309,-73.950523,25,,1.1475,179
1942388228,Komal,Shah,MD,psychiatry,Hampton,NJ,08827,40.668424,-74.968377,33,98.51,0.5835,86
1942390869,Sarada,Gurubhagavatula,MD,oncology,Belleville,NJ,07109,40.793481,-74.161159,28,,0.9798,385
1942391313,Philip,Dennis,MD,primary-care,Freehold,NJ,07728,40.225793,-74.285785,25,,1.9976,52
1942395108,Ehab,Ibrahim,MD,primary-care,Teaneck,NJ,07666,40.890317,-74.011478,31,,1.3896,384
1942399365,Paul,Lacava,MD,primary-care,Princeton,NJ,08540,40.364728,-74.656314,30,,1.3851,677
1942400205,Nicole,Hancq,MD,primary-care,Mount Laurel,NJ,08054,39.948992,-74.900247,20,99.52,1.1852,218
1942402664,Monica,Centanni,MD,primary-care,Morristown,NJ,07960,40.779235,-74.502462,24,,0.7280,1080
1942411194,Robert,Berberian,MD,primary-care,Teaneck,NJ,07666,40.890317,-74.011478,25,,2.7714,110
1942437561,Michael,Pensak,MD,orthopedics,Toms River,NJ,08755,40.008534,-74.221768,17,75,0.7051,767
1942439625,Simarjit,Singh,MD,primary-care,Pompton Plains,NJ,07444,40.967407,-74.306967,17,21.96,0.6270,1888
1942452172,Asu,Rustemli,MD,cardiology,Toms River,NJ,08755,40.008534,-74.221768,28,93.31,1.9938,515
1942460514,Jack,Quinlan,MD,cardiology,Vineland,NJ,08360,39.492354,-75.003447,24,,1.1546,1314
1942461033,Heidi,Hullinger,MD,orthopedics,Summit,NJ,07901,40.714923,-74.366372,18,,0.7800,217
1942464581,Suelyn,Boucree,MD,primary-care,Hackensack,NJ,07601,40.889398,-74.045698,20,96.09,1.3015,20
1942468392,Adriana,Ros,MD,dermatology,Clifton,NJ,07013,40.869405,-74.173062,24,42.6,1.1160,570
1942486568,Rekha,Miryala,MD,primary-care,Montclair,NJ,07042,40.813487,-74.219011,27,96.09,2.3402,221
1942519004,Tulin,Budak Alpdogan,MD,oncology,Camden,NJ,08103,39.935202,-75.112703,39,91.83,0.3977,271
1942538715,Ahmed,Seman,MD,primary-care,Jersey City,NJ,07302,40.718808,-74.044634,29,,4.3891,152
1942575253,Laury,Rosefort,MD,primary-care,Montclair,NJ,07042,40.813487,-74.219011,14,,0.6238,86
1942576954,Rui,Wang,MD,oncology,Montvale,NJ,07645,41.054594,-74.047298,20,80.37,0.5194,189
1942590609,Danielle,Ponzio,MD,orthopedics,Egg Harbor Township,NJ,08234,39.388393,-74.620728,15,92.57,1.3750,736
1942596564,Syrita,Farrow,DO,primary-care,Voorhees,NJ,08043,39.848570,-74.952843,15,81.99,0.4938,548
1942597588,Aakash,Aggarwal,MD,gastroenterology,Hackensack,NJ,07601,40.889398,-74.045698,16,90.91,1.2670,445
1942599352,Shauhab,Chaudhry,MD,primary-care,Edison,NJ,08820,40.576806,-74.365750,16,,0.8302,14
1942633656,Carolina,Pinzon Escobar,MD,pulmonology,Jersey City,NJ,07302,40.718808,-74.044634,13,,1.0917,182
1942636386,Julia,Shih,MD,primary-care,Camden,NJ,08103,39.935202,-75.112703,13,91.83,0.6331,177
1942648738,Rita,Butler,MD,cardiology,Voorhees,NJ,08043,39.848570,-74.952843,13,81.15,1.4327,220
1942650098,Isha,Suthar,DO,primary-care,Morristown,NJ,07960,40.779235,-74.502462,10,81.15,0.8517,122
1942651393,Hafsa,Farooq,MD,oncology,Belleville,NJ,07109,40.793481,-74.161159,13,80.53,1.5588,213
1942659578,Meet,Parikh,DO,primary-care,South Plainfield,NJ,07080,40.574413,-74.414800,10,88.88,1.0319,173
1942667621,Basil,Taha,MD,primary-care,Paterson,NJ,07503,40.897548,-74.154121,13,,1.1254,48
1942676457,Steffi,Lena,DO,primary-care,Old Bridge,NJ,08857,40.392789,-74.330397,11,96.09,1.0765,823
1942720867,Kevin,Lemaire,DO,psychiatry,Jersey City,NJ,07302,40.718808,-74.044634,9,98.51,1.0626,60
1942725049,Mangaiyarkkarasi,Sivakumar,MD,primary-care,Dayton,NJ,08810,40.368285,-74.490999,6,,0.8138,48
1942734173,Joseph,Moran,DO,pulmonology,Marlton,NJ,08053,39.856677,-74.900810,9,,0.7344,262
1942735881,Sara,Ancona,MD,primary-care,Cherry Hill,NJ,08003,39.885852,-74.971145,9,,0.5942,414
1942736475,Anas,Salem,MD,primary-care,Boonton,NJ,07005,40.930350,-74.411123,10,,0.7232,683
1942741384,Jaffer,Ahmed,MD,neurology,Somerset,NJ,08873,40.499667,-74.531844,9,86.77,1.3912,542
1942791728,Carlos,Perez,MD,primary-care,Elizabeth,NJ,07208,40.672913,-74.224047,8,,1.4232,67
1942793187,Fawaz,Anwar,MD,primary-care,Glassboro,NJ,08028,39.692129,-75.124675,8,99.52,0.6981,291
1942797295,Sundara,Kesiraju,MD,primary-care,Pennington,NJ,08534,40.329422,-74.792789,5,,0.8260,105
1942799085,Yiping,Xing,MD,dermatology,Paramus,NJ,07652,40.947299,-74.070169,8,92.76,0.6416,267
1942837596,Angel,Reyes Diaz,MD,primary-care,Northfield,NJ,08225,39.358340,-74.536312,7,,0.6305,203
1952310930,Elisabeth,Horowitz,MD,endocrinology,Mount Laurel,NJ,08054,39.948992,-74.900247,45,,1.1467,87
1952320962,Eric,Huang,MD,dermatology,Berkeley Heights,NJ,07922,40.676590,-74.427022,24,,0.5699,1035
1952321077,Pratik,Patel,MD,pulmonology,Newark,NJ,07112,40.711391,-74.211683,24,100,1.1252,155
1952322588,Thomas,Obrien,MD,primary-care,Toms River,NJ,08755,40.008534,-74.221768,43,75,0.4927,427
1952325334,Thomas,Marzili,MD,primary-care,Marlton,NJ,08053,39.856677,-74.900810,36,20.12,1.0914,534
1952331407,Victor,Mellul,MD,dermatology,Cherry Hill,NJ,08034,39.906100,-75.000375,43,,1.1881,530
1952335309,Joseph,Pollak,MD,primary-care,Hoboken,NJ,07030,40.745251,-74.027926,45,,5.4349,75
1952340077,Nicole,Leo,DO,primary-care,Marmora,NJ,08223,39.269520,-74.657118,23,,0.9227,272
1952341232,Marjorie,Gonzales,MD,primary-care,Mercerville,NJ,08619,40.242301,-74.696408,38,98.51,1.8140,251
1952341711,Sonia,Chadha,MD,primary-care,Paramus,NJ,07652,40.947299,-74.070169,25,,2.0940,76
1952344632,Yelena,German,MD,cardiology,Voorhees,NJ,08043,39.848570,-74.952843,38,78.75,0.6822,440
1952345845,Ronald,Berna,MD,primary-care,Moorestown,NJ,08057,39.979658,-74.941308,37,21.68,1.3190,597
1952347619,Sandip,Parikh,MD,primary-care,Brick,NJ,08723,40.038584,-74.111600,39,94.83,3.1500,166
1952355356,Adriana,Katz,MD,endocrinology,Hackensack,NJ,07601,40.889398,-74.045698,40,75,2.5900,473
1952357766,Robert,Reff,MD,psychiatry,Montclair,NJ,07042,40.813487,-74.219011,45,,2.7165,15
1952359960,Therese,Barry,DO,primary-care,Forked River,NJ,08731,39.859886,-74.292741,30,,1.0000,258
1952360240,Ronald,Strobel,MD,cardiology,Englewood,NJ,07631,40.891197,-73.972515,41,96.09,0.6166,1239
1952360273,George,Long,MD,primary-care,Edison,NJ,08820,40.576806,-74.365750,42,,3.2011,91
1952361784,Luis,Jaramillo,MD,primary-care,West New York,NJ,07093,40.786704,-74.008909,40,,1.6090,56
1952370819,Janardhan,Bollu,MD,gastroenterology,Paterson,NJ,07503,40.897548,-74.154121,49,,1.3686,135
1952371734,Alexander,Goldberg,MD,primary-care,Ewing,NJ,08618,40.249340,-74.789968,48,,0.9649,355
1952372468,Philip,Simone,MD,primary-care,Matawan,NJ,07747,40.413250,-74.257674,29,,0.9432,175
1952375743,Dana,Tarina,MD,primary-care,Neptune,NJ,07753,40.210761,-74.074499,28,96.09,1.2076,184
1952381287,Pranay,Bhatt,MD,primary-care,Bloomfield,NJ,07003,40.809141,-74.187142,26,,1.9587,335
1952383275,Jinhan,Chi,MD,primary-care,Parsippany,NJ,07054,40.853767,-74.401574,42,,2.5158,345
1952385692,Imran,Fayyaz,MD,gastroenterology,Hamilton,NJ,08690,40.225833,-74.660096,39,,0.8809,539
1952398588,Priya,Sivaraman,MD,primary-care,Wayne,NJ,07470,40.945855,-74.245077,28,,1.6779,160
1952400012,Erine,Kupetsky,DO,dermatology,Lawrenceville,NJ,08648,40.284490,-74.717487,21,,0.9390,114
1952401630,Cynthia,Griech-Mccleery,MD,gastroenterology,Mount Laurel,NJ,08054,39.948992,-74.900247,35,91.83,0.6856,600
1952402398,Ashraf,Mansour,MD,primary-care,Elizabeth,NJ,07202,40.652464,-74.216853,42,,1.8699,64
1952410458,Indrani,Sen Hightower,MD,neurology,Sewell,NJ,08080,39.757353,-75.122043,27,83.53,0.9896,182
1952411340,Amos,Katz,MD,neurology,Eatontown,NJ,07724,40.298625,-74.074178,47,,0.6671,94
1952412678,Lee,Gardner,MD,psychiatry,Englewood,NJ,07631,40.891197,-73.972515,,,10.2971,13
1952414849,Normita,Narvaez,MD,primary-care,Bloomfield,NJ,07003,40.809141,-74.187142,47,,1.4527,63
1952415705,Avery,Kuflik,MD,dermatology,Toms River,NJ,08755,40.008534,-74.221768,33,100,3.3509,766
1952416588,Paul,Prosperi,DO,primary-care,Ship Bottom,NJ,08008,39.623538,-74.206089,31,,1.1828,775
1952441438,Nauman,Ahmad,MD,primary-care,Red Bank,NJ,07701,40.360509,-74.078952,26,85,0.8118,563
1952453839,Paul,Defranco,DO,primary-care,Wayne,NJ,07470,40.945855,-74.245077,26,82.88,3.3009,561
1952458903,Edward,Suczewski,MD,primary-care,Bayonne,NJ,07002,40.662495,-74.110201,44,,1.4942,157
1952459554,Deborah,Matro,MD,psychiatry,Metuchen,NJ,08840,40.543139,-74.358981,54,,3.5829,20
1952462186,Barbara,Mcgarry,MD,primary-care,New Brunswick,NJ,08901,40.483638,-74.442460,38,,0.5940,127
1952474520,Arthur,Santora,MD,endocrinology,New Brunswick,NJ,08901,40.483638,-74.442460,48,88.4,0.4268,36
1952475022,Sheldon,Lin,MD,orthopedics,Newark,NJ,07103,40.738852,-74.195264,37,,1.4635,83
1952480717,Sarah,Young,MD,psychiatry,Piscataway,NJ,08854,40.539658,-74.462791,39,,0.7797,70
1952491854,Weizheng,Wang,MD,gastroenterology,Newark,NJ,07103,40.738852,-74.195264,43,,1.1049,144
1952494940,Laura,Janes,DO,primary-care,Atlantic City,NJ,08401,39.377337,-74.451070,30,,0.7212,296
1952505398,Mark,Pizzurro,MD,orthopedics,Ridgewood,NJ,07450,40.981591,-74.113506,26,75,1.2784,601
1952509820,James,Lee,MD,orthopedics,Wayne,NJ,07470,40.945855,-74.245077,24,,1.1540,210
1952511875,Clifton,Lacy,MD,cardiology,New Brunswick,NJ,08901,40.483638,-74.442460,47,88.4,0.7087,13
1952515264,Darshan,Godkar,MD,cardiology,Hackettstown,NJ,07840,40.860045,-74.831795,27,55.5,4.4219,1263
1952515546,Mervet,Asfour,MD,primary-care,Totowa,NJ,07512,40.903415,-74.219779,23,,1.4357,141
1952517963,Gregory,Klingenstein,MD,orthopedics,Voorhees,NJ,08043,39.848570,-74.952843,21,81.15,1.0046,597
1952518862,Matthew,Brace,MD,primary-care,Voorhees,NJ,08043,39.848570,-74.952843,21,,0.8539,284
1952522732,Aysha,Khalid,MD,oncology,Jersey City,NJ,07302,40.718808,-74.044634,25,100,4.0340,534
1952528432,Kavita,Kewalramani,MD,primary-care,New Providence,NJ,07974,40.696919,-74.403853,36,,0.8828,28
1952532327,Ramneek,Singh,MD,primary-care,Voorhees,NJ,08043,39.848570,-74.952843,24,,0.7515,377
1952545840,Lourdes,Silva,DO,primary-care,Newark,NJ,07105,40.723066,-74.138636,20,,1.5272,175
1952551509,Dina,Dabaj,MD,primary-care,Hoboken,NJ,07030,40.745251,-74.027926,25,95.05,1.0787,275
1952556326,Ghalia,Hanif,MD,primary-care,East Windsor,NJ,08520,40.255800,-74.539882,31,,0.5568,106
1952568248,Swee Jian,Ngeow,MD,oncology,Flemington,NJ,08822,40.521995,-74.866644,27,100,7.4582,415
1952578627,Michael,Shindle,MD,orthopedics,Bayonne,NJ,07002,40.662495,-74.110201,22,,1.0627,339
1952593816,Karine,Airapetian,MD,psychiatry,Paramus,NJ,07652,40.947299,-74.070169,39,,1.2280,398
1952613598,Domenick,Sportelli,DO,psychiatry,Denville,NJ,07834,40.886460,-74.487584,17,,0.5439,176
1952629925,Jennilee,Trinidad,MD,primary-care,Morristown,NJ,07960,40.779235,-74.502462,16,,1.4498,527
1952631715,Christopher,Richards,MD,psychiatry,Fort Lee,NJ,07024,40.850640,-73.971007,22,,7.9191,14
1952660532,John,Shenouda,MD,cardiology,Brick,NJ,08724,40.091032,-74.114395,15,,1.3426,910
1952661514,Danit,Brahver,MD,primary-care,Berkeley Heights,NJ,07922,40.676590,-74.427022,14,,1.1302,45
1952663718,Li,Sun,DO,orthopedics,Matawan,NJ,07747,40.413250,-74.257674,14,,0.4236,27
1952665200,Anna,Pudinak,MD,primary-care,Clifton,NJ,07013,40.869405,-74.173062,31,,2.0654,82
1952668824,Bruce,Smith,MD,primary-care,Camden,NJ,08103,39.935202,-75.112703,14,99.52,0.7499,255
1952669970,Anish,Patel,MD,gastroenterology,New Brunswick,NJ,08901,40.483638,-74.442460,14,,0.8341,352
1952681199,Frank,Evans,MD,cardiology,Bayonne,NJ,07002,40.662495,-74.110201,16,85.15,3.0272,279
1952697070,Jodie,Bachman,DO,primary-care,Madison,NJ,07940,40.760535,-74.419480,15,,2.3204,172
1952716805,Cynthia,Kos,DO,cardiology,Neptune,NJ,07753,40.210761,-74.074499,13,95.33,1.6061,313
1952720310,Khaled,Abu Ihweij,MD,pulmonology,Hackensack,NJ,07601,40.889398,-74.045698,12,,0.6417,284
1952720807,Shil,Patel,DO,gastroenterology,Hackensack,NJ,07601,40.889398,-74.045698,12,,1.2209,624
1952723132,Deborah,Kim,MD,pulmonology,New Brunswick,NJ,08901,40.483638,-74.442460,15,98.51,0.8783,260
1952740185,Michael,Donaire,MD,primary-care,Somerset,NJ,08873,40.499667,-74.531844,18,,1.1957,36
1952798241,Venkat Raghavender,Venna,MD,primary-care,Voorhees,NJ,08043,39.848570,-74.952843,15,86.51,0.7235,308
1952803447,Barkha,Bhandari,MD,primary-care,Toms River,NJ,08755,40.008534,-74.221768,10,87.07,1.0169,241
1952806606,Michael,Silverman,MD,cardiology,West Orange,NJ,07052,40.785755,-74.265058,8,98.51,0.6435,460
1952821456,Tahir,Raza,MD,primary-care,Plainsboro,NJ,08536,40.333076,-74.586628,10,,0.9061,972
1952822595,Thomas,Wall,MD,primary-care,Blackwood,NJ,08012,39.783815,-75.056068,9,99.52,1.1790,146
1952832164,Emmet,Fenichel,MD,primary-care,Point Pleasant Boro,NJ,08742,40.080812,-74.059117,10,96.09,0.8168,359
1952840621,Aviva,Cohn,MD,endocrinology,New Brunswick,NJ,08901,40.483638,-74.442460,11,88.4,0.8375,139
1952864662,Mary,Morgan,MD,primary-care,Newark,NJ,07103,40.738852,-74.195264,7,,1.1460,118
1952890923,Christopher,Vandenberg,MD,primary-care,Atlantic City,NJ,08401,39.377337,-74.451070,5,,0.8854,337
1952898140,Kumar,Patel,MD,primary-care,Rahway,NJ,07065,40.607152,-74.280531,13,98.51,2.4316,306
1952938987,Sophia,Zhang,MD,dermatology,Hackensack,NJ,07601,40.889398,-74.045698,6,100,0.7803,22
1952939464,Mahwish,Khan,MD,primary-care,East Brunswick,NJ,08816,40.429119,-74.416287,8,98.51,0.9090,266
1952965675,Abdelrhman,Abo Zed,MD,primary-care,Newark,NJ,07103,40.738852,-74.195264,7,85.76,2.0577,193
1952989949,Gabriella,Vitiello,MD,primary-care,Toms River,NJ,08755,40.008534,-74.221768,5,,0.8443,155
1962021246,Kirtan,Patel,DO,primary-care,Berkeley Heights,NJ,07922,40.676590,-74.427022,6,,0.9874,203
1962038760,Jennifer,Racanelli,DO,dermatology,Closter,NJ,07624,40.972890,-73.960315,6,,0.6566,73
1962038877,Zachary,Bakun,MD,primary-care,Rahway,NJ,07065,40.607152,-74.280531,6,,0.9780,304
1962039073,Ravin,Patel,DO,primary-care,Vineland,NJ,08360,39.492354,-75.003447,6,,0.3757,48
1962065276,Christopher,Biggiani,MD,primary-care,Pompton Plains,NJ,07444,40.967407,-74.306967,7,,0.6252,111
1962066126,Maria,Khan,MD,primary-care,Freehold,NJ,07728,40.225793,-74.285785,14,76.17,0.8115,370
1962080960,Maria Rita,Anache Tempera,DO,primary-care,Verona,NJ,07044,40.832468,-74.242863,5,,0.4362,24
1962400119,Russel,Gura,MD,primary-care,Englewood,NJ,07631,40.891197,-73.972515,31,,0.9881,501
1962408856,Michael,Duch,MD,orthopedics,Trenton,NJ,08619,40.242301,-74.696408,36,98.51,1.1812,430
1962409391,Anthony,Denoia,MD,primary-care,Atlantic Highlands,NJ,07716,40.402402,-74.036306,54,,1.7095,495
1962416776,Arthur,Antler,MD,gastroenterology,Hoboken,NJ,07030,40.745251,-74.027926,51,95.05,0.8281,556
1962419838,Manickam,Ganesh,MD,primary-care,West Orange,NJ,07052,40.785755,-74.265058,56,,4.8526,112
1962420281,Raymond,Villongco,MD,primary-care,Teaneck,NJ,07666,40.890317,-74.011478,37,,1.9951,131
1962426338,Andrew,Blumenthal,MD,primary-care,Voorhees,NJ,08043,39.848570,-74.952843,29,,0.8980,71
1962427922,Nahid,Memon,MD,primary-care,Plainsboro,NJ,08536,40.333076,-74.586628,33,,1.7515,59
1962428169,Ravindra,Patel,MD,cardiology,Old Bridge,NJ,08857,40.392789,-74.330397,49,96.09,0.7094,2294
1962430371,Peter,Carrazzone,MD,primary-care,Hawthorne,NJ,07506,40.956957,-74.158561,44,,1.4759,457
1962432542,Lijing,Shen,MD,primary-care,Edison,NJ,08820,40.576806,-74.365750,37,,2.7825,818
1962438036,Ashok,Kumar,MD,cardiology,East Brunswick,NJ,08816,40.429119,-74.416287,56,84.37,1.6346,208
1962442210,Boris,Livshits,MD,primary-care,Elmwood Park,NJ,07407,40.904526,-74.119514,43,77.58,1.1998,316
1962443135,Howard,Katz,DO,primary-care,Colts Neck,NJ,07722,40.287799,-74.166807,33,,0.9682,207
1962443606,Zachary,Post,MD,orthopedics,Egg Harbor Township,NJ,08234,39.388393,-74.620728,24,92.57,1.3827,863
1962445494,Sergio,Sanchez,MD,primary-care,New Brunswick,NJ,08901,40.483638,-74.442460,43,,1.1502,66
1962455063,Jared,Gold,MD,gastroenterology,Englishtown,NJ,07726,40.286506,-74.342547,26,98.3,0.8889,640
1962460196,Karim,Khimani,MD,primary-care,Newark,NJ,07112,40.711391,-74.211683,44,98.51,2.3576,312
1962461400,Sharon,Galvin,MD,dermatology,Glen Rock,NJ,07452,40.959471,-74.125202,41,94.17,1.1333,897
1962464495,Tanveer,Ahmad,MD,cardiology,Lakewood,NJ,08701,40.077069,-74.198510,44,75,2.6168,2608
1962473108,Mary,Odonnell,MD,primary-care,Woodbridge,NJ,07095,40.552857,-74.286939,32,,0.8786,464
1962473884,Inessa,Grinblat,MD,primary-care,Manalapan,NJ,07726,40.286506,-74.342547,35,99.01,6.4598,207
1962475285,Richard,Leeds,MD,cardiology,Bridgewater,NJ,08807,40.592434,-74.618840,45,,0.8719,1227
1962475566,Bernard,Aaron,MD,gastroenterology,Brick,NJ,08724,40.091032,-74.114395,57,98.3,0.6149,194
1962476903,Alexander,Salerno,MD,primary-care,East Orange,NJ,07017,40.771918,-74.207082,28,,3.4232,812
1962478776,Manish,Saini,MD,primary-care,Toms River,NJ,08755,40.008534,-74.221768,31,,3.6265,459
1962478826,David,Schlessel,MD,cardiology,Voorhees,NJ,08043,39.848570,-74.952843,36,81.15,0.5048,1008
1962481432,Peter,Cook,MD,primary-care,Bridgewater,NJ,08807,40.592434,-74.618840,35,,0.3117,74
1962484501,Geralyn,Ponzio,MD,primary-care,Hamburg,NJ,07419,41.154156,-74.570010,25,,1.4622,785
1962490243,Anthony,Jennings,MD,endocrinology,Cherry Hill,NJ,08034,39.906100,-75.000375,56,23.05,0.8225,424
1962492009,Joseph,Mannion,MD,primary-care,Avon By The Sea,NJ,07717,40.191418,-74.015105,38,,0.4057,50
1962499012,Mark,Levitsky,MD,orthopedics,Vineland,NJ,08360,39.492354,-75.003447,51,,0.7233,189
1962507251,Assif,Rozovsky,MD,gastroenterology,Brick,NJ,08724,40.091032,-74.114395,38,98.3,0.8895,1002
1962508176,David,Zykorie,MD,psychiatry,Manasquan,NJ,08736,40.120018,-74.053257,57,,3.1148,74
1962509265,Jayeshkumar,Patel,MD,primary-care,Jersey City,NJ,07306,40.736294,-74.071128,35,,2.1703,593
1962524975,Khalid,Tabbarah,MD,neurology,Newark,NJ,07112,40.711391,-74.211683,26,98.51,1.0513,112
1962529388,Ahsanuddin,Ahmad,MD,cardiology,Morristown,NJ,07960,40.779235,-74.502462,21,,1.2031,645
1962548727,Fidel,Lim,MD,primary-care,Jersey City,NJ,07305,40.693004,-74.069650,44,,3.2865,15
1962574962,Francis,Murdaco,MD,primary-care,Union City,NJ,07087,40.767224,-74.032429,48,,1.3835,244
1962580514,William,Matarese,MD,orthopedics,Wayne,NJ,07470,40.945855,-74.245077,43,75,0.8185,751
1962583062,Joan,Noroff,MD,dermatology,Jersey City,NJ,07306,40.736294,-74.071128,53,,1.4983,197
1962586321,Donald,Tsay,MD,primary-care,Columbia,NJ,07832,40.944578,-75.067346,29,,1.5150,221
1962586396,Monette,Tresvalles,MD,primary-care,Whiting,NJ,08759,39.961826,-74.359828,35,75,5.0720,296
1962591586,Steven,Bromley,MD,neurology,Audubon,NJ,08106,39.890992,-75.073329,28,86.21,24.4086,500
1962591735,Wayne,Berberian,MD,orthopedics,Maywood,NJ,07607,40.902885,-74.063457,35,,0.2597,33
1962593947,Carl,Wallach,MD,gastroenterology,Morristown,NJ,07960,40.779235,-74.502462,41,98.51,0.8850,1104
1962601872,Peter,Liloia,DO,primary-care,Newton,NJ,07860,41.057287,-74.802737,22,78.05,2.4099,307
1962623868,Priscilla,Uychich,DO,primary-care,Elmwood Park,NJ,07407,40.904526,-74.119514,35,,3.2610,17
1962631614,Hend,Abdelwahab,MD,primary-care,Princeton,NJ,08540,40.364728,-74.656314,27,,0.4743,193
1962652735,Alpen,Patel,MD,primary-care,Livingston,NJ,07039,40.785828,-74.329100,22,87.07,0.7020,397
1962655340,Sweta,Chandela,MD,cardiology,Voorhees,NJ,08043,39.848570,-74.952843,23,81.15,0.2922,1549
1962655654,David,Singh,MD,cardiology,Montclair,NJ,07042,40.813487,-74.219011,23,,0.4795,59
1962677583,Farida,Hassan,MD,primary-care,Basking Ridge,NJ,07920,40.682268,-74.554143,24,,1.3730,328
1962677823,Kesha,Wilford,MD,neurology,Swedesboro,NJ,08085,39.753766,-75.331040,22,,1.0395,423
1962689133,Margaret,Fonder,MD,dermatology,Ridgewood,NJ,07450,40.981591,-74.113506,19,100,1.1230,443
1962692715,Aubrey,Olson,DO,primary-care,Stratford,NJ,08084,39.828990,-75.015536,19,81.15,0.8311,135
1962693432,Matthew,Gettings,DO,primary-care,Marlton,NJ,08053,39.856677,-74.900810,16,,0.6856,283
1962723478,Catherine,Fedorka,MD,orthopedics,Camden,NJ,08103,39.935202,-75.112703,16,85.23,1.1333,282
1962745653,Brent,Parris,MD,primary-care,Newark,NJ,07103,40.738852,-74.195264,13,,1.0105,30
1962769737,Abiy,Tessema,MD,primary-care,Berkeley Heights,NJ,07922,40.676590,-74.427022,22,,1.0656,250
1962820365,Kledia,Blloshmi,MD,primary-care,Morristown,NJ,07960,40.779235,-74.502462,12,,2.9790,198
1962829127,Eric Tien Yen,Chyn,MD,primary-care,Newark,NJ,07103,40.738852,-74.195264,13,,0.6967,152
1962829903,Punita,Shroff,DO,primary-care,Hackensack,NJ,07601,40.889398,-74.045698,12,81.33,1.0372,219
1962851147,William,Ryan,MD,orthopedics,Marlton,NJ,08053,39.856677,-74.900810,10,92.57,1.2573,134
1962866871,Faheem,Farooq,MD,oncology,Plainsboro,NJ,08536,40.333076,-74.586628,10,,0.8730,241
1962880427,Loren,Franco,MD,dermatology,West Long Branch,NJ,07764,40.287904,-74.020019,11,94.24,1.2011,1051
1962881516,Kunal,Shah,MD,endocrinology,Plainsboro,NJ,08536,40.333076,-74.586628,11,88.4,0.6975,151
1962906578,Rajkumar,Doshi,MD,cardiology,Hackettstown,NJ,07840,40.860045,-74.831795,13,,0.8203,103
1962922658,Fatima,Fayyaz,MD,oncology,Marmora,NJ,08223,39.269520,-74.657118,11,80.53,1.0924,173
1962923714,Mohamed,Elgendy,MD,primary-care,Hackensack,NJ,07601,40.889398,-74.045698,12,81.33,0.9574,291
1962930479,Adiam,Yonas,MD,primary-care,Hoboken,NJ,07030,40.745251,-74.027926,9,,0.3628,36
1962931550,Jai,Bhatt,MD,primary-care,Pennington,NJ,08534,40.329422,-74.792789,15,,0.6956,278
1962934679,Joshian,Estevez,DO,primary-care,Montclair,NJ,07042,40.813487,-74.219011,9,,0.5395,231
1962941369,Ruchit,Shah,DO,gastroenterology,Bordentown,NJ,08505,40.135589,-74.707255,9,96.91,0.9086,181
1962963652,Kun,Pan,MD,primary-care,Clark,NJ,07066,40.620650,-74.309862,7,,0.8404,175
1962992008,Eunice,Defilippo,MD,primary-care,New Brunswick,NJ,08901,40.483638,-74.442460,8,98.51,0.5245,76
1962994202,David,Truscello,DO,gastroenterology,Cape May Court House,NJ,08210,39.119187,-74.823188,8,,0.7381,297
1972008647,Damanbir,Singh,MD,primary-care,Hoboken,NJ,07030,40.745251,-74.027926,11,,0.6102,106
1972009488,David,Schuster,MD,neurology,Teaneck,NJ,07666,40.890317,-74.011478,8,,1.0760,347
1972032415,Michael,Tzeng,MD,cardiology,Camden,NJ,08103,39.935202,-75.112703,9,91.83,0.6592,488
1972033025,Jenna,Weidman,MD,primary-care,Clementon,NJ,08021,39.806156,-75.000012,9,,0.9033,166
1972033843,Natasha,Chase,MD,primary-care,Camden,NJ,08103,39.935202,-75.112703,10,,0.4299,74
1972034734,Ali,Hadi,MD,dermatology,New Milford,NJ,07646,40.934161,-74.019453,9,96.09,0.9090,396
1972035699,Gal,Sharon,MD,primary-care,Plainsboro,NJ,08536,40.333076,-74.586628,9,,0.6828,353
1972036689,Jeffrey,Tompson,MD,orthopedics,Linden,NJ,07036,40.624711,-74.239362,9,,0.5960,137
1972037729,Oren,Feder,MD,orthopedics,Bayonne,NJ,07002,40.662495,-74.110201,9,,0.8550,96
1972044188,Natalie,Marte,MD,primary-care,Fairview,NJ,07022,40.821110,-74.003032,9,,0.6970,183
1972064673,Rebeka,Verma,MD,primary-care,Camden,NJ,08103,39.935202,-75.112703,7,81.33,1.0142,245
1972066652,Satish,Tadepalli,MD,primary-care,Dover,NJ,07801,40.901125,-74.564783,21,,0.8844,272
1972167682,Isabel,Mora,MD,primary-care,East Orange,NJ,07017,40.771918,-74.207082,7,,0.5447,37
1972174332,Michael,Ibrahem,MD,primary-care,Turnersville,NJ,08012,39.783815,-75.056068,10,78.15,0.5017,237
1972182244,Taqi,Rizvi,DO,primary-care,Livingston,NJ,07039,40.785828,-74.329100,5,,1.2439,95
1972503001,Gregory,Ziolo,MD,cardiology,Morristown,NJ,07960,40.779235,-74.502462,35,,1.1956,1408
1972503597,Anne,Swedlund,MD,gastroenterology,Princeton,NJ,08540,40.364728,-74.656314,45,,0.7524,430
1972505311,Beaula,Koduri,MD,oncology,Edison,NJ,08820,40.576806,-74.365750,31,100,3.7426,482
1972506749,Darius,Adams,MD,primary-care,Morristown,NJ,07960,40.779235,-74.502462,29,,0.4519,16
1972510097,Prema,Eapen,MD,primary-care,Brick,NJ,08724,40.091032,-74.114395,30,,0.6235,343
1972524551,Beverly,Toporowski,MD,primary-care,Bordentown,NJ,08505,40.135589,-74.707255,29,81.15,1.2531,166
1972527430,Alberto,Ballesteros,MD,psychiatry,Howell,NJ,07731,40.149537,-74.203987,44,98.51,1.3679,278
1972527950,Mazhar,Elamir,MD,primary-care,Jersey City,NJ,07304,40.717303,-74.076352,42,,1.3569,555
1972528495,Frederick,Foti,MD,dermatology,Moorestown,NJ,08057,39.979658,-74.941308,35,100,0.6193,706
1972528669,Howard,Holtz,MD,primary-care,West Orange,NJ,07052,40.785755,-74.265058,45,87.02,1.8758,265
1972538288,Robert,Beitman,MD,primary-care,Cape May Court House,NJ,08210,39.119187,-74.823188,51,26.01,1.5879,338
1972542025,Raymond,Visconti,MD,primary-care,Hoboken,NJ,07030,40.745251,-74.027926,35,95.05,0.5610,340
1972544815,Gamil,Makar,MD,primary-care,Clifton,NJ,07013,40.869405,-74.173062,31,,4.0392,268
1972552230,Jon,Sicat,DO,primary-care,Newark,NJ,07112,40.711391,-74.211683,32,,0.8172,34
1972553436,Peter,Corrado,DO,primary-care,Cape May Court House,NJ,08210,39.119187,-74.823188,43,,1.2161,270
1972554020,Rakesh,Gupta,MD,cardiology,Toms River,NJ,08755,40.008534,-74.221768,27,22.51,2.1384,1013
1972554400,David,High,MD,dermatology,Medford,NJ,08055,39.862695,-74.822311,45,89.61,1.0267,733
1972556207,Mark,Gelernt,MD,cardiology,Haddon Heights,NJ,08035,39.879127,-75.065918,40,90.34,1.4222,2183
1972558534,Nicholas,Leggiero,DO,primary-care,Budd Lake,NJ,07828,40.884959,-74.755657,34,,0.7870,325
1972561926,Lisa,Brodkin,MD,primary-care,Berkeley Heights,NJ,07922,40.676590,-74.427022,32,,1.5104,326
1972566263,Armen,Simonian,MD,gastroenterology,Pennington,NJ,08534,40.329422,-74.792789,35,96.91,1.0530,318
1972570802,Stephen,Kolesk,MD,primary-care,Hamilton,NJ,08690,40.225833,-74.660096,48,,0.4642,132
1972582336,Renata,Dussias,DO,primary-care,Somerville,NJ,08876,40.589554,-74.685411,31,,1.0916,122
1972583060,Robert,Hudrick,DO,primary-care,Mount Laurel,NJ,08054,39.948992,-74.900247,38,81.15,1.0860,235
1972583540,Christine,Surrey,DO,primary-care,Glassboro,NJ,08028,39.692129,-75.124675,29,,2.2854,227
1972602191,Matthew,Basara,MD,primary-care,Delran,NJ,08075,40.029676,-74.948997,38,26.7,0.8331,493
1972611531,Scott,Ruffo,MD,cardiology,Hackensack,NJ,07601,40.889398,-74.045698,32,,1.1992,572
1972615078,Amer,Kashoqa,MD,psychiatry,Wayne,NJ,07470,40.945855,-74.245077,33,24.15,0.4855,605
1972619591,Maria,Zuazua-Pacilio,MD,primary-care,Sewell,NJ,08080,39.757353,-75.122043,26,81.15,0.4243,291
1972620391,Samuel,Schneider,MD,psychiatry,Princeton,NJ,08540,40.364728,-74.656314,51,22.07,2.0876,216
1972646487,Indira,Madapati,MD,primary-care,East Windsor,NJ,08520,40.255800,-74.539882,32,,1.7262,263
1972652832,Maureen,Gottfried,DO,neurology,Egg Harbor Township,NJ,08234,39.388393,-74.620728,34,,1.0391,940
1972652840,Scott,Gabler,MD,cardiology,Voorhees,NJ,08043,39.848570,-74.952843,21,81.15,0.5615,1595
1972667723,Michael,Casser,MD,pulmonology,Englewood,NJ,07631,40.891197,-73.972515,42,,1.9503,176
1972668358,John,Mazzochette,MD,psychiatry,Voorhees,NJ,08043,39.848570,-74.952843,45,,1.5882,16
1972673549,Gabriela,Ferreira,MD,primary-care,New Brunswick,NJ,08901,40.483638,-74.442460,34,98.51,1.1678,83
1972677003,Anthony,Green,MD,psychiatry,Matawan,NJ,07747,40.413250,-74.257674,32,,1.0020,91
1972678027,Thomas,Dwyer,MD,orthopedics,Mullica Hill,NJ,08062,39.716095,-75.219267,36,,0.7928,32
1972682938,Harpreet,Bagga,MD,primary-care,Hillsborough,NJ,08844,40.497692,-74.670505,28,,3.4940,174
1972683001,Gary,Raab,DO,primary-care,Ocean City,NJ,08226,39.263784,-74.607753,41,,1.5028,886
1972683902,William,Salerno,MD,cardiology,Saddle Brook,NJ,07663,40.903099,-74.093591,44,81.33,0.4075,697
1972696409,Ritu,Suri,MD,primary-care,Englewood,NJ,07631,40.891197,-73.972515,29,,1.4559,399
1972701563,Kailash,Singhvi,MD,primary-care,East Brunswick,NJ,08816,40.429119,-74.416287,49,,1.6742,95
1972701613,Danielle,Cooley,DO,primary-care,Mount Laurel,NJ,08054,39.948992,-74.900247,19,81.15,1.6470,83
1972717676,Manoj,Jain,MD,primary-care,Marlton,NJ,08053,39.856677,-74.900810,23,,0.9352,399
1972739308,Maxwell,Janosky,MD,oncology,Englewood,NJ,07631,40.891197,-73.972515,19,96.09,0.8579,769
1972746394,Lori,Leslie,MD,oncology,Hackensack,NJ,07601,40.889398,-74.045698,17,86.78,1.2084,532
1972750776,Sumeet,Dhindsa,MD,primary-care,Fair Lawn,NJ,07410,40.935830,-74.117505,26,96.09,1.6095,109
1972758142,Justin,Faden,DO,psychiatry,Hammonton,NJ,08037,39.631681,-74.773893,18,81.21,1.0118,54
1972762276,Ronniel,Nazarian,MD,orthopedics,Princeton,NJ,08540,40.364728,-74.656314,21,75,1.0294,587
1972764983,Deborah,Ocasio,MD,psychiatry,Cedar Knolls,NJ,07927,40.823725,-74.456354,24,,1.1895,360
1972765675,Larry,Siu,MD,gastroenterology,West Orange,NJ,07052,40.785755,-74.265058,18,98.51,0.9846,925
1972767192,Dan,Musat,MD,cardiology,Hoboken,NJ,07030,40.745251,-74.027926,30,95.05,2.2131,717
1972773935,James,Ko,MD,neurology,Englewood,NJ,07631,40.891197,-73.972515,24,96.09,0.7403,345
1972779098,Anil,Balani,MD,gastroenterology,Pennington,NJ,08534,40.329422,-74.792789,24,96.91,0.9259,173
1972783207,Sameera,Maganti,MD,primary-care,New Brunswick,NJ,08901,40.483638,-74.442460,25,87.07,1.2853,566
1972820330,Andy,Rodriguez,MD,neurology,Livingston,NJ,07039,40.785828,-74.329100,18,98.51,1.5791,487
1972823334,Renee,Bullock-Palmer,MD,cardiology,Browns Mills,NJ,08015,39.931536,-74.543720,27,95.33,0.3254,1391
1972846574,Yvette,Wang,DO,primary-care,Turnersville,NJ,08012,39.783815,-75.056068,13,,0.9681,271
1972862456,Raquel Kristin,Ong,MD,endocrinology,Neptune,NJ,07753,40.210761,-74.074499,15,81.33,1.0012,492
1972878239,Dovid,Moradi,MD,gastroenterology,Morristown,NJ,07960,40.779235,-74.502462,14,,0.8389,386
1972891547,Erin,Feinstein,DO,neurology,Livingston,NJ,07039,40.785828,-74.329100,15,98.51,0.8187,118
1972895209,Rosalie,Curreri,MD,primary-care,Fairfield,NJ,07004,40.882508,-74.304593,37,,1.8620,22
1972916278,Sarina,Sachdev,MD,cardiology,Passaic,NJ,07055,40.857552,-74.129089,17,75,1.5586,1964
1972921351,Anna,Sliwowska,MD,primary-care,New Brunswick,NJ,08901,40.483638,-74.442460,12,,0.5262,158
1972921856,Arieh,Greenbaum,MD,cardiology,Hoboken,NJ,07030,40.745251,-74.027926,12,95.05,1.0038,774
1972948016,Sriharshan,Reddy,MD,primary-care,Hammonton,NJ,08037,39.631681,-74.773893,14,,0.6277,207
1972987907,Robertha,Mendez,MD,primary-care,Hackensack,NJ,07601,40.889398,-74.045698,17,96.09,3.3216,43
1972997989,Harinder,Bawa,MD,primary-care,Hackensack,NJ,07601,40.889398,-74.045698,11,96.09,0.5341,68
1972998631,Hariharan,Iyer,MD,orthopedics,Shrewsbury,NJ,07702,40.326450,-74.057373,11,,0.8913,91
1982009486,Catherine,Cunningham,MD,psychiatry,Holmdel,NJ,07733,40.374964,-74.173849,12,81.33,0.4862,133
1982014924,Kelly,Quinn,DO,dermatology,Red Bank,NJ,07701,40.360509,-74.078952,12,82.52,0.9429,815
1982016515,Priya,Mehta,MD,primary-care,Morristown,NJ,07960,40.779235,-74.502462,12,,0.5043,1021
1982019774,Taaran Cariappa,Ballachanda Subbaiah,MD,pulmonology,Hackensack,NJ,07601,40.889398,-74.045698,15,84.19,1.4100,285
1982030474,Brenda,Holcomb,DO,primary-care,Morristown,NJ,07960,40.779235,-74.502462,38,,1.7573,113
1982042107,Katie,Schoenman,DO,cardiology,Lawrenceville,NJ,08648,40.284490,-74.717487,13,96.91,0.4238,749
1982043477,Amanda,Scott,MD,primary-care,Freehold,NJ,07728,40.225793,-74.285785,13,85.14,4.7464,162
1982053443,Maryam,Rehan,MD,oncology,Neptune,NJ,07753,40.210761,-74.074499,18,,0.4932,262
1982057170,Mansi,Sarvaiya,MD,primary-care,Jersey City,NJ,07302,40.718808,-74.044634,13,,1.2297,174
1982062667,Naseer,Ahmed,MD,primary-care,Cape May Court House,NJ,08210,39.119187,-74.823188,13,,0.6452,336
1982066387,Amar,Shere,MD,cardiology,North Bergen,NJ,07047,40.793644,-74.025027,10,,0.5321,1097
1982068367,Ariadne,Panagiotou,MD,primary-care,Union,NJ,07083,40.695266,-74.269078,10,,0.8131,247
1982081428,David,Pineles,MD,gastroenterology,West Orange,NJ,07052,40.785755,-74.265058,11,98.51,1.1025,719
1982088621,Shruti,Polu,MD,endocrinology,Hackensack,NJ,07601,40.889398,-74.045698,13,81.33,1.1614,189
1982095758,Justin,Baptist,MD,primary-care,Pomona,NJ,08240,39.488059,-74.533973,18,,0.9971,1258
1982100327,Vishal,Jani,DO,primary-care,Hackensack,NJ,07601,40.889398,-74.045698,8,81.33,1.0374,98
1982100459,Rohan,Menon,MD,primary-care,Plainsboro,NJ,08536,40.333076,-74.586628,8,85.76,1.4207,552
1982123501,Victoria,Reimer,MD,primary-care,Voorhees,NJ,08043,39.848570,-74.952843,9,,0.8795,471
1982130456,Sasa,Redzic,DO,primary-care,Voorhees,NJ,08043,39.848570,-74.952843,18,,0.7414,337
1982135778,Auon,Hamadani,MD,primary-care,New Brunswick,NJ,08901,40.483638,-74.442460,13,,0.5856,69
1982136719,Michelle,Rumbaugh,DO,primary-care,Camden,NJ,08103,39.935202,-75.112703,9,,0.7376,178
1982167060,Andrew,Day,MD,neurology,Princeton,NJ,08540,40.364728,-74.656314,7,96.91,0.7814,21
1982212015,Resham,Khan,MD,primary-care,Freehold,NJ,07728,40.225793,-74.285785,7,,0.6529,455
1982232575,Ariq,Azad,MD,primary-care,Montclair,NJ,07042,40.813487,-74.219011,6,,0.9942,518
1982232997,Taulant,Gashi,MD,primary-care,Ramsey,NJ,07446,41.059136,-74.145931,15,,0.5567,188
1982600607,Sheldon,Kukafka,MD,cardiology,Somerset,NJ,08873,40.499667,-74.531844,34,98.51,1.0207,712
1982603239,Nicholas,Tullo,MD,cardiology,West Orange,NJ,07052,40.785755,-74.265058,44,98.51,0.2880,3470
1982607842,Scott,Pfeffer,DO,cardiology,Camden,NJ,08103,39.935202,-75.112703,40,,0.5118,1069
1982614400,Pankaj,Patel,MD,primary-care,Edison,NJ,08820,40.576806,-74.365750,41,96.33,2.6347,536
1982624581,Joseph,Saleeb,MD,primary-care,Bayonne,NJ,07002,40.662495,-74.110201,39,,3.4795,185
1982625984,Lisa,Casale,MD,pulmonology,Edison,NJ,08820,40.576806,-74.365750,38,81.33,1.7322,525
1982626453,Sudhanshu,Prasad,MD,primary-care,Clark,NJ,07066,40.620650,-74.309862,36,,3.0745,173
1982628335,Jacqueline,Fernandez,MD,primary-care,Union,NJ,07083,40.695266,-74.269078,35,,1.8067,441
1982633624,Matthew,Corcoran,MD,endocrinology,Marmora,NJ,08223,39.269520,-74.657118,31,,1.0936,555
1982634952,Hormoz,Ashtyani Asl,MD,pulmonology,Rochelle Park,NJ,07662,40.906496,-74.078005,56,85.15,0.9157,186
1982641239,Zafar,Shaheen,MD,cardiology,Middlesex,NJ,08846,40.574625,-74.498259,52,,2.2058,124
1982646295,Teresa,Madrid,MD,primary-care,Newark,NJ,07102,40.735659,-74.173605,47,,1.0264,74
1982652038,Hitesh,Patel,MD,primary-care,Brick,NJ,08724,40.091032,-74.114395,26,24.74,2.8440,339
1982652970,William,Digiacomo,MD,gastroenterology,Union,NJ,07083,40.695266,-74.269078,25,,0.9770,160
1982654406,Edward,Killilea,MD,cardiology,Kearny,NJ,07032,40.752332,-74.123093,54,,8.2037,105
1982661971,Suman,Jalan,MD,psychiatry,Denville,NJ,07834,40.886460,-74.487584,56,,1.4323,55
1982663480,Lucien,Bautista,DO,primary-care,Phillipsburg,NJ,08865,40.708226,-75.147073,30,97.13,1.2990,487
1982665592,Hongsun,Choi,MD,primary-care,Iselin,NJ,08830,40.570142,-74.316371,42,,0.6229,33
1982665600,Medhat,Ismail,MD,pulmonology,Wayne,NJ,07470,40.945855,-74.245077,46,,1.8421,225
1982667317,David,Feldman,MD,orthopedics,Teaneck,NJ,07666,40.890317,-74.011478,41,96.09,1.3039,464
1982667531,Yasser,Soliman,MD,primary-care,Mercerville,NJ,08619,40.242301,-74.696408,36,,1.4230,36
1982669123,Sonoo,Advani,MD,endocrinology,Princeton,NJ,08540,40.364728,-74.656314,44,,0.8676,271
1982670618,Maryjo,Thomson,DO,primary-care,Morristown,NJ,07960,40.779235,-74.502462,37,,0.9377,325
1982671830,Damon,Fellman,MD,neurology,Hackensack,NJ,07601,40.889398,-74.045698,56,60.12,1.6564,452
1982671871,Evan,Sehgal,MD,cardiology,Harrington Park,NJ,07640,40.991681,-73.980202,44,96.09,1.1321,625
1982675153,Seth,Webber,MD,gastroenterology,Woodbridge,NJ,07095,40.552857,-74.286939,35,,1.0543,334
1982675476,Syed,Zaidi,MD,psychiatry,Fair Lawn,NJ,07410,40.935830,-74.117505,17,23.15,2.0202,315
1982675633,Smita,Agarwal,MD,dermatology,Bridgewater,NJ,08807,40.592434,-74.618840,26,97.5,2.0652,506
1982675773,Michael,Gentile,MD,primary-care,Nutley,NJ,07110,40.820616,-74.156250,41,,1.1722,162
1982677910,Anthony,Costa,MD,orthopedics,Eatontown,NJ,07724,40.298625,-74.074178,21,69.28,1.5320,938
1982680302,Matthew,Deluca,MD,neurology,Bloomfield,NJ,07003,40.809141,-74.187142,47,,1.0180,325
1982683025,David,Pinnelas,MD,cardiology,Neptune,NJ,07753,40.210761,-74.074499,42,86.51,1.2376,1347
1982684767,Magdy,Shenouda,MD,primary-care,Wall,NJ,07719,40.168908,-74.073226,44,,1.3217,179
1982685103,Irina,Tartakovsky,MD,primary-care,Englewood,NJ,07631,40.891197,-73.972515,33,,1.2634,206
1982686010,Caryn,Giacona,MD,primary-care,Shrewsbury,NJ,07702,40.326450,-74.057373,32,81.97,0.7966,628
1982688925,Vijay,Roy,MD,oncology,Totowa,NJ,07512,40.903415,-74.219779,46,,14.1935,263
1982691432,Shankar,Santhanam,MD,primary-care,Robbinsville,NJ,08691,40.208319,-74.600928,26,,0.9014,138
1982692083,Amit,Bhalodia,DO,primary-care,Camden,NJ,08104,39.916459,-75.111355,29,,0.5645,115
1982692745,Gerald,Lee,MD,primary-care,Harrington Park,NJ,07640,40.991681,-73.980202,32,,1.2793,392
1982692851,Bruno,Fang,MD,oncology,Brick,NJ,08724,40.091032,-74.114395,35,100,6.8774,716
1982692927,Kamal,Patel,MD,primary-care,Parsippany,NJ,07054,40.853767,-74.401574,36,79.84,1.3537,340
1982694741,Shirish,Bhatt,MD,primary-care,Fairfield,NJ,07004,40.882508,-74.304593,32,,1.4730,158
1982694857,Shefali,Patel,MD,primary-care,Edison,NJ,08820,40.576806,-74.365750,38,96.09,2.3900,237
1982695086,Erica,Linden,MD,oncology,Pennington,NJ,08534,40.329422,-74.792789,24,96.91,0.8226,344
1982704474,Daniel,D Auria,MD,gastroenterology,Moorestown,NJ,08057,39.979658,-74.941308,41,98.3,0.7278,674
1982706503,Steven,Russo,MD,primary-care,Lambertville,NJ,08530,40.370020,-74.910161,29,,1.9052,186
1982712063,Manish,Singh,MD,neurology,Cape May Court House,NJ,08210,39.119187,-74.823188,34,,4.5714,168
1982725024,Natalia,Anchipolovsky,DO,endocrinology,Hackensack,NJ,07601,40.889398,-74.045698,24,98.55,0.9912,711
1982757712,Marc,Condren,MD,primary-care,Somerset,NJ,08873,40.499667,-74.531844,42,,1.3899,84
1982760526,Eran,Zacks,MD,cardiology,Eatontown,NJ,07724,40.298625,-74.074178,25,,1.4449,2354
1982765574,Moshe,Rose,MD,psychiatry,Neptune,NJ,07753,40.210761,-74.074499,25,81.33,0.8349,57
1982767828,Xiaomei,Chen,MD,primary-care,Plainsboro,NJ,08536,40.333076,-74.586628,37,,4.4953,344
1982776118,George,Dendrinos,MD,primary-care,Vineland,NJ,08361,39.449369,-74.958827,31,,1.3478,705
1982781209,John,Capo,MD,orthopedics,Jersey City,NJ,07302,40.718808,-74.044634,34,98.51,0.6749,95
1982785085,Maher,Badri,MD,primary-care,North Bergen,NJ,07047,40.793644,-74.025027,48,,1.9303,77
1982786893,Larisa,Livshits,MD,primary-care,East Rutherford,NJ,07073,40.817097,-74.085024,43,,1.7861,296
1982787321,Stuart,Silberstein,MD,pulmonology,Englewood,NJ,07631,40.891197,-73.972515,54,,1.8295,103
1982788691,Mark,Preminger,MD,cardiology,Paramus,NJ,07652,40.947299,-74.070169,41,95.05,2.1692,610
1982793253,Andrea,Harangozo,MD,pulmonology,East Brunswick,NJ,08816,40.429119,-74.416287,42,98.51,1.1633,551
1982795191,Shahzad,Hussain,MD,primary-care,Whiting,NJ,08759,39.961826,-74.359828,36,75,2.6276,646
1982795241,Robert,Hole,MD,orthopedics,Clifton,NJ,07013,40.869405,-74.173062,38,,0.8919,241
1982797551,Harvey,Gerhard,MD,primary-care,Basking Ridge,NJ,07920,40.682268,-74.554143,52,22.01,2.0022,230
1982798294,Rafeul,Huda,MD,primary-care,Elizabeth,NJ,07202,40.652464,-74.216853,53,,2.0074,11
1982798914,Jeanette,Jimenez Silva,MD,primary-care,Bridgeton,NJ,08302,39.438613,-75.260646,39,,1.0102,374
1982806915,Prashant,Patel,MD,pulmonology,Bridgewater,NJ,08807,40.592434,-74.618840,24,75,1.6352,470
1982813887,Heath,Saltzman,MD,cardiology,Cherry Hill,NJ,08034,39.906100,-75.000375,21,81.15,1.0044,1672
1982815635,William,Schafranek,MD,cardiology,Flemington,NJ,08822,40.521995,-74.866644,19,85.54,0.5258,2266
1982817326,Paul,Kostoulakos,DO,neurology,Plainsboro,NJ,08536,40.333076,-74.586628,24,93.22,0.8443,1898
1982832291,Anatoliy,Vasilov,MD,psychiatry,Belle Mead,NJ,08502,40.448217,-74.653244,27,,0.8140,63
1982835849,Qasim,Husain,MD,orthopedics,Red Bank,NJ,07701,40.360509,-74.078952,19,69.28,0.8135,307
1982848297,Dorothy,Castro,MD,primary-care,Newark,NJ,07103,40.738852,-74.195264,17,,0.8638,165
1982856928,Richard,Walters,DO,gastroenterology,Turnersville,NJ,08012,39.783815,-75.056068,20,,0.7648,489
1982861654,Christopher,Ropiak,MD,orthopedics,Linden,NJ,07036,40.624711,-74.239362,21,75,0.9732,255
1982862231,Matthew,Resciniti,DO,primary-care,Chatham,NJ,07928,40.724971,-74.415086,18,,0.7643,133
1982862645,Vladimir,Proudan,MD,primary-care,Morristown,NJ,07960,40.779235,-74.502462,40,,1.2860,305
1982863338,Eric,Black,MD,orthopedics,Berkeley Heights,NJ,07922,40.676590,-74.427022,18,,1.2312,865
1982865853,Laleh,Merikhi,MD,gastroenterology,Long Branch,NJ,07740,40.295372,-73.989899,29,98.3,1.0121,424
1982866646,Diana,Kolman-Taddeo,MD,pulmonology,Pennington,NJ,08534,40.329422,-74.792789,18,96.91,0.7748,321
1982869467,Peter,Kelly,DO,primary-care,Cherry Hill,NJ,08034,39.906100,-75.000375,19,,1.7071,31
1982870333,Patrick,Boland,MD,primary-care,New Brunswick,NJ,08901,40.483638,-74.442460,20,88.4,0.8972,139
1982909040,William,Ferges,MD,gastroenterology,Somerset,NJ,08873,40.499667,-74.531844,18,98.3,1.0229,612
1982922183,Saima,Farghani,MD,endocrinology,Hammonton,NJ,08037,39.631681,-74.773893,28,,0.8169,444
1982947750,Phylicia,Baird,MD,primary-care,Berkeley Heights,NJ,07922,40.676590,-74.427022,13,,1.4788,246
1982966222,Anna,Platovsky,MD,gastroenterology,Somerset,NJ,08873,40.499667,-74.531844,14,98.3,1.0017,351
1982968806,Monica,Singhvi,MD,primary-care,Edison,NJ,08837,40.514281,-74.343859,14,,0.5138,166
1982974739,Chaza,Khalil,MD,primary-care,Wayne,NJ,07470,40.945855,-74.245077,23,,1.7121,293
1982986634,Sunny,Chun,DO,dermatology,Paramus,NJ,07652,40.947299,-74.070169,15,,1.2869,134
1982990479,Rosemarie,Arena,MD,gastroenterology,Glen Ridge,NJ,07028,40.804798,-74.204569,15,96.09,1.1941,204
1982997482,Patrick,Mulhall,MD,pulmonology,Marlton,NJ,08053,39.856677,-74.900810,15,81.15,0.9266,718
1982999140,Nicole,Lopez,MD,orthopedics,Belleville,NJ,07109,40.793481,-74.161159,15,98.51,0.7864,171
1992016125,Aashish,Desai,MD,primary-care,South Amboy,NJ,08879,40.466447,-74.278639,20,,0.4570,109
1992018774,Rajshree,Patel,MD,endocrinology,Plainsboro,NJ,08536,40.333076,-74.586628,20,,1.9664,442
1992020069,Yukiko,Oe,MD,pulmonology,Ridgewood,NJ,07450,40.981591,-74.113506,25,95.05,1.1079,495
1992048722,David,Pinn,MD,gastroenterology,Wayne,NJ,07470,40.945855,-74.245077,13,93.9,0.9420,588
1992062749,Nkemamaka,Okpala,MD,primary-care,Hackettstown,NJ,07840,40.860045,-74.831795,20,,1.7425,33
1992115422,Cathie-Ann,Mancuso,MD,primary-care,Matawan,NJ,07747,40.413250,-74.257674,10,96.09,0.7133,231
1992140313,Stephanie,Guido,DO,primary-care,Voorhees,NJ,08043,39.848570,-74.952843,14,,0.6425,322
1992142046,William,Rafelson,MD,oncology,Morristown,NJ,07960,40.779235,-74.502462,17,,0.6966,163
1992158141,Hadir,Mohamed,MD,endocrinology,Fair Lawn,NJ,07410,40.935830,-74.117505,10,96.09,0.9000,295
1992166110,Natalie,Millet,DO,pulmonology,New Brunswick,NJ,08901,40.483638,-74.442460,10,88.4,0.8097,500
1992181952,Astha,Agrawal,MD,primary-care,Fair Lawn,NJ,07410,40.935830,-74.117505,13,,1.5876,52
1992182612,James,Doran,MD,orthopedics,Somers Point,NJ,08244,39.315511,-74.598278,11,75,1.3231,324
1992183008,Vineet,Tyagi,MD,orthopedics,Bridgewater,NJ,08807,40.592434,-74.618840,11,,1.0329,369
1992200406,Deepa,Shah,MD,primary-care,Bayonne,NJ,07002,40.662495,-74.110201,10,,0.5810,35
1992201594,Ian,Mahoney,MD,pulmonology,Cedar Knolls,NJ,07927,40.823725,-74.456354,8,,0.5890,290
1992202956,Matthew,Michel,MD,orthopedics,Neptune,NJ,07753,40.210761,-74.074499,8,90.77,1.1732,77
1992233514,Kevin,Soriano,MD,cardiology,Edgewater,NJ,07020,40.824650,-73.973793,9,90.32,1.7036,162
1992238406,Farah,Kassamali,MD,gastroenterology,Neptune,NJ,07753,40.210761,-74.074499,9,,1.4564,143
1992284491,Swati,Prabhakar,MD,primary-care,Voorhees,NJ,08043,39.848570,-74.952843,9,82.92,0.5097,462
1992285639,Kateryna,Gaidamaka,MD,psychiatry,Perth Amboy,NJ,08861,40.520494,-74.272943,11,81.33,0.4419,434
1992295091,Anjali,Chand,MD,primary-care,Berkeley Heights,NJ,07922,40.676590,-74.427022,8,,1.5363,132
1992295349,Biren,Patel,MD,cardiology,Elizabeth,NJ,07202,40.652464,-74.216853,17,98.51,1.0949,352
1992326342,Nilufar,Godin,DO,primary-care,Cherry Hill,NJ,08003,39.885852,-74.971145,6,,0.6878,301
1992332431,Brittany,Toffey,MD,primary-care,Summit,NJ,07901,40.714923,-74.366372,6,,0.7045,372
1992379267,Heli,Bhatt,DO,primary-care,Hoboken,NJ,07030,40.745251,-74.027926,6,,0.4710,172
1992380695,George,Zhang,MD,primary-care,Freehold,NJ,07728,40.225793,-74.285785,17,,0.7081,63
1992381057,Indira,Tata,MD,primary-care,Pompton Plains,NJ,07444,40.967407,-74.306967,6,,0.8921,169
1992700579,Stuart,Barr,MD,cardiology,Hoboken,NJ,07030,40.745251,-74.027926,39,95.05,1.1061,903
1992704993,Mindy,Houng,MD,primary-care,Florham Park,NJ,07932,40.777461,-74.392845,26,,0.4517,54
1992706733,Birinder,Kaur,MD,primary-care,Paramus,NJ,07652,40.947299,-74.070169,44,96.09,2.2128,265
1992709760,Robert,Boretz,MD,orthopedics,Berkeley Heights,NJ,07922,40.676590,-74.427022,33,,0.7930,608
1992710875,Timothy,Gabriel,MD,primary-care,Toms River,NJ,08755,40.008534,-74.221768,38,23.13,4.6512,397
1992715825,Ariel,Quinones,MD,primary-care,Elizabeth,NJ,07202,40.652464,-74.216853,31,,1.1471,200
1992716021,Nancy,Freundlich,MD,primary-care,South Orange,NJ,07079,40.748811,-74.261512,40,,0.8796,68
1992719652,Muhammad,Hussain,DO,primary-care,Trenton,NJ,08609,40.225747,-74.740906,31,,0.6803,26
1992720999,Irwin,Hametz,MD,dermatology,Livingston,NJ,07039,40.785828,-74.329100,53,100,0.8750,1224
1992721617,Michael,Baskies,MD,orthopedics,Morristown,NJ,07960,40.779235,-74.502462,24,,0.8230,467
1992723878,Hector,Rubinstein,MD,cardiology,Union City,NJ,07087,40.767224,-74.032429,,,2.6845,24
1992725857,Malika,De Silva,MD,primary-care,Edison,NJ,08837,40.514281,-74.343859,25,,1.8777,211
1992726152,Warren,Maresca,MD,cardiology,Wayne,NJ,07470,40.945855,-74.245077,48,,0.4198,714
1992734974,Timothy,Rhyme,MD,primary-care,Marlton,NJ,08053,39.856677,-74.900810,33,,0.9413,343
1992738470,Susan,Lotkowski,DO,neurology,Swedesboro,NJ,08085,39.753766,-75.331040,25,,1.0259,393
1992739668,Anthony,Smeglin,MD,cardiology,Cherry Hill,NJ,08034,39.906100,-75.000375,23,81.15,1.7939,384
1992741326,Carlos,Rivera,MD,primary-care,Long Branch,NJ,07740,40.295372,-73.989899,42,,1.3557,62
1992744767,Sarath,Babu,MD,primary-care,East Brunswick,NJ,08816,40.429119,-74.416287,45,,4.4681,248
1992745061,Joseph,Schulman,DO,primary-care,Livingston,NJ,07039,40.785828,-74.329100,37,,1.5550,265
1992752646,Shani,Lipset,MD,primary-care,Berkeley Heights,NJ,07922,40.676590,-74.427022,28,,1.3900,135
1992758932,Sandra,Ugras Rey,DO,primary-care,Clifton,NJ,07011,40.880427,-74.143246,25,,0.7524,40
1992759138,Alvin,Ong,MD,orthopedics,Egg Harbor Township,NJ,08234,39.388393,-74.620728,32,92.57,1.4651,921
1992759757,William,Taub,MD,gastroenterology,Lumberton,NJ,08048,39.953850,-74.803026,43,95.33,0.7777,434
1992760086,Gloria,Cruz,MD,primary-care,Hamilton,NJ,08690,40.225833,-74.660096,33,,0.6811,133
1992762017,Mordechai,Tarlow,MD,dermatology,Lakewood,NJ,08701,40.077069,-74.198510,25,75,1.8202,725
1992763866,Daniel,D Andrea,MD,psychiatry,Holmdel,NJ,07733,40.374964,-74.173849,27,17.41,2.9933,197
1992764906,Samina,Khan,MD,primary-care,Morristown,NJ,07960,40.779235,-74.502462,39,,1.5991,214
1992766844,Scott,Lippe,MD,gastroenterology,Nutley,NJ,07110,40.820616,-74.156250,34,96.09,1.3245,588
1992772156,Jerry,Bagel,MD,dermatology,East Windsor,NJ,08520,40.255800,-74.539882,45,100,12.5188,400
1992774657,Walter,Wynkoop,MD,pulmonology,Jackson,NJ,08527,40.108665,-74.358602,31,75,0.9462,1198
1992774996,Rebecca,Jaslow,MD,oncology,Willingboro,NJ,08046,40.027950,-74.886984,30,91.83,0.4981,163
1992776637,Andreas,Pavlides,MD,cardiology,Haddon Heights,NJ,08035,39.879127,-75.065918,30,90.34,0.8130,2232
1992776777,David,Artz,MD,primary-care,Morristown,NJ,07960,40.779235,-74.502462,32,,1.0101,45
1992776827,Puneet,Babbar,MD,primary-care,Passaic,NJ,07055,40.857552,-74.129089,29,,0.0284,11
1992778856,Michael,Weinrauch,MD,cardiology,Springfield,NJ,07081,40.697966,-74.334436,37,,0.5583,1823
1992778948,William,Basri,MD,gastroenterology,Brick,NJ,08724,40.091032,-74.114395,35,98.3,0.8733,875
1992779300,Shamina,Dhillon,MD,gastroenterology,Long Branch,NJ,07740,40.295372,-73.989899,28,98.3,0.9007,522
1992779763,Jack,Shilling,MD,orthopedics,Camden,NJ,08103,39.935202,-75.112703,32,85.23,1.0873,122
1992781298,Maria,Kent,MD,primary-care,Mullica Hill,NJ,08062,39.716095,-75.219267,26,,1.0431,294
1992784565,Jing-Sheng,Zheng,MD,cardiology,Cape May Court House,NJ,08210,39.119187,-74.823188,42,,1.1083,990
1992785406,Amita,Vasoya,DO,pulmonology,Moorestown,NJ,08057,39.979658,-74.941308,31,,0.3473,536
1992785562,Krithika,Mullengada,MD,primary-care,Succasunna,NJ,07876,40.854470,-74.657357,30,,1.4333,719
1992788863,Alexander,Marcus,MD,orthopedics,Hackensack,NJ,07601,40.889398,-74.045698,29,81.33,0.6761,355
1992789697,Howard,Frauwirth,MD,primary-care,Hoboken,NJ,07030,40.745251,-74.027926,26,95.05,1.1381,570
1992793418,Vinod,Abraham,MD,primary-care,Summit,NJ,07901,40.714923,-74.366372,35,,1.0956,415
1992806129,Amir,Rizvi,MD,psychiatry,Belle Mead,NJ,08502,40.448217,-74.653244,41,,0.6300,144
1992807382,Dino,Espineli,MD,primary-care,Toms River,NJ,08755,40.008534,-74.221768,26,,0.8335,735
1992807945,Shana,Shoulson,MD,primary-care,Piscataway,NJ,08854,40.539658,-74.462791,34,,0.7084,161
1992812275,James,Suddeth,MD,primary-care,Ship Bottom,NJ,08008,39.623538,-74.206089,42,,1.0013,705
1992833651,Richard,Klein,MD,orthopedics,East Brunswick,NJ,08816,40.429119,-74.416287,24,,1.0000,81
1992853790,Jaime,Lara,MD,primary-care,Kendall Park,NJ,08824,40.420727,-74.553458,48,,0.9734,121
1992855258,Subhathra,Karunanithi,MD,primary-care,Hoboken,NJ,07030,40.745251,-74.027926,27,95.05,1.0075,235
1992858112,Igor,Sobol,MD,neurology,Edison,NJ,08820,40.576806,-74.365750,47,,2.7510,135
1992862585,Rowen,Diano,MD,primary-care,Montclair,NJ,07042,40.813487,-74.219011,43,100,4.6725,325
1992873293,Abdul,Mondul,MD,primary-care,Pompton Plains,NJ,07444,40.967407,-74.306967,35,,1.1234,138
1992876023,Frank,Wilczynski,DO,primary-care,Paramus,NJ,07652,40.947299,-74.070169,49,,0.3868,288
1992883235,Paul,Demuro,DO,primary-care,Passaic,NJ,07055,40.857552,-74.129089,47,,1.0706,152
1992883557,Claire,Grigaux,MD,primary-care,Morristown,NJ,07960,40.779235,-74.502462,28,,1.7322,295
1992898720,Barbara,Winfield,DO,primary-care,Voorhees,NJ,08043,39.848570,-74.952843,30,,0.8621,102
1992904445,Ketaki,Vaidhyanathan,MD,psychiatry,Paterson,NJ,07503,40.897548,-74.154121,34,,1.1396,87
1992921811,Selim,Sheikh,MD,primary-care,Hamilton,NJ,08619,40.242301,-74.696408,45,,1.8648,243
1992939235,Stanley,Hsu,MD,gastroenterology,Princeton,NJ,08540,40.364728,-74.656314,23,,3.1169,282
1992950232,Jessica,Chow,DO,primary-care,Wayne,NJ,07470,40.945855,-74.245077,19,,1.1479,166
1992951149,James,Mccloskey,MD,oncology,Hackensack,NJ,07601,40.889398,-74.045698,18,82.96,1.8834,375
1992960991,Roanna,Alcera,MD,primary-care,Hainesport,NJ,08036,39.977956,-74.836334,25,,0.7986,112
1992963169,Martin,Araujo,MD,primary-care,Lakewood,NJ,08701,40.077069,-74.198510,20,98.51,1.3324,641
