provider_key,condition_slug
P00001,hyperlipidemia
P00001,obesity
P00001,gerd
P00001,type-2-diabetes
P00001,hypertension
P00002,ulcerative-colitis
P00002,gerd
P00002,colorectal-cancer
P00002,crohns-disease
P00003,type-2-diabetes
P00003,asthma
P00003,gerd
P00003,hyperlipidemia
P00003,depression
P00004,stroke
P00004,parkinsons-disease
P00004,multiple-sclerosis
P00004,migraine
P00004,alzheimers-disease
P00005,depression
P00005,asthma
P00005,type-2-diabetes
P00005,hypertension
P00006,melanoma
P00006,eczema
P00007,hyperlipidemia
P00007,gerd
P00007,depression
P00007,type-2-diabetes
P00007,asthma
P00008,bipolar-disorder
P00008,schizophrenia
P00008,anxiety-disorder
P00009,asthma
P00009,type-2-diabetes
P00009,hypertension
P00009,hyperlipidemia
P00009,gerd
P00010,acl-tear
P00010,low-back-pain
P00010,osteoporosis
P00010,carpal-tunnel-syndrome
P00010,osteoarthritis
P00011,osteoarthritis
P00011,low-back-pain
P00011,acl-tear
P00011,rotator-cuff-tear
P00012,ptsd
P00012,bipolar-disorder
P00012,anxiety-disorder
P00013,basal-cell-carcinoma
P00013,melanoma
P00014,acne
P00014,rosacea
P00015,irritable-bowel-syndrome
P00015,colorectal-cancer
P00015,cirrhosis
P00015,ulcerative-colitis
P00016,hyperlipidemia
P00016,depression
P00016,obesity
P00016,type-2-diabetes
P00016,asthma
P00017,colorectal-cancer
P00017,cirrhosis
P00017,crohns-disease
P00017,gerd
P00018,obesity
P00018,type-1-diabetes
P00018,osteoporosis
P00018,polycystic-ovary-syndrome
P00019,schizophrenia
P00019,ptsd
P00019,adhd
P00019,bipolar-disorder
P00020,carpal-tunnel-syndrome
P00020,osteoarthritis
P00020,acl-tear
P00020,osteoporosis
P00020,low-back-pain
P00021,type-2-diabetes
P00021,hypothyroidism
P00021,type-1-diabetes
P00021,polycystic-ovary-syndrome
P00021,obesity
P00022,asthma
P00022,pneumonia
P00023,rosacea
P00023,melanoma
P00023,psoriasis
P00023,basal-cell-carcinoma
P00023,acne
P00024,acne
P00024,eczema
P00024,rosacea
P00025,migraine
P00025,stroke
P00025,epilepsy
P00026,rosacea
P00026,psoriasis
P00026,acne
P00026,eczema
P00026,basal-cell-carcinoma
P00027,heart-valve-disease
P00027,heart-failure
P00027,atrial-fibrillation
P00027,hypertension
P00027,hyperlipidemia
P00028,hyperlipidemia
P00028,obesity
P00028,depression
P00028,type-2-diabetes
P00029,gerd
P00029,crohns-disease
P00029,cirrhosis
P00029,ulcerative-colitis
P00030,type-2-diabetes
P00030,asthma
P00030,gerd
P00030,depression
P00030,hypertension
P00031,asthma
P00031,lung-cancer
P00031,copd
P00031,pneumonia
P00032,acl-tear
P00032,rotator-cuff-tear
P00032,low-back-pain
P00032,osteoporosis
P00032,osteoarthritis
P00033,hypertension
P00033,asthma
P00033,hyperlipidemia
P00033,type-2-diabetes
P00033,obesity
P00034,obesity
P00034,hypertension
P00034,gerd
P00034,asthma
P00034,hyperlipidemia
P00035,osteoporosis
P00035,hypothyroidism
P00035,type-1-diabetes
P00035,type-2-diabetes
P00035,obesity
P00036,migraine
P00036,epilepsy
P00036,multiple-sclerosis
P00036,parkinsons-disease
P00036,stroke
P00037,obesity
P00037,hypertension
P00038,type-2-diabetes
P00038,gerd
P00038,depression
P00038,hypertension
P00038,hyperlipidemia
P00039,osteoporosis
P00039,type-1-diabetes
P00039,hypothyroidism
P00039,obesity
P00039,type-2-diabetes
P00040,melanoma
P00040,colorectal-cancer
P00040,lung-cancer
P00041,parkinsons-disease
P00041,migraine
P00042,ulcerative-colitis
P00042,gerd
P00042,crohns-disease
P00042,irritable-bowel-syndrome
P00042,colorectal-cancer
P00043,psoriasis
P00043,rosacea
P00044,asthma
P00044,depression
P00044,hyperlipidemia
P00044,hypertension
P00045,schizophrenia
P00045,bipolar-disorder
P00045,adhd
P00045,depression
P00046,hypertension
P00046,asthma
P00046,hyperlipidemia
P00046,obesity
P00047,hyperlipidemia
P00047,heart-failure
P00047,atrial-fibrillation
P00047,coronary-artery-disease
P00047,hypertension
P00048,sleep-apnea
P00048,lung-cancer
P00049,depression
P00049,hyperlipidemia
P00049,asthma
P00049,type-2-diabetes
P00050,crohns-disease
P00050,ulcerative-colitis
P00051,rosacea
P00051,melanoma
P00051,eczema
P00051,psoriasis
P00052,type-2-diabetes
P00052,hyperlipidemia
P00052,obesity
P00052,hypertension
P00053,hypertension
P00053,coronary-artery-disease
P00053,hyperlipidemia
P00054,rotator-cuff-tear
P00054,osteoarthritis
P00054,osteoporosis
P00054,carpal-tunnel-syndrome
P00055,asthma
P00055,hypertension
P00056,psoriasis
P00056,basal-cell-carcinoma
P00056,eczema
P00056,melanoma
P00057,multiple-sclerosis
P00057,epilepsy
P00058,irritable-bowel-syndrome
P00058,cirrhosis
P00058,gerd
P00059,psoriasis
P00059,rosacea
P00059,acne
P00059,basal-cell-carcinoma
P00060,obesity
P00060,gerd
P00061,depression
P00061,asthma
P00062,type-2-diabetes
P00062,gerd
P00063,breast-cancer
P00063,lymphoma
P00063,prostate-cancer
P00064,atrial-fibrillation
P00064,hyperlipidemia
P00064,coronary-artery-disease
P00065,ulcerative-colitis
P00065,gerd
P00065,irritable-bowel-syndrome
P00066,hypertension
P00066,coronary-artery-disease
P00066,heart-valve-disease
P00067,asthma
P00067,copd
P00067,lung-cancer
P00067,sleep-apnea
P00068,melanoma
P00068,eczema
P00069,heart-failure
P00069,hypertension
P00069,coronary-artery-disease
P00069,atrial-fibrillation
P00070,stroke
P00070,parkinsons-disease
P00070,multiple-sclerosis
P00070,migraine
P00070,alzheimers-disease
P00071,basal-cell-carcinoma
P00071,rosacea
P00072,coronary-artery-disease
P00072,hypertension
P00072,hyperlipidemia
P00072,heart-valve-disease
P00072,heart-failure
P00073,parkinsons-disease
P00073,multiple-sclerosis
P00073,stroke
P00073,migraine
P00074,depression
P00074,bipolar-disorder
P00074,adhd
P00074,schizophrenia
P00074,ptsd
P00075,gerd
P00075,hypertension
P00075,asthma
P00076,migraine
P00076,stroke
P00077,osteoporosis
P00077,carpal-tunnel-syndrome
P00077,rotator-cuff-tear
P00078,copd
P00078,sleep-apnea
P00078,lung-cancer
P00078,pneumonia
P00078,pulmonary-fibrosis
P00079,rotator-cuff-tear
P00079,acl-tear
P00080,asthma
P00080,pulmonary-fibrosis
P00080,copd
P00081,atrial-fibrillation
P00081,hyperlipidemia
P00082,depression
P00082,obesity
P00082,gerd
P00082,asthma
P00083,acl-tear
P00083,carpal-tunnel-syndrome
P00084,alzheimers-disease
P00084,epilepsy
P00084,migraine
P00085,obesity
P00085,gerd
P00085,type-2-diabetes
P00086,obesity
P00086,type-2-diabetes
P00086,gerd
P00086,asthma
P00087,melanoma
P00087,eczema
P00087,psoriasis
P00087,acne
P00088,depression
P00088,type-2-diabetes
P00088,asthma
P00089,melanoma
P00089,basal-cell-carcinoma
P00089,acne
P00089,psoriasis
P00090,psoriasis
P00090,melanoma
P00090,rosacea
P00091,colorectal-cancer
P00091,cirrhosis
P00091,crohns-disease
P00092,epilepsy
P00092,stroke
P00092,migraine
P00093,depression
P00093,hypertension
P00093,obesity
P00093,hyperlipidemia
P00093,type-2-diabetes
P00094,melanoma
P00094,lung-cancer
P00094,colorectal-cancer
P00094,lymphoma
P00094,prostate-cancer
P00095,ulcerative-colitis
P00095,gerd
P00095,cirrhosis
P00095,colorectal-cancer
P00095,irritable-bowel-syndrome
P00096,adhd
P00096,depression
P00097,hyperlipidemia
P00097,type-2-diabetes
P00097,depression
P00097,gerd
P00098,breast-cancer
P00098,prostate-cancer
P00098,colorectal-cancer
P00098,melanoma
P00098,lung-cancer
P00099,multiple-sclerosis
P00099,parkinsons-disease
P00100,asthma
P00100,gerd
P00100,hyperlipidemia
P00101,prostate-cancer
P00101,breast-cancer
P00102,hypothyroidism
P00102,type-2-diabetes
P00102,type-1-diabetes
P00102,osteoporosis
P00102,polycystic-ovary-syndrome
P00103,type-1-diabetes
P00103,osteoporosis
P00103,hypothyroidism
P00103,polycystic-ovary-syndrome
P00103,type-2-diabetes
P00104,hypertension
P00104,coronary-artery-disease
P00104,atrial-fibrillation
P00104,heart-failure
P00104,heart-valve-disease
P00105,adhd
P00105,depression
P00105,ptsd
P00105,schizophrenia
P00106,osteoporosis
P00106,carpal-tunnel-syndrome
P00106,low-back-pain
P00106,rotator-cuff-tear
P00107,copd
P00107,lung-cancer
P00107,pneumonia
P00107,asthma
P00107,sleep-apnea
P00108,acne
P00108,basal-cell-carcinoma
P00109,depression
P00109,adhd
P00109,anxiety-disorder
P00109,bipolar-disorder
P00109,ptsd
P00110,obesity
P00110,type-2-diabetes
P00111,pulmonary-fibrosis
P00111,asthma
P00111,copd
P00111,pneumonia
P00111,sleep-apnea
P00112,cirrhosis
P00112,crohns-disease
P00112,gerd
P00112,irritable-bowel-syndrome
P00112,ulcerative-colitis
P00113,acne
P00113,psoriasis
P00114,obesity
P00114,depression
P00114,gerd
P00114,hyperlipidemia
P00115,multiple-sclerosis
P00115,migraine
P00116,crohns-disease
P00116,colorectal-cancer
P00116,gerd
P00116,cirrhosis
P00116,irritable-bowel-syndrome
P00117,prostate-cancer
P00117,melanoma
P00117,lung-cancer
P00117,breast-cancer
P00117,colorectal-cancer
P00118,gerd
P00118,hyperlipidemia
P00118,obesity
P00119,melanoma
P00119,acne
P00120,crohns-disease
P00120,colorectal-cancer
P00120,gerd
P00121,psoriasis
P00121,acne
P00121,eczema
P00122,hyperlipidemia
P00122,depression
P00122,type-2-diabetes
P00123,irritable-bowel-syndrome
P00123,ulcerative-colitis
P00123,colorectal-cancer
P00123,cirrhosis
P00123,crohns-disease
P00124,osteoporosis
P00124,polycystic-ovary-syndrome
P00125,type-2-diabetes
P00125,asthma
P00126,schizophrenia
P00126,anxiety-disorder
P00127,asthma
P00127,hyperlipidemia
P00127,depression
P00127,obesity
P00128,depression
P00128,asthma
P00129,asthma
P00129,sleep-apnea
P00129,pulmonary-fibrosis
P00129,pneumonia
P00130,type-2-diabetes
P00130,hypertension
P00130,depression
P00131,hyperlipidemia
P00131,heart-valve-disease
P00131,hypertension
P00131,heart-failure
P00131,atrial-fibrillation
P00132,acl-tear
P00132,low-back-pain
P00133,gerd
P00133,asthma
P00134,type-1-diabetes
P00134,type-2-diabetes
P00135,acne
P00135,rosacea
P00135,eczema
P00135,basal-cell-carcinoma
P00136,osteoarthritis
P00136,carpal-tunnel-syndrome
P00136,low-back-pain
P00136,osteoporosis
P00136,acl-tear
P00137,eczema
P00137,rosacea
P00137,basal-cell-carcinoma
P00137,acne
P00137,melanoma
P00138,osteoarthritis
P00138,acl-tear
P00138,low-back-pain
P00139,gerd
P00139,colorectal-cancer
P00139,irritable-bowel-syndrome
P00139,ulcerative-colitis
P00139,crohns-disease
P00140,schizophrenia
P00140,adhd
P00140,ptsd
P00140,depression
P00140,bipolar-disorder
P00141,acne
P00141,eczema
P00141,psoriasis
P00142,hyperlipidemia
P00142,atrial-fibrillation
P00142,coronary-artery-disease
P00143,depression
P00143,adhd
P00143,schizophrenia
P00144,coronary-artery-disease
P00144,heart-valve-disease
P00145,stroke
P00145,migraine
P00145,epilepsy
P00145,multiple-sclerosis
P00145,parkinsons-disease
P00146,bipolar-disorder
P00146,ptsd
P00147,colorectal-cancer
P00147,irritable-bowel-syndrome
P00148,heart-failure
P00148,heart-valve-disease
P00148,atrial-fibrillation
P00148,coronary-artery-disease
P00149,hypertension
P00149,obesity
P00149,depression
P00149,type-2-diabetes
P00150,colorectal-cancer
P00150,irritable-bowel-syndrome
P00151,colorectal-cancer
P00151,crohns-disease
P00151,gerd
P00152,bipolar-disorder
P00152,adhd
P00152,schizophrenia
P00152,depression
P00153,cirrhosis
P00153,crohns-disease
P00153,ulcerative-colitis
P00153,colorectal-cancer
P00153,irritable-bowel-syndrome
P00154,psoriasis
P00154,eczema
P00154,rosacea
P00155,ulcerative-colitis
P00155,cirrhosis
P00155,colorectal-cancer
P00156,rotator-cuff-tear
P00156,osteoporosis
P00156,low-back-pain
P00156,acl-tear
P00157,pneumonia
P00157,asthma
P00157,lung-cancer
P00158,melanoma
P00158,basal-cell-carcinoma
P00158,eczema
P00158,psoriasis
P00159,type-2-diabetes
P00159,obesity
P00159,asthma
P00159,gerd
P00160,hypothyroidism
P00160,type-2-diabetes
P00161,osteoporosis
P00161,obesity
P00161,polycystic-ovary-syndrome
P00161,type-2-diabetes
P00161,hypothyroidism
P00162,obesity
P00162,hypertension
P00162,hyperlipidemia
P00163,hyperlipidemia
P00163,hypertension
P00163,asthma
P00163,type-2-diabetes
P00164,adhd
P00164,ptsd
P00164,depression
P00164,bipolar-disorder
P00165,schizophrenia
P00165,depression
P00165,adhd
P00166,acne
P00166,melanoma
P00167,hypertension
P00167,hyperlipidemia
P00168,hypertension
P00168,hyperlipidemia
P00168,depression
P00169,schizophrenia
P00169,ptsd
P00170,heart-failure
P00170,hyperlipidemia
P00170,hypertension
P00170,atrial-fibrillation
P00170,coronary-artery-disease
P00171,asthma
P00171,depression
P00171,hypertension
P00171,gerd
P00171,hyperlipidemia
P00172,lymphoma
P00172,lung-cancer
P00172,colorectal-cancer
P00172,melanoma
P00172,prostate-cancer
P00173,crohns-disease
P00173,gerd
P00174,depression
P00174,gerd
P00174,obesity
P00174,hyperlipidemia
P00174,type-2-diabetes
P00175,depression
P00175,asthma
P00175,gerd
P00175,type-2-diabetes
P00176,obesity
P00176,polycystic-ovary-syndrome
P00176,hypothyroidism
P00176,type-1-diabetes
P00176,type-2-diabetes
P00177,pneumonia
P00177,pulmonary-fibrosis
P00177,sleep-apnea
P00178,melanoma
P00178,basal-cell-carcinoma
P00178,psoriasis
P00178,eczema
P00179,schizophrenia
P00179,adhd
P00179,bipolar-disorder
P00179,depression
P00180,ulcerative-colitis
P00180,colorectal-cancer
P00180,cirrhosis
P00180,irritable-bowel-syndrome
P00180,gerd
P00181,asthma
P00181,hyperlipidemia
P00181,type-2-diabetes
P00181,hypertension
P00182,ptsd
P00182,anxiety-disorder
P00183,heart-valve-disease
P00183,hyperlipidemia
P00184,coronary-artery-disease
P00184,heart-valve-disease
P00184,hypertension
P00185,hyperlipidemia
P00185,asthma
P00186,ulcerative-colitis
P00186,colorectal-cancer
P00186,gerd
P00186,crohns-disease
P00187,obesity
P00187,depression
P00187,asthma
P00187,type-2-diabetes
P00188,colorectal-cancer
P00188,ulcerative-colitis
P00188,irritable-bowel-syndrome
P00189,depression
P00189,gerd
P00189,hyperlipidemia
P00190,obesity
P00190,depression
P00190,hypertension
P00190,gerd
P00190,type-2-diabetes
P00191,stroke
P00191,epilepsy
P00192,melanoma
P00192,breast-cancer
P00192,lymphoma
P00192,colorectal-cancer
P00192,lung-cancer
P00193,acl-tear
P00193,osteoporosis
P00193,carpal-tunnel-syndrome
P00193,low-back-pain
P00193,osteoarthritis
P00194,ulcerative-colitis
P00194,colorectal-cancer
P00194,gerd
P00195,depression
P00195,obesity
P00195,type-2-diabetes
P00195,hypertension
P00195,hyperlipidemia
P00196,rotator-cuff-tear
P00196,osteoarthritis
P00196,osteoporosis
P00196,acl-tear
P00196,low-back-pain
P00197,basal-cell-carcinoma
P00197,acne
P00197,psoriasis
P00198,hypertension
P00198,type-2-diabetes
P00199,psoriasis
P00199,acne
P00199,basal-cell-carcinoma
P00199,eczema
P00200,rotator-cuff-tear
P00200,osteoporosis
P00200,carpal-tunnel-syndrome
P00200,acl-tear
P00201,schizophrenia
P00201,ptsd
P00201,depression
P00201,anxiety-disorder
P00202,acl-tear
P00202,rotator-cuff-tear
P00202,carpal-tunnel-syndrome
P00203,low-back-pain
P00203,acl-tear
P00204,gerd
P00204,hypertension
P00204,depression
P00204,type-2-diabetes
P00204,hyperlipidemia
P00205,copd
P00205,asthma
P00205,sleep-apnea
P00205,pulmonary-fibrosis
P00206,osteoporosis
P00206,acl-tear
P00207,gerd
P00207,depression
P00207,type-2-diabetes
P00207,asthma
P00208,heart-valve-disease
P00208,heart-failure
P00208,hyperlipidemia
P00208,coronary-artery-disease
P00208,atrial-fibrillation
P00209,lymphoma
P00209,lung-cancer
P00209,melanoma
P00210,osteoarthritis
P00210,low-back-pain
P00210,rotator-cuff-tear
P00211,copd
P00211,sleep-apnea
P00211,asthma
P00211,lung-cancer
P00212,depression
P00212,hypertension
P00212,gerd
P00213,breast-cancer
P00213,melanoma
P00213,lymphoma
P00213,prostate-cancer
P00213,colorectal-cancer
P00214,rotator-cuff-tear
P00214,acl-tear
P00214,low-back-pain
P00214,osteoporosis
P00214,osteoarthritis
P00215,alzheimers-disease
P00215,migraine
P00215,epilepsy
P00215,parkinsons-disease
P00215,multiple-sclerosis
P00216,hypertension
P00216,depression
P00216,gerd
P00217,crohns-disease
P00217,gerd
P00217,colorectal-cancer
P00217,irritable-bowel-syndrome
P00218,prostate-cancer
P00218,breast-cancer
P00219,depression
P00219,gerd
P00219,hyperlipidemia
P00219,type-2-diabetes
P00219,asthma
P00220,lung-cancer
P00220,breast-cancer
P00221,depression
P00221,type-2-diabetes
P00222,hypertension
P00222,heart-failure
P00222,hyperlipidemia
P00222,coronary-artery-disease
P00222,atrial-fibrillation
P00223,type-2-diabetes
P00223,obesity
P00223,asthma
P00223,gerd
P00224,hypertension
P00224,heart-valve-disease
P00224,atrial-fibrillation
P00225,stroke
P00225,multiple-sclerosis
P00226,hyperlipidemia
P00226,hypertension
P00226,coronary-artery-disease
P00226,atrial-fibrillation
P00227,gerd
P00227,obesity
P00228,acne
P00228,rosacea
P00229,melanoma
P00229,lymphoma
P00230,basal-cell-carcinoma
P00230,acne
P00230,rosacea
P00231,depression
P00231,asthma
P00231,obesity
P00231,hyperlipidemia
P00232,ptsd
P00232,bipolar-disorder
P00232,anxiety-disorder
P00232,adhd
P00233,rosacea
P00233,psoriasis
P00233,melanoma
P00234,lymphoma
P00234,prostate-cancer
P00234,breast-cancer
P00235,migraine
P00235,epilepsy
P00235,stroke
P00236,heart-failure
P00236,heart-valve-disease
P00236,hyperlipidemia
P00236,hypertension
P00236,coronary-artery-disease
P00237,lymphoma
P00237,lung-cancer
P00237,colorectal-cancer
P00237,prostate-cancer
P00237,melanoma
P00238,obesity
P00238,type-2-diabetes
P00238,gerd
P00239,schizophrenia
P00239,depression
P00239,bipolar-disorder
P00240,multiple-sclerosis
P00240,stroke
P00240,epilepsy
P00241,carpal-tunnel-syndrome
P00241,acl-tear
P00242,eczema
P00242,acne
P00242,melanoma
P00242,rosacea
P00243,lung-cancer
P00243,colorectal-cancer
P00244,carpal-tunnel-syndrome
P00244,low-back-pain
P00244,rotator-cuff-tear
P00244,osteoarthritis
P00245,type-2-diabetes
P00245,depression
P00246,asthma
P00246,obesity
P00246,depression
P00246,hypertension
P00247,depression
P00247,type-2-diabetes
P00247,hypertension
P00247,hyperlipidemia
P00248,psoriasis
P00248,melanoma
P00248,eczema
P00248,acne
P00249,osteoporosis
P00249,osteoarthritis
P00249,acl-tear
P00250,colorectal-cancer
P00250,melanoma
P00250,lung-cancer
P00250,prostate-cancer
P00251,acl-tear
P00251,osteoarthritis
P00252,hyperlipidemia
P00252,heart-failure
P00252,hypertension
P00252,coronary-artery-disease
P00252,heart-valve-disease
P00253,coronary-artery-disease
P00253,atrial-fibrillation
P00254,obesity
P00254,depression
P00254,hypertension
P00255,parkinsons-disease
P00255,epilepsy
P00256,epilepsy
P00256,multiple-sclerosis
P00256,stroke
P00257,hypertension
P00257,type-2-diabetes
P00257,depression
P00257,hyperlipidemia
P00258,melanoma
P00258,lymphoma
P00259,acl-tear
P00259,carpal-tunnel-syndrome
P00259,osteoarthritis
P00260,gerd
P00260,depression
P00261,coronary-artery-disease
P00261,heart-valve-disease
P00261,heart-failure
P00261,hypertension
P00262,type-1-diabetes
P00262,type-2-diabetes
P00262,polycystic-ovary-syndrome
P00262,obesity
P00263,sleep-apnea
P00263,pneumonia
P00263,pulmonary-fibrosis
P00264,rosacea
P00264,eczema
P00264,psoriasis
P00264,melanoma
P00264,basal-cell-carcinoma
P00265,heart-valve-disease
P00265,heart-failure
P00265,hyperlipidemia
P00265,coronary-artery-disease
P00265,atrial-fibrillation
P00266,gerd
P00266,asthma
P00266,hypertension
P00267,polycystic-ovary-syndrome
P00267,type-1-diabetes
P00267,obesity
P00267,osteoporosis
P00267,hypothyroidism
P00268,basal-cell-carcinoma
P00268,eczema
P00268,acne
P00268,rosacea
P00268,melanoma
P00269,hyperlipidemia
P00269,heart-failure
P00270,heart-valve-disease
P00270,heart-failure
P00270,hyperlipidemia
P00270,coronary-artery-disease
P00271,atrial-fibrillation
P00271,hyperlipidemia
P00271,heart-valve-disease
P00271,hypertension
P00272,atrial-fibrillation
P00272,hyperlipidemia
P00273,atrial-fibrillation
P00273,coronary-artery-disease
P00273,heart-valve-disease
P00274,epilepsy
P00274,migraine
P00275,crohns-disease
P00275,gerd
P00275,ulcerative-colitis
P00275,irritable-bowel-syndrome
P00275,colorectal-cancer
P00276,type-2-diabetes
P00276,hypertension
P00276,hyperlipidemia
P00277,osteoporosis
P00277,osteoarthritis
P00277,acl-tear
P00278,hyperlipidemia
P00278,depression
P00278,gerd
P00278,obesity
P00278,hypertension
P00279,prostate-cancer
P00279,lymphoma
P00279,breast-cancer
P00280,atrial-fibrillation
P00280,hyperlipidemia
P00281,prostate-cancer
P00281,lymphoma
P00281,melanoma
P00281,breast-cancer
P00281,lung-cancer
P00282,cirrhosis
P00282,colorectal-cancer
P00282,irritable-bowel-syndrome
P00283,polycystic-ovary-syndrome
P00283,type-2-diabetes
P00283,type-1-diabetes
P00284,epilepsy
P00284,parkinsons-disease
P00285,heart-failure
P00285,hypertension
P00285,hyperlipidemia
P00285,atrial-fibrillation
P00286,copd
P00286,pneumonia
P00286,lung-cancer
P00286,sleep-apnea
P00286,asthma
P00287,eczema
P00287,psoriasis
P00287,basal-cell-carcinoma
P00287,melanoma
P00288,depression
P00288,gerd
P00288,obesity
P00289,stroke
P00289,parkinsons-disease
P00290,depression
P00290,gerd
P00290,hypertension
P00290,hyperlipidemia
P00290,type-2-diabetes
P00291,pulmonary-fibrosis
P00291,sleep-apnea
P00292,heart-failure
P00292,hypertension
P00292,hyperlipidemia
P00292,atrial-fibrillation
P00292,heart-valve-disease
P00293,multiple-sclerosis
P00293,stroke
P00294,polycystic-ovary-syndrome
P00294,type-2-diabetes
P00294,osteoporosis
P00295,hypertension
P00295,hyperlipidemia
P00295,asthma
P00296,asthma
P00296,type-2-diabetes
P00296,hyperlipidemia
P00296,obesity
P00297,lung-cancer
P00297,sleep-apnea
P00298,irritable-bowel-syndrome
P00298,gerd
P00298,ulcerative-colitis
P00298,cirrhosis
P00299,hyperlipidemia
P00299,type-2-diabetes
P00300,ptsd
P00300,schizophrenia
P00300,anxiety-disorder
P00300,bipolar-disorder
P00301,lymphoma
P00301,prostate-cancer
P00301,melanoma
P00301,lung-cancer
P00301,colorectal-cancer
P00302,atrial-fibrillation
P00302,hyperlipidemia
P00302,coronary-artery-disease
P00302,hypertension
P00302,heart-failure
P00303,atrial-fibrillation
P00303,heart-failure
P00303,coronary-artery-disease
P00303,heart-valve-disease
P00303,hyperlipidemia
P00304,asthma
P00304,hyperlipidemia
P00304,obesity
P00304,gerd
P00305,rotator-cuff-tear
P00305,osteoarthritis
P00305,carpal-tunnel-syndrome
P00305,low-back-pain
P00306,hypertension
P00306,coronary-artery-disease
P00306,heart-failure
P00306,heart-valve-disease
P00307,hyperlipidemia
P00307,gerd
P00307,type-2-diabetes
P00307,asthma
P00308,adhd
P00308,ptsd
P00309,gerd
P00309,obesity
P00309,hyperlipidemia
P00310,obesity
P00310,type-2-diabetes
P00310,hypertension
P00310,hyperlipidemia
P00310,depression
P00311,eczema
P00311,melanoma
P00311,psoriasis
P00311,basal-cell-carcinoma
P00312,pulmonary-fibrosis
P00312,pneumonia
P00313,schizophrenia
P00313,adhd
P00314,lymphoma
P00314,breast-cancer
P00315,rosacea
P00315,eczema
P00315,basal-cell-carcinoma
P00316,crohns-disease
P00316,colorectal-cancer
P00316,ulcerative-colitis
P00316,irritable-bowel-syndrome
P00317,obesity
P00317,depression
P00317,hyperlipidemia
P00317,type-2-diabetes
P00318,osteoarthritis
P00318,acl-tear
P00318,carpal-tunnel-syndrome
P00319,obesity
P00319,hyperlipidemia
P00319,depression
P00319,asthma
P00319,type-2-diabetes
P00320,low-back-pain
P00320,osteoporosis
P00320,acl-tear
P00320,rotator-cuff-tear
P00320,carpal-tunnel-syndrome
P00321,obesity
P00321,type-2-diabetes
P00322,melanoma
P00322,eczema
P00322,basal-cell-carcinoma
P00322,psoriasis
P00323,lung-cancer
P00323,sleep-apnea
P00323,copd
P00323,pulmonary-fibrosis
P00323,asthma
P00324,obesity
P00324,type-2-diabetes
P00325,hyperlipidemia
P00325,hypertension
P00325,type-2-diabetes
P00326,alzheimers-disease
P00326,multiple-sclerosis
P00326,epilepsy
P00326,parkinsons-disease
P00326,migraine
P00327,sleep-apnea
P00327,pulmonary-fibrosis
P00327,lung-cancer
P00328,basal-cell-carcinoma
P00328,melanoma
P00328,eczema
P00328,psoriasis
P00328,rosacea
P00329,hyperlipidemia
P00329,depression
P00329,hypertension
P00330,type-1-diabetes
P00330,osteoporosis
P00330,type-2-diabetes
P00330,obesity
P00330,polycystic-ovary-syndrome
P00331,acl-tear
P00331,low-back-pain
P00331,osteoarthritis
P00331,osteoporosis
P00331,carpal-tunnel-syndrome
P00332,osteoporosis
P00332,osteoarthritis
P00332,carpal-tunnel-syndrome
P00332,low-back-pain
P00332,rotator-cuff-tear
P00333,gerd
P00333,asthma
P00333,obesity
P00333,hyperlipidemia
P00334,sleep-apnea
P00334,pneumonia
P00335,stroke
P00335,multiple-sclerosis
P00336,asthma
P00336,lung-cancer
P00337,copd
P00337,pneumonia
P00337,asthma
P00337,lung-cancer
P00337,sleep-apnea
P00338,melanoma
P00338,prostate-cancer
P00338,lymphoma
P00339,heart-valve-disease
P00339,coronary-artery-disease
P00339,hyperlipidemia
P00339,hypertension
P00340,ulcerative-colitis
P00340,cirrhosis
P00340,irritable-bowel-syndrome
P00341,acl-tear
P00341,rotator-cuff-tear
P00342,gerd
P00342,asthma
P00342,hyperlipidemia
P00342,hypertension
P00342,depression
P00343,depression
P00343,type-2-diabetes
P00343,gerd
P00343,obesity
P00343,asthma
P00344,melanoma
P00344,prostate-cancer
P00344,colorectal-cancer
P00344,lymphoma
P00345,osteoarthritis
P00345,low-back-pain
P00345,acl-tear
P00345,osteoporosis
P00346,obesity
P00346,hyperlipidemia
P00346,depression
P00346,type-2-diabetes
P00346,gerd
P00347,hyperlipidemia
P00347,hypertension
P00347,heart-valve-disease
P00347,coronary-artery-disease
P00347,atrial-fibrillation
P00348,bipolar-disorder
P00348,depression
P00348,adhd
P00348,schizophrenia
P00348,ptsd
P00349,acne
P00349,psoriasis
P00350,psoriasis
P00350,melanoma
P00351,depression
P00351,gerd
P00351,type-2-diabetes
P00351,hyperlipidemia
P00351,hypertension
P00352,atrial-fibrillation
P00352,heart-failure
P00352,coronary-artery-disease
P00352,heart-valve-disease
P00353,adhd
P00353,depression
P00354,pneumonia
P00354,copd
P00354,asthma
P00354,lung-cancer
P00355,colorectal-cancer
P00355,ulcerative-colitis
P00355,gerd
P00356,type-1-diabetes
P00356,hypothyroidism
P00357,pneumonia
P00357,sleep-apnea
P00357,lung-cancer
P00358,depression
P00358,adhd
P00358,schizophrenia
P00359,colorectal-cancer
P00359,ulcerative-colitis
P00359,crohns-disease
P00359,cirrhosis
P00359,irritable-bowel-syndrome
P00360,asthma
P00360,gerd
P00360,type-2-diabetes
P00361,migraine
P00361,epilepsy
P00361,alzheimers-disease
P00362,colorectal-cancer
P00362,breast-cancer
P00363,depression
P00363,ptsd
P00363,anxiety-disorder
P00363,adhd
P00364,eczema
P00364,basal-cell-carcinoma
P00364,psoriasis
P00365,adhd
P00365,bipolar-disorder
P00365,anxiety-disorder
P00366,parkinsons-disease
P00366,stroke
P00366,alzheimers-disease
P00366,migraine
P00367,stroke
P00367,epilepsy
P00367,multiple-sclerosis
P00367,alzheimers-disease
P00367,migraine
P00368,rotator-cuff-tear
P00368,osteoarthritis
P00369,basal-cell-carcinoma
P00369,melanoma
P00369,eczema
P00370,heart-valve-disease
P00370,atrial-fibrillation
P00370,coronary-artery-disease
P00370,hypertension
P00370,heart-failure
P00371,pneumonia
P00371,pulmonary-fibrosis
P00371,copd
P00371,asthma
P00371,lung-cancer
P00372,asthma
P00372,type-2-diabetes
P00372,hypertension
P00372,hyperlipidemia
P00372,gerd
P00373,hyperlipidemia
P00373,gerd
P00374,colorectal-cancer
P00374,melanoma
P00374,lymphoma
P00375,gerd
P00375,asthma
P00375,obesity
P00376,obesity
P00376,depression
P00376,hyperlipidemia
P00376,type-2-diabetes
P00377,carpal-tunnel-syndrome
P00377,osteoporosis
P00378,hypothyroidism
P00378,osteoporosis
P00378,obesity
P00379,lymphoma
P00379,breast-cancer
P00379,melanoma
P00380,melanoma
P00380,breast-cancer
P00381,melanoma
P00381,lung-cancer
P00381,lymphoma
P00381,prostate-cancer
P00381,breast-cancer
P00382,breast-cancer
P00382,melanoma
P00382,lymphoma
P00382,lung-cancer
P00382,colorectal-cancer
P00383,polycystic-ovary-syndrome
P00383,type-2-diabetes
P00383,hypothyroidism
P00384,obesity
P00384,hyperlipidemia
P00384,gerd
P00385,rosacea
P00385,acne
P00385,eczema
P00385,basal-cell-carcinoma
P00385,melanoma
P00386,obesity
P00386,depression
P00386,type-2-diabetes
P00386,hypertension
P00387,breast-cancer
P00387,colorectal-cancer
P00387,melanoma
P00388,schizophrenia
P00388,anxiety-disorder
P00388,ptsd
P00389,basal-cell-carcinoma
P00389,eczema
P00389,acne
P00389,rosacea
P00389,psoriasis
P00390,heart-failure
P00390,coronary-artery-disease
P00390,atrial-fibrillation
P00391,gerd
P00391,depression
P00391,type-2-diabetes
P00391,obesity
P00391,hyperlipidemia
P00392,cirrhosis
P00392,gerd
P00392,irritable-bowel-syndrome
P00392,ulcerative-colitis
P00393,obesity
P00393,depression
P00393,hypertension
P00393,asthma
P00394,psoriasis
P00394,basal-cell-carcinoma
P00394,melanoma
P00395,gerd
P00395,ulcerative-colitis
P00395,colorectal-cancer
P00395,irritable-bowel-syndrome
P00396,multiple-sclerosis
P00396,migraine
P00397,obesity
P00397,asthma
P00397,depression
P00398,low-back-pain
P00398,osteoporosis
P00398,carpal-tunnel-syndrome
P00399,type-1-diabetes
P00399,type-2-diabetes
P00399,hypothyroidism
P00399,osteoporosis
P00400,low-back-pain
P00400,carpal-tunnel-syndrome
P00400,osteoarthritis
P00400,rotator-cuff-tear
P00401,colorectal-cancer
P00401,cirrhosis
P00401,gerd
P00402,melanoma
P00402,colorectal-cancer
P00403,obesity
P00403,asthma
P00403,hypertension
P00404,melanoma
P00404,breast-cancer
P00405,asthma
P00405,gerd
P00405,obesity
P00405,hyperlipidemia
P00406,type-2-diabetes
P00406,hyperlipidemia
P00406,gerd
P00406,obesity
P00407,atrial-fibrillation
P00407,heart-failure
P00407,coronary-artery-disease
P00408,anxiety-disorder
P00408,schizophrenia
P00408,depression
P00408,adhd
P00408,bipolar-disorder
P00409,obesity
P00409,gerd
P00409,hyperlipidemia
P00409,type-2-diabetes
P00409,hypertension
P00410,type-2-diabetes
P00410,obesity
P00410,gerd
P00410,hyperlipidemia
P00411,stroke
P00411,epilepsy
P00412,depression
P00412,bipolar-disorder
P00412,anxiety-disorder
P00413,hyperlipidemia
P00413,type-2-diabetes
P00413,gerd
P00413,hypertension
P00413,depression
P00414,lung-cancer
P00414,asthma
P00414,copd
P00414,pneumonia
P00414,pulmonary-fibrosis
P00415,melanoma
P00415,breast-cancer
P00415,prostate-cancer
P00415,colorectal-cancer
P00416,schizophrenia
P00416,ptsd
P00417,psoriasis
P00417,melanoma
P00417,basal-cell-carcinoma
P00418,eczema
P00418,basal-cell-carcinoma
P00419,basal-cell-carcinoma
P00419,acne
P00420,hyperlipidemia
P00420,asthma
P00420,obesity
P00421,anxiety-disorder
P00421,adhd
P00422,psoriasis
P00422,basal-cell-carcinoma
P00422,acne
P00422,rosacea
P00423,hyperlipidemia
P00423,type-2-diabetes
P00423,hypertension
P00423,depression
P00424,ptsd
P00424,bipolar-disorder
P00424,anxiety-disorder
P00425,psoriasis
P00425,rosacea
P00425,basal-cell-carcinoma
P00425,eczema
P00425,melanoma
P00426,parkinsons-disease
P00426,epilepsy
P00427,depression
P00427,asthma
P00427,hypertension
P00427,hyperlipidemia
P00428,osteoarthritis
P00428,osteoporosis
P00428,acl-tear
P00429,prostate-cancer
P00429,breast-cancer
P00430,low-back-pain
P00430,osteoporosis
P00430,rotator-cuff-tear
P00431,carpal-tunnel-syndrome
P00431,rotator-cuff-tear
P00431,osteoporosis
P00431,low-back-pain
P00431,osteoarthritis
P00432,prostate-cancer
P00432,colorectal-cancer
P00432,breast-cancer
P00432,melanoma
P00433,atrial-fibrillation
P00433,hyperlipidemia
P00434,copd
P00434,lung-cancer
P00435,carpal-tunnel-syndrome
P00435,acl-tear
P00436,anxiety-disorder
P00436,bipolar-disorder
P00436,depression
P00436,schizophrenia
P00436,adhd
P00437,migraine
P00437,alzheimers-disease
P00437,multiple-sclerosis
P00437,stroke
P00437,epilepsy
P00438,atrial-fibrillation
P00438,hyperlipidemia
P00438,hypertension
P00438,heart-failure
P00438,heart-valve-disease
P00439,osteoporosis
P00439,rotator-cuff-tear
P00439,carpal-tunnel-syndrome
P00439,low-back-pain
P00439,acl-tear
P00440,hypertension
P00440,atrial-fibrillation
P00440,coronary-artery-disease
P00440,heart-valve-disease
P00440,heart-failure
P00441,acl-tear
P00441,carpal-tunnel-syndrome
P00441,osteoporosis
P00441,low-back-pain
P00441,rotator-cuff-tear
P00442,obesity
P00442,hyperlipidemia
P00442,gerd
P00442,depression
P00443,asthma
P00443,sleep-apnea
P00443,lung-cancer
P00443,pneumonia
P00443,copd
P00444,heart-valve-disease
P00444,heart-failure
P00444,hypertension
P00444,atrial-fibrillation
P00445,hyperlipidemia
P00445,heart-failure
P00445,atrial-fibrillation
P00445,heart-valve-disease
P00445,coronary-artery-disease
P00446,cirrhosis
P00446,crohns-disease
P00447,basal-cell-carcinoma
P00447,melanoma
P00447,acne
P00448,lung-cancer
P00448,breast-cancer
P00448,prostate-cancer
P00448,lymphoma
P00448,colorectal-cancer
P00449,lymphoma
P00449,colorectal-cancer
P00450,hypertension
P00450,type-2-diabetes
P00450,hyperlipidemia
P00450,asthma
P00450,gerd
P00451,asthma
P00451,pulmonary-fibrosis
P00451,sleep-apnea
P00451,lung-cancer
P00451,pneumonia
P00452,irritable-bowel-syndrome
P00452,gerd
P00452,colorectal-cancer
P00453,heart-valve-disease
P00453,atrial-fibrillation
P00453,coronary-artery-disease
P00454,obesity
P00454,hypertension
P00455,gerd
P00455,depression
P00455,asthma
P00455,hypertension
P00455,obesity
P00456,hyperlipidemia
P00456,hypertension
P00456,type-2-diabetes
P00456,gerd
P00456,depression
P00457,hypothyroidism
P00457,polycystic-ovary-syndrome
P00457,type-1-diabetes
P00457,type-2-diabetes
P00457,osteoporosis
P00458,depression
P00458,type-2-diabetes
P00458,obesity
P00459,cirrhosis
P00459,ulcerative-colitis
P00459,colorectal-cancer
P00459,irritable-bowel-syndrome
P00460,sleep-apnea
P00460,copd
P00461,rotator-cuff-tear
P00461,acl-tear
P00461,carpal-tunnel-syndrome
P00461,low-back-pain
P00461,osteoarthritis
P00462,lung-cancer
P00462,pneumonia
P00462,pulmonary-fibrosis
P00462,asthma
P00463,coronary-artery-disease
P00463,heart-valve-disease
P00463,atrial-fibrillation
P00463,hypertension
P00463,hyperlipidemia
P00464,psoriasis
P00464,melanoma
P00464,eczema
P00464,basal-cell-carcinoma
P00465,type-2-diabetes
P00465,hypothyroidism
P00466,copd
P00466,pneumonia
P00466,lung-cancer
P00466,sleep-apnea
P00466,asthma
P00467,hypothyroidism
P00467,polycystic-ovary-syndrome
P00467,osteoporosis
P00467,obesity
P00467,type-2-diabetes
P00468,obesity
P00468,hyperlipidemia
P00468,hypertension
P00468,depression
P00469,prostate-cancer
P00469,lymphoma
P00469,breast-cancer
P00470,colorectal-cancer
P00470,irritable-bowel-syndrome
P00470,cirrhosis
P00470,crohns-disease
P00470,gerd
P00471,pulmonary-fibrosis
P00471,asthma
P00471,copd
P00471,sleep-apnea
P00471,pneumonia
P00472,sleep-apnea
P00472,asthma
P00472,copd
P00473,depression
P00473,gerd
P00473,asthma
P00473,hyperlipidemia
P00474,anxiety-disorder
P00474,adhd
P00474,schizophrenia
P00474,bipolar-disorder
P00475,sleep-apnea
P00475,copd
P00475,pneumonia
P00475,asthma
P00476,breast-cancer
P00476,colorectal-cancer
P00476,melanoma
P00476,lymphoma
P00476,lung-cancer
P00477,pulmonary-fibrosis
P00477,sleep-apnea
P00477,asthma
P00478,rosacea
P00478,acne
P00478,melanoma
P00478,psoriasis
P00478,eczema
P00479,type-2-diabetes
P00479,asthma
P00479,hypertension
P00479,obesity
P00480,multiple-sclerosis
P00480,migraine
P00480,epilepsy
P00480,parkinsons-disease
P00480,stroke
P00481,parkinsons-disease
P00481,alzheimers-disease
P00481,epilepsy
P00481,multiple-sclerosis
P00481,stroke
P00482,osteoarthritis
P00482,osteoporosis
P00482,acl-tear
P00483,crohns-disease
P00483,cirrhosis
P00483,irritable-bowel-syndrome
P00483,colorectal-cancer
P00484,osteoporosis
P00484,low-back-pain
P00484,acl-tear
P00484,rotator-cuff-tear
P00484,carpal-tunnel-syndrome
P00485,multiple-sclerosis
P00485,parkinsons-disease
P00485,alzheimers-disease
P00485,migraine
P00486,sleep-apnea
P00486,copd
P00486,asthma
P00486,pneumonia
P00487,pneumonia
P00487,lung-cancer
P00487,pulmonary-fibrosis
P00487,sleep-apnea
P00488,obesity
P00488,asthma
P00488,depression
P00489,hypertension
P00489,depression
P00490,acl-tear
P00490,rotator-cuff-tear
P00490,carpal-tunnel-syndrome
P00491,colorectal-cancer
P00491,irritable-bowel-syndrome
P00491,gerd
P00492,atrial-fibrillation
P00492,hypertension
P00492,heart-failure
P00492,hyperlipidemia
P00492,heart-valve-disease
P00493,osteoarthritis
P00493,carpal-tunnel-syndrome
P00494,lung-cancer
P00494,prostate-cancer
P00494,colorectal-cancer
P00494,melanoma
P00495,type-2-diabetes
P00495,gerd
P00496,type-2-diabetes
P00496,hypertension
P00496,depression
P00496,asthma
P00497,asthma
P00497,type-2-diabetes
P00497,obesity
P00497,depression
P00497,gerd
P00498,hypertension
P00498,heart-failure
P00499,depression
P00499,type-2-diabetes
P00499,hyperlipidemia
P00500,gerd
P00500,hyperlipidemia
P00500,obesity
P00501,depression
P00501,hypertension
P00501,obesity
P00502,atrial-fibrillation
P00502,heart-valve-disease
P00502,hyperlipidemia
P00502,coronary-artery-disease
P00503,lung-cancer
P00503,asthma
P00503,copd
P00503,pulmonary-fibrosis
P00504,migraine
P00504,multiple-sclerosis
P00504,stroke
P00505,hypertension
P00505,obesity
P00505,depression
P00506,multiple-sclerosis
P00506,migraine
P00507,polycystic-ovary-syndrome
P00507,osteoporosis
P00508,basal-cell-carcinoma
P00508,melanoma
P00508,psoriasis
P00508,eczema
P00508,rosacea
P00509,obesity
P00509,type-2-diabetes
P00509,hyperlipidemia
P00509,depression
P00509,hypertension
P00510,rotator-cuff-tear
P00510,low-back-pain
P00510,acl-tear
P00510,osteoporosis
P00511,gerd
P00511,ulcerative-colitis
P00511,colorectal-cancer
P00511,irritable-bowel-syndrome
P00512,coronary-artery-disease
P00512,atrial-fibrillation
P00512,heart-failure
P00512,heart-valve-disease
P00513,type-2-diabetes
P00513,type-1-diabetes
P00513,osteoporosis
P00513,hypothyroidism
P00513,obesity
P00514,obesity
P00514,hyperlipidemia
P00514,hypertension
P00514,type-2-diabetes
P00515,bipolar-disorder
P00515,schizophrenia
P00515,depression
P00515,ptsd
P00515,anxiety-disorder
P00516,multiple-sclerosis
P00516,alzheimers-disease
P00516,epilepsy
P00516,migraine
P00516,parkinsons-disease
P00517,asthma
P00517,hypertension
P00517,obesity
P00517,hyperlipidemia
P00517,depression
P00518,carpal-tunnel-syndrome
P00518,rotator-cuff-tear
P00518,low-back-pain
P00518,acl-tear
P00519,type-2-diabetes
P00519,asthma
P00520,carpal-tunnel-syndrome
P00520,acl-tear
P00520,rotator-cuff-tear
P00520,low-back-pain
P00521,hyperlipidemia
P00521,depression
P00521,hypertension
P00521,asthma
P00521,gerd
P00522,heart-valve-disease
P00522,atrial-fibrillation
P00522,coronary-artery-disease
P00522,heart-failure
P00522,hyperlipidemia
P00523,depression
P00523,obesity
P00523,type-2-diabetes
P00523,asthma
P00524,carpal-tunnel-syndrome
P00524,rotator-cuff-tear
P00525,coronary-artery-disease
P00525,hypertension
P00526,type-2-diabetes
P00526,asthma
P00527,pneumonia
P00527,pulmonary-fibrosis
P00527,sleep-apnea
P00528,osteoarthritis
P00528,osteoporosis
P00528,rotator-cuff-tear
P00529,type-2-diabetes
P00529,hyperlipidemia
P00529,asthma
P00530,bipolar-disorder
P00530,ptsd
P00530,anxiety-disorder
P00530,schizophrenia
P00530,adhd
P00531,hypertension
P00531,heart-failure
P00531,atrial-fibrillation
P00531,hyperlipidemia
P00532,parkinsons-disease
P00532,alzheimers-disease
P00532,multiple-sclerosis
P00532,migraine
P00533,anxiety-disorder
P00533,bipolar-disorder
P00533,depression
P00534,depression
P00534,schizophrenia
P00534,anxiety-disorder
P00534,adhd
P00535,hyperlipidemia
P00535,atrial-fibrillation
P00535,hypertension
P00535,heart-failure
P00535,coronary-artery-disease
P00536,asthma
P00536,hyperlipidemia
P00536,obesity
P00536,depression
P00536,gerd
P00537,alzheimers-disease
P00537,parkinsons-disease
P00537,migraine
P00537,epilepsy
P00537,multiple-sclerosis
P00538,lymphoma
P00538,melanoma
P00538,breast-cancer
P00538,prostate-cancer
P00538,colorectal-cancer
P00539,depression
P00539,adhd
P00539,bipolar-disorder
P00539,ptsd
P00540,basal-cell-carcinoma
P00540,melanoma
P00540,rosacea
P00541,heart-failure
P00541,hyperlipidemia
P00542,eczema
P00542,acne
P00542,rosacea
P00542,melanoma
P00543,hyperlipidemia
P00543,atrial-fibrillation
P00543,heart-valve-disease
P00543,coronary-artery-disease
P00544,coronary-artery-disease
P00544,heart-valve-disease
P00544,hyperlipidemia
P00544,heart-failure
P00545,gerd
P00545,type-2-diabetes
P00546,osteoporosis
P00546,acl-tear
P00546,carpal-tunnel-syndrome
P00546,low-back-pain
P00546,rotator-cuff-tear
P00547,ulcerative-colitis
P00547,cirrhosis
P00548,type-2-diabetes
P00548,hypothyroidism
P00548,polycystic-ovary-syndrome
P00549,alzheimers-disease
P00549,migraine
P00549,stroke
P00549,multiple-sclerosis
P00549,parkinsons-disease
P00550,depression
P00550,obesity
P00550,hypertension
P00550,type-2-diabetes
P00551,lung-cancer
P00551,melanoma
P00551,lymphoma
P00552,gerd
P00552,type-2-diabetes
P00552,asthma
P00552,depression
P00553,bipolar-disorder
P00553,ptsd
P00554,osteoporosis
P00554,polycystic-ovary-syndrome
P00554,type-1-diabetes
P00554,obesity
P00554,type-2-diabetes
P00555,rotator-cuff-tear
P00555,carpal-tunnel-syndrome
P00556,hyperlipidemia
P00556,coronary-artery-disease
P00556,hypertension
P00556,heart-valve-disease
P00557,carpal-tunnel-syndrome
P00557,low-back-pain
P00558,carpal-tunnel-syndrome
P00558,rotator-cuff-tear
P00558,low-back-pain
P00558,osteoporosis
P00558,osteoarthritis
P00559,epilepsy
P00559,migraine
P00559,alzheimers-disease
P00560,low-back-pain
P00560,carpal-tunnel-syndrome
P00560,acl-tear
P00560,rotator-cuff-tear
P00560,osteoporosis
P00561,basal-cell-carcinoma
P00561,psoriasis
P00561,rosacea
P00561,melanoma
P00562,heart-valve-disease
P00562,hyperlipidemia
P00562,atrial-fibrillation
P00562,hypertension
P00562,heart-failure
P00563,depression
P00563,hyperlipidemia
P00563,gerd
P00564,psoriasis
P00564,eczema
P00564,rosacea
P00565,melanoma
P00565,rosacea
P00566,adhd
P00566,anxiety-disorder
P00566,depression
P00566,bipolar-disorder
P00566,ptsd
P00567,crohns-disease
P00567,gerd
P00567,irritable-bowel-syndrome
P00567,colorectal-cancer
P00568,depression
P00568,hyperlipidemia
P00569,hypertension
P00569,obesity
P00569,hyperlipidemia
P00569,asthma
P00569,depression
P00570,obesity
P00570,type-2-diabetes
P00570,gerd
P00570,hypertension
P00571,bipolar-disorder
P00571,ptsd
P00572,heart-valve-disease
P00572,heart-failure
P00572,coronary-artery-disease
P00573,pulmonary-fibrosis
P00573,pneumonia
P00573,asthma
P00573,lung-cancer
P00573,copd
P00574,atrial-fibrillation
P00574,heart-valve-disease
P00575,polycystic-ovary-syndrome
P00575,obesity
P00575,type-1-diabetes
P00575,osteoporosis
P00575,type-2-diabetes
P00576,breast-cancer
P00576,prostate-cancer
P00576,colorectal-cancer
P00576,lymphoma
P00577,depression
P00577,bipolar-disorder
P00577,schizophrenia
P00577,adhd
P00578,heart-failure
P00578,heart-valve-disease
P00578,hypertension
P00579,carpal-tunnel-syndrome
P00579,low-back-pain
P00579,acl-tear
P00580,lung-cancer
P00580,sleep-apnea
P00581,osteoporosis
P00581,acl-tear
P00581,low-back-pain
P00582,type-2-diabetes
P00582,hypertension
P00582,obesity
P00582,depression
P00583,low-back-pain
P00583,rotator-cuff-tear
P00583,carpal-tunnel-syndrome
P00583,acl-tear
P00584,hypertension
P00584,gerd
P00584,depression
P00584,asthma
P00584,type-2-diabetes
P00585,heart-valve-disease
P00585,hypertension
P00585,heart-failure
P00585,coronary-artery-disease
P00585,hyperlipidemia
P00586,heart-failure
P00586,heart-valve-disease
P00586,coronary-artery-disease
P00586,atrial-fibrillation
P00587,lung-cancer
P00587,lymphoma
P00587,colorectal-cancer
P00587,breast-cancer
P00587,melanoma
P00588,schizophrenia
P00588,depression
P00588,bipolar-disorder
P00589,hypertension
P00589,gerd
P00589,obesity
P00590,lung-cancer
P00590,asthma
P00590,copd
P00590,sleep-apnea
P00591,rosacea
P00591,melanoma
P00591,basal-cell-carcinoma
P00591,acne
P00591,eczema
P00592,coronary-artery-disease
P00592,hyperlipidemia
P00592,heart-valve-disease
P00592,heart-failure
P00592,hypertension
P00593,depression
P00593,hyperlipidemia
P00593,hypertension
P00594,obesity
P00594,hypertension
P00594,hyperlipidemia
P00594,type-2-diabetes
P00595,colorectal-cancer
P00595,lung-cancer
P00595,melanoma
P00595,prostate-cancer
P00596,depression
P00596,obesity
P00596,hypertension
P00597,asthma
P00597,gerd
P00597,obesity
P00597,depression
P00597,hypertension
P00598,gerd
P00598,depression
P00598,asthma
P00598,obesity
P00599,cirrhosis
P00599,colorectal-cancer
P00599,ulcerative-colitis
P00599,crohns-disease
P00600,adhd
P00600,bipolar-disorder
P00600,depression
P00601,anxiety-disorder
P00601,schizophrenia
P00601,ptsd
P00601,adhd
P00602,anxiety-disorder
P00602,schizophrenia
P00602,bipolar-disorder
P00602,adhd
P00603,hyperlipidemia
P00603,coronary-artery-disease
P00603,heart-valve-disease
P00603,atrial-fibrillation
P00604,psoriasis
P00604,rosacea
P00605,obesity
P00605,depression
P00606,acl-tear
P00606,carpal-tunnel-syndrome
P00607,hypertension
P00607,asthma
P00608,gerd
P00608,cirrhosis
P00608,irritable-bowel-syndrome
P00608,crohns-disease
P00609,hypothyroidism
P00609,polycystic-ovary-syndrome
P00609,obesity
P00609,type-1-diabetes
P00609,type-2-diabetes
P00610,type-2-diabetes
P00610,asthma
P00610,depression
P00610,hyperlipidemia
P00610,obesity
P00611,rotator-cuff-tear
P00611,carpal-tunnel-syndrome
P00611,osteoporosis
P00612,hypertension
P00612,depression
P00613,bipolar-disorder
P00613,depression
P00613,anxiety-disorder
P00613,adhd
P00614,acl-tear
P00614,osteoporosis
P00614,osteoarthritis
P00614,rotator-cuff-tear
P00614,carpal-tunnel-syndrome
P00615,ptsd
P00615,bipolar-disorder
P00615,adhd
P00616,osteoporosis
P00616,type-2-diabetes
P00616,type-1-diabetes
P00617,rosacea
P00617,acne
P00617,eczema
P00617,basal-cell-carcinoma
P00617,psoriasis
P00618,migraine
P00618,epilepsy
P00619,cirrhosis
P00619,irritable-bowel-syndrome
P00619,colorectal-cancer
P00619,ulcerative-colitis
P00619,crohns-disease
P00620,hyperlipidemia
P00620,heart-failure
P00620,atrial-fibrillation
P00620,heart-valve-disease
P00620,hypertension
P00621,gerd
P00621,obesity
P00621,depression
P00621,type-2-diabetes
P00622,osteoarthritis
P00622,low-back-pain
P00622,rotator-cuff-tear
P00622,acl-tear
P00622,osteoporosis
P00623,hypothyroidism
P00623,polycystic-ovary-syndrome
P00623,obesity
P00623,osteoporosis
P00623,type-1-diabetes
P00624,hypothyroidism
P00624,type-2-diabetes
P00624,type-1-diabetes
P00624,obesity
P00624,osteoporosis
P00625,hyperlipidemia
P00625,coronary-artery-disease
P00625,heart-failure
P00625,hypertension
P00625,atrial-fibrillation
P00626,colorectal-cancer
P00626,cirrhosis
P00626,crohns-disease
P00626,gerd
P00626,irritable-bowel-syndrome
P00627,basal-cell-carcinoma
P00627,melanoma
P00627,psoriasis
P00628,irritable-bowel-syndrome
P00628,colorectal-cancer
P00628,crohns-disease
P00629,basal-cell-carcinoma
P00629,psoriasis
P00630,gerd
P00630,hyperlipidemia
P00630,depression
P00630,obesity
P00630,asthma
P00631,heart-failure
P00631,coronary-artery-disease
P00631,hypertension
P00631,hyperlipidemia
P00631,heart-valve-disease
P00632,multiple-sclerosis
P00632,migraine
P00632,parkinsons-disease
P00632,epilepsy
P00632,stroke
P00633,depression
P00633,hyperlipidemia
P00633,gerd
P00634,parkinsons-disease
P00634,epilepsy
P00634,stroke
P00635,hyperlipidemia
P00635,depression
P00635,hypertension
P00635,gerd
P00635,asthma
P00636,gerd
P00636,irritable-bowel-syndrome
P00636,cirrhosis
P00637,depression
P00637,hypertension
P00638,bipolar-disorder
P00638,schizophrenia
P00638,anxiety-disorder
P00639,osteoporosis
P00639,osteoarthritis
P00639,acl-tear
P00640,hyperlipidemia
P00640,asthma
P00640,obesity
P00641,cirrhosis
P00641,ulcerative-colitis
P00641,gerd
P00641,crohns-disease
P00642,osteoporosis
P00642,type-1-diabetes
P00642,type-2-diabetes
P00643,asthma
P00643,hyperlipidemia
P00643,type-2-diabetes
P00644,obesity
P00644,hyperlipidemia
P00645,schizophrenia
P00645,bipolar-disorder
P00646,depression
P00646,gerd
P00646,hypertension
P00646,obesity
P00646,type-2-diabetes
P00647,gerd
P00647,asthma
P00647,obesity
P00647,hyperlipidemia
P00648,hyperlipidemia
P00648,obesity
P00648,type-2-diabetes
P00648,depression
P00648,hypertension
P00649,psoriasis
P00649,rosacea
P00649,acne
P00649,melanoma
P00649,eczema
P00650,osteoarthritis
P00650,low-back-pain
P00651,melanoma
P00651,rosacea
P00651,acne
P00652,hyperlipidemia
P00652,asthma
P00652,obesity
P00653,hyperlipidemia
P00653,type-2-diabetes
P00653,obesity
P00653,hypertension
P00654,gerd
P00654,ulcerative-colitis
P00654,irritable-bowel-syndrome
P00655,type-2-diabetes
P00655,obesity
P00655,gerd
P00655,asthma
P00656,lung-cancer
P00656,lymphoma
P00656,breast-cancer
P00657,gerd
P00657,depression
P00657,hyperlipidemia
P00657,hypertension
P00657,type-2-diabetes
P00658,osteoporosis
P00658,hypothyroidism
P00658,obesity
P00658,polycystic-ovary-syndrome
P00659,hypertension
P00659,heart-valve-disease
P00659,hyperlipidemia
P00659,heart-failure
P00660,heart-failure
P00660,heart-valve-disease
P00660,hypertension
P00660,coronary-artery-disease
P00661,hyperlipidemia
P00661,depression
P00661,type-2-diabetes
P00662,heart-failure
P00662,atrial-fibrillation
P00662,hyperlipidemia
P00662,coronary-artery-disease
P00663,parkinsons-disease
P00663,stroke
P00663,alzheimers-disease
P00664,schizophrenia
P00664,anxiety-disorder
P00664,adhd
P00664,depression
P00665,asthma
P00665,sleep-apnea
P00665,copd
P00666,rotator-cuff-tear
P00666,osteoporosis
P00667,depression
P00667,hyperlipidemia
P00667,asthma
P00668,pulmonary-fibrosis
P00668,sleep-apnea
P00668,copd
P00668,pneumonia
P00668,asthma
P00669,crohns-disease
P00669,gerd
P00669,cirrhosis
P00670,pneumonia
P00670,lung-cancer
P00670,copd
P00671,breast-cancer
P00671,prostate-cancer
P00672,basal-cell-carcinoma
P00672,melanoma
P00673,type-1-diabetes
P00673,osteoporosis
P00674,ptsd
P00674,schizophrenia
P00674,depression
P00675,hyperlipidemia
P00675,heart-failure
P00675,heart-valve-disease
P00675,hypertension
P00676,lymphoma
P00676,prostate-cancer
P00677,type-2-diabetes
P00677,depression
P00678,low-back-pain
P00678,osteoarthritis
P00679,osteoarthritis
P00679,osteoporosis
P00680,asthma
P00680,lung-cancer
P00680,sleep-apnea
P00680,copd
P00681,asthma
P00681,copd
P00681,pulmonary-fibrosis
P00681,lung-cancer
P00681,sleep-apnea
P00682,asthma
P00682,hyperlipidemia
P00682,obesity
P00682,hypertension
P00683,migraine
P00683,epilepsy
P00683,multiple-sclerosis
P00684,melanoma
P00684,colorectal-cancer
P00685,cirrhosis
P00685,ulcerative-colitis
P00685,irritable-bowel-syndrome
P00685,crohns-disease
P00685,gerd
P00686,heart-valve-disease
P00686,hyperlipidemia
P00686,coronary-artery-disease
P00687,prostate-cancer
P00687,lymphoma
P00687,lung-cancer
P00688,cirrhosis
P00688,gerd
P00688,irritable-bowel-syndrome
P00689,hypertension
P00689,hyperlipidemia
P00689,atrial-fibrillation
P00689,coronary-artery-disease
P00690,osteoarthritis
P00690,rotator-cuff-tear
P00690,acl-tear
P00690,osteoporosis
P00691,hypertension
P00691,atrial-fibrillation
P00692,carpal-tunnel-syndrome
P00692,low-back-pain
P00692,rotator-cuff-tear
P00692,osteoarthritis
P00692,acl-tear
P00693,irritable-bowel-syndrome
P00693,cirrhosis
P00694,low-back-pain
P00694,carpal-tunnel-syndrome
P00695,depression
P00695,schizophrenia
P00696,heart-failure
P00696,hyperlipidemia
P00696,heart-valve-disease
P00697,bipolar-disorder
P00697,anxiety-disorder
P00697,depression
P00697,ptsd
P00698,lymphoma
P00698,colorectal-cancer
P00699,low-back-pain
P00699,carpal-tunnel-syndrome
P00699,rotator-cuff-tear
P00699,osteoporosis
P00699,osteoarthritis
P00700,asthma
P00700,sleep-apnea
P00700,lung-cancer
P00700,pneumonia
P00701,low-back-pain
P00701,acl-tear
P00701,carpal-tunnel-syndrome
P00702,rotator-cuff-tear
P00702,osteoporosis
P00702,carpal-tunnel-syndrome
P00702,low-back-pain
P00703,asthma
P00703,gerd
P00703,depression
P00703,type-2-diabetes
P00703,hypertension
P00704,melanoma
P00704,prostate-cancer
P00705,hypertension
P00705,obesity
P00705,type-2-diabetes
P00706,gerd
P00706,asthma
P00706,hyperlipidemia
P00706,hypertension
P00706,type-2-diabetes
P00707,coronary-artery-disease
P00707,heart-valve-disease
P00707,atrial-fibrillation
P00708,low-back-pain
P00708,carpal-tunnel-syndrome
P00708,rotator-cuff-tear
P00708,osteoporosis
P00709,carpal-tunnel-syndrome
P00709,osteoarthritis
P00710,ulcerative-colitis
P00710,cirrhosis
P00711,asthma
P00711,type-2-diabetes
P00712,obesity
P00712,gerd
P00713,type-2-diabetes
P00713,obesity
P00713,gerd
P00713,hypertension
P00713,asthma
P00714,carpal-tunnel-syndrome
P00714,osteoporosis
P00714,acl-tear
P00714,low-back-pain
P00715,gerd
P00715,type-2-diabetes
P00715,hypertension
P00715,hyperlipidemia
P00715,depression
P00716,atrial-fibrillation
P00716,coronary-artery-disease
P00717,psoriasis
P00717,acne
P00717,eczema
P00717,basal-cell-carcinoma
P00717,melanoma
P00718,hyperlipidemia
P00718,asthma
P00718,hypertension
P00718,gerd
P00719,asthma
P00719,hyperlipidemia
P00719,obesity
P00719,hypertension
P00720,depression
P00720,hypertension
P00720,asthma
P00721,hypertension
P00721,heart-valve-disease
P00721,hyperlipidemia
P00721,coronary-artery-disease
P00721,heart-failure
P00722,cirrhosis
P00722,crohns-disease
P00722,irritable-bowel-syndrome
P00723,depression
P00723,hypertension
P00724,lung-cancer
P00724,asthma
P00724,sleep-apnea
P00725,rosacea
P00725,basal-cell-carcinoma
P00725,acne
P00725,eczema
P00725,melanoma
P00726,rotator-cuff-tear
P00726,osteoporosis
P00727,coronary-artery-disease
P00727,hypertension
P00727,hyperlipidemia
P00727,atrial-fibrillation
P00728,stroke
P00728,multiple-sclerosis
P00729,ptsd
P00729,bipolar-disorder
P00729,schizophrenia
P00729,depression
P00729,anxiety-disorder
P00730,rotator-cuff-tear
P00730,osteoporosis
P00730,acl-tear
P00731,prostate-cancer
P00731,lymphoma
P00731,breast-cancer
P00732,parkinsons-disease
P00732,stroke
P00732,multiple-sclerosis
P00733,gerd
P00733,type-2-diabetes
P00733,hypertension
P00733,asthma
P00734,sleep-apnea
P00734,lung-cancer
P00734,pulmonary-fibrosis
P00734,pneumonia
P00734,asthma
P00735,obesity
P00735,depression
P00736,gerd
P00736,crohns-disease
P00736,ulcerative-colitis
P00736,irritable-bowel-syndrome
P00736,colorectal-cancer
P00737,asthma
P00737,hyperlipidemia
P00737,depression
P00737,type-2-diabetes
P00738,adhd
P00738,ptsd
P00738,bipolar-disorder
P00738,anxiety-disorder
P00738,depression
P00739,osteoporosis
P00739,acl-tear
P00740,low-back-pain
P00740,osteoporosis
P00741,rosacea
P00741,acne
P00741,eczema
P00741,melanoma
P00742,depression
P00742,hypertension
P00742,type-2-diabetes
P00743,ulcerative-colitis
P00743,gerd
P00743,colorectal-cancer
P00743,irritable-bowel-syndrome
P00743,crohns-disease
P00744,hypertension
P00744,hyperlipidemia
P00744,heart-failure
P00744,coronary-artery-disease
P00745,lung-cancer
P00745,sleep-apnea
P00745,pneumonia
P00745,asthma
P00745,pulmonary-fibrosis
P00746,melanoma
P00746,rosacea
P00746,psoriasis
P00746,acne
P00746,basal-cell-carcinoma
P00747,obesity
P00747,asthma
P00747,gerd
P00747,type-2-diabetes
P00747,depression
P00748,hyperlipidemia
P00748,asthma
P00748,depression
P00748,gerd
P00749,hyperlipidemia
P00749,type-2-diabetes
P00749,obesity
P00749,depression
P00749,asthma
P00750,osteoarthritis
P00750,carpal-tunnel-syndrome
P00750,rotator-cuff-tear
P00750,osteoporosis
P00751,ulcerative-colitis
P00751,gerd
P00751,irritable-bowel-syndrome
P00751,colorectal-cancer
P00752,hypertension
P00752,heart-valve-disease
P00752,coronary-artery-disease
P00752,hyperlipidemia
P00753,osteoporosis
P00753,type-1-diabetes
P00753,obesity
P00753,polycystic-ovary-syndrome
P00753,hypothyroidism
P00754,sleep-apnea
P00754,copd
P00754,pulmonary-fibrosis
P00755,depression
P00755,anxiety-disorder
P00755,ptsd
P00755,schizophrenia
P00756,heart-valve-disease
P00756,hypertension
P00756,coronary-artery-disease
P00757,alzheimers-disease
P00757,migraine
P00757,epilepsy
P00758,stroke
P00758,migraine
P00758,alzheimers-disease
P00758,epilepsy
P00759,hypothyroidism
P00759,type-1-diabetes
P00759,obesity
P00759,polycystic-ovary-syndrome
P00759,type-2-diabetes
P00760,asthma
P00760,obesity
P00760,hypertension
P00761,asthma
P00761,obesity
P00762,colorectal-cancer
P00762,crohns-disease
P00762,ulcerative-colitis
P00762,irritable-bowel-syndrome
P00762,gerd
P00763,osteoarthritis
P00763,osteoporosis
P00763,low-back-pain
P00763,carpal-tunnel-syndrome
P00763,acl-tear
P00764,hyperlipidemia
P00764,type-2-diabetes
P00765,lymphoma
P00765,prostate-cancer
P00765,lung-cancer
P00765,melanoma
P00766,basal-cell-carcinoma
P00766,melanoma
P00766,acne
P00767,atrial-fibrillation
P00767,hypertension
P00767,heart-failure
P00767,coronary-artery-disease
P00767,heart-valve-disease
P00768,hypertension
P00768,atrial-fibrillation
P00769,colorectal-cancer
P00769,lung-cancer
P00769,breast-cancer
P00769,prostate-cancer
P00769,melanoma
P00770,hyperlipidemia
P00770,depression
P00770,gerd
P00770,type-2-diabetes
P00771,melanoma
P00771,breast-cancer
P00772,anxiety-disorder
P00772,adhd
P00773,hyperlipidemia
P00773,asthma
P00774,type-1-diabetes
P00774,polycystic-ovary-syndrome
P00774,hypothyroidism
P00774,osteoporosis
P00775,depression
P00775,schizophrenia
P00775,adhd
P00776,psoriasis
P00776,acne
P00777,obesity
P00777,depression
P00777,asthma
P00777,type-2-diabetes
P00778,type-2-diabetes
P00778,gerd
P00779,hypertension
P00779,coronary-artery-disease
P00780,depression
P00780,gerd
P00781,rosacea
P00781,basal-cell-carcinoma
P00782,depression
P00782,bipolar-disorder
P00783,osteoarthritis
P00783,carpal-tunnel-syndrome
P00783,low-back-pain
P00783,acl-tear
P00784,stroke
P00784,parkinsons-disease
P00785,pulmonary-fibrosis
P00785,lung-cancer
P00785,sleep-apnea
P00785,asthma
P00786,stroke
P00786,alzheimers-disease
P00786,epilepsy
P00786,parkinsons-disease
P00786,multiple-sclerosis
P00787,hyperlipidemia
P00787,obesity
P00787,type-2-diabetes
P00788,obesity
P00788,gerd
P00788,hyperlipidemia
P00788,type-2-diabetes
P00788,depression
P00789,lung-cancer
P00789,prostate-cancer
P00789,colorectal-cancer
P00790,hyperlipidemia
P00790,obesity
P00790,asthma
P00791,sleep-apnea
P00791,copd
P00792,gerd
P00792,depression
P00793,ptsd
P00793,adhd
P00793,schizophrenia
P00794,polycystic-ovary-syndrome
P00794,hypothyroidism
P00795,ptsd
P00795,anxiety-disorder
P00795,depression
P00795,bipolar-disorder
P00795,adhd
P00796,parkinsons-disease
P00796,alzheimers-disease
P00796,stroke
P00796,migraine
P00796,epilepsy
P00797,crohns-disease
P00797,gerd
P00798,psoriasis
P00798,basal-cell-carcinoma
P00798,acne
P00798,rosacea
P00798,eczema
P00799,acne
P00799,rosacea
P00800,hypertension
P00800,hyperlipidemia
P00800,depression
P00800,asthma
P00800,gerd
P00801,rotator-cuff-tear
P00801,osteoporosis
P00801,osteoarthritis
P00802,depression
P00802,hypertension
P00802,asthma
P00803,low-back-pain
P00803,rotator-cuff-tear
P00803,osteoporosis
P00804,asthma
P00804,depression
P00804,hyperlipidemia
P00804,hypertension
P00805,prostate-cancer
P00805,lung-cancer
P00805,melanoma
P00805,breast-cancer
P00805,lymphoma
P00806,anxiety-disorder
P00806,adhd
P00806,depression
P00806,schizophrenia
P00807,hypertension
P00807,type-2-diabetes
P00807,obesity
P00807,hyperlipidemia
P00807,gerd
P00808,breast-cancer
P00808,melanoma
P00809,depression
P00809,anxiety-disorder
P00810,acne
P00810,eczema
P00810,basal-cell-carcinoma
P00810,melanoma
P00810,rosacea
P00811,pneumonia
P00811,lung-cancer
P00811,pulmonary-fibrosis
P00811,sleep-apnea
P00812,osteoarthritis
P00812,low-back-pain
P00813,depression
P00813,adhd
P00813,ptsd
P00813,anxiety-disorder
P00813,schizophrenia
P00814,prostate-cancer
P00814,colorectal-cancer
P00814,melanoma
P00814,breast-cancer
P00814,lymphoma
P00815,colorectal-cancer
P00815,melanoma
P00815,lung-cancer
P00816,schizophrenia
P00816,bipolar-disorder
P00816,ptsd
P00817,asthma
P00817,depression
P00817,type-2-diabetes
P00817,gerd
P00818,anxiety-disorder
P00818,bipolar-disorder
P00818,schizophrenia
P00818,ptsd
P00818,depression
P00819,hyperlipidemia
P00819,hypertension
P00819,depression
P00819,obesity
P00819,asthma
P00820,lymphoma
P00820,melanoma
P00821,multiple-sclerosis
P00821,migraine
P00821,alzheimers-disease
P00821,parkinsons-disease
P00821,epilepsy
P00822,hypothyroidism
P00822,type-2-diabetes
P00822,type-1-diabetes
P00823,crohns-disease
P00823,irritable-bowel-syndrome
P00823,gerd
P00823,cirrhosis
P00824,sleep-apnea
P00824,copd
P00824,pneumonia
P00825,adhd
P00825,bipolar-disorder
P00826,anxiety-disorder
P00826,depression
P00826,schizophrenia
P00827,osteoporosis
P00827,type-1-diabetes
P00828,low-back-pain
P00828,osteoporosis
P00828,carpal-tunnel-syndrome
P00828,acl-tear
P00828,osteoarthritis
P00829,depression
P00829,bipolar-disorder
P00830,stroke
P00830,multiple-sclerosis
P00830,alzheimers-disease
P00831,colorectal-cancer
P00831,ulcerative-colitis
P00832,breast-cancer
P00832,melanoma
P00832,prostate-cancer
P00832,lymphoma
P00833,hyperlipidemia
P00833,gerd
P00833,hypertension
P00833,depression
P00834,gerd
P00834,type-2-diabetes
P00834,hyperlipidemia
P00834,hypertension
P00834,obesity
P00835,lung-cancer
P00835,asthma
P00835,sleep-apnea
P00836,migraine
P00836,parkinsons-disease
P00836,alzheimers-disease
P00837,heart-valve-disease
P00837,hypertension
P00837,coronary-artery-disease
P00837,atrial-fibrillation
P00837,hyperlipidemia
P00838,lung-cancer
P00838,breast-cancer
P00839,hyperlipidemia
P00839,asthma
P00839,obesity
P00840,osteoarthritis
P00840,acl-tear
P00841,ptsd
P00841,depression
P00841,anxiety-disorder
P00842,colorectal-cancer
P00842,lung-cancer
P00842,lymphoma
P00842,prostate-cancer
P00842,melanoma
P00843,type-2-diabetes
P00843,hyperlipidemia
P00844,sleep-apnea
P00844,lung-cancer
P00844,pneumonia
P00844,pulmonary-fibrosis
P00844,asthma
P00845,anxiety-disorder
P00845,schizophrenia
P00845,ptsd
P00845,depression
P00845,bipolar-disorder
P00846,prostate-cancer
P00846,colorectal-cancer
P00847,ptsd
P00847,bipolar-disorder
P00847,schizophrenia
P00848,schizophrenia
P00848,ptsd
P00848,bipolar-disorder
P00848,anxiety-disorder
P00849,alzheimers-disease
P00849,stroke
P00849,parkinsons-disease
P00849,migraine
P00849,epilepsy
P00850,carpal-tunnel-syndrome
P00850,acl-tear
P00850,low-back-pain
P00850,osteoporosis
P00851,asthma
P00851,pneumonia
P00851,sleep-apnea
P00852,colorectal-cancer
P00852,irritable-bowel-syndrome
P00853,type-2-diabetes
P00853,polycystic-ovary-syndrome
P00853,osteoporosis
P00853,type-1-diabetes
P00853,obesity
P00854,colorectal-cancer
P00854,irritable-bowel-syndrome
P00855,parkinsons-disease
P00855,epilepsy
P00856,adhd
P00856,bipolar-disorder
P00856,anxiety-disorder
P00856,depression
P00857,osteoporosis
P00857,low-back-pain
P00857,acl-tear
P00858,lymphoma
P00858,melanoma
P00858,colorectal-cancer
P00859,hyperlipidemia
P00859,type-2-diabetes
P00859,gerd
P00859,depression
P00860,type-2-diabetes
P00860,osteoporosis
P00860,obesity
P00860,type-1-diabetes
P00860,hypothyroidism
P00861,basal-cell-carcinoma
P00861,eczema
P00861,rosacea
P00861,acne
P00861,psoriasis
P00862,osteoporosis
P00862,obesity
P00862,polycystic-ovary-syndrome
P00862,type-1-diabetes
P00863,obesity
P00863,type-2-diabetes
P00863,hypothyroidism
P00864,ptsd
P00864,depression
P00864,schizophrenia
P00864,anxiety-disorder
P00864,bipolar-disorder
P00865,hyperlipidemia
P00865,depression
P00865,hypertension
P00865,asthma
P00866,hyperlipidemia
P00866,atrial-fibrillation
P00866,heart-valve-disease
P00866,heart-failure
P00867,pulmonary-fibrosis
P00867,asthma
P00867,sleep-apnea
P00867,pneumonia
P00867,lung-cancer
P00868,hypertension
P00868,coronary-artery-disease
P00868,hyperlipidemia
P00869,adhd
P00869,depression
P00869,schizophrenia
P00869,bipolar-disorder
P00870,anxiety-disorder
P00870,depression
P00870,bipolar-disorder
P00871,hyperlipidemia
P00871,hypertension
P00871,depression
P00871,asthma
P00871,gerd
P00872,irritable-bowel-syndrome
P00872,crohns-disease
P00872,colorectal-cancer
P00872,ulcerative-colitis
P00872,cirrhosis
P00873,gerd
P00873,obesity
P00874,anxiety-disorder
P00874,ptsd
P00874,schizophrenia
P00874,depression
P00875,depression
P00875,adhd
P00876,irritable-bowel-syndrome
P00876,colorectal-cancer
P00876,gerd
P00877,melanoma
P00877,psoriasis
P00877,acne
P00878,acl-tear
P00878,low-back-pain
P00879,osteoporosis
P00879,osteoarthritis
P00879,low-back-pain
P00880,acne
P00880,eczema
P00880,basal-cell-carcinoma
P00880,psoriasis
P00881,irritable-bowel-syndrome
P00881,colorectal-cancer
P00881,crohns-disease
P00882,epilepsy
P00882,parkinsons-disease
P00882,alzheimers-disease
P00883,obesity
P00883,hypertension
P00884,asthma
P00884,sleep-apnea
P00884,pulmonary-fibrosis
P00885,obesity
P00885,polycystic-ovary-syndrome
P00885,type-1-diabetes
P00885,osteoporosis
P00885,type-2-diabetes
P00886,hyperlipidemia
P00886,gerd
P00886,type-2-diabetes
P00887,breast-cancer
P00887,prostate-cancer
P00887,lung-cancer
P00888,low-back-pain
P00888,osteoporosis
P00888,osteoarthritis
P00888,carpal-tunnel-syndrome
P00889,melanoma
P00889,lymphoma
P00889,breast-cancer
P00890,pulmonary-fibrosis
P00890,lung-cancer
P00891,asthma
P00891,obesity
P00891,type-2-diabetes
P00891,depression
P00891,gerd
P00892,multiple-sclerosis
P00892,parkinsons-disease
P00893,depression
P00893,adhd
P00893,ptsd
P00894,heart-failure
P00894,coronary-artery-disease
P00894,heart-valve-disease
P00894,hyperlipidemia
P00895,asthma
P00895,pneumonia
P00895,pulmonary-fibrosis
P00895,copd
P00895,lung-cancer
P00896,asthma
P00896,sleep-apnea
P00896,pulmonary-fibrosis
P00896,lung-cancer
P00896,copd
P00897,lymphoma
P00897,prostate-cancer
P00897,melanoma
P00897,lung-cancer
P00897,breast-cancer
P00898,alzheimers-disease
P00898,multiple-sclerosis
P00899,basal-cell-carcinoma
P00899,acne
P00899,psoriasis
P00900,obesity
P00900,type-1-diabetes
P00900,hypothyroidism
P00901,type-2-diabetes
P00901,asthma
P00901,obesity
P00901,depression
P00901,gerd
P00902,parkinsons-disease
P00902,multiple-sclerosis
P00903,colorectal-cancer
P00903,ulcerative-colitis
P00904,rotator-cuff-tear
P00904,osteoarthritis
P00904,low-back-pain
P00904,osteoporosis
P00904,carpal-tunnel-syndrome
P00905,hyperlipidemia
P00905,coronary-artery-disease
P00906,colorectal-cancer
P00906,cirrhosis
P00907,hyperlipidemia
P00907,type-2-diabetes
P00907,hypertension
P00907,obesity
P00908,acl-tear
P00908,osteoarthritis
P00908,rotator-cuff-tear
P00908,osteoporosis
P00909,alzheimers-disease
P00909,multiple-sclerosis
P00909,epilepsy
P00909,migraine
P00910,rotator-cuff-tear
P00910,carpal-tunnel-syndrome
P00910,osteoporosis
P00910,low-back-pain
P00910,acl-tear
P00911,gerd
P00911,asthma
P00912,heart-valve-disease
P00912,hyperlipidemia
P00912,atrial-fibrillation
P00912,hypertension
P00913,rosacea
P00913,acne
P00913,basal-cell-carcinoma
P00914,depression
P00914,asthma
P00914,hyperlipidemia
P00914,type-2-diabetes
P00915,obesity
P00915,osteoporosis
P00915,type-1-diabetes
P00915,polycystic-ovary-syndrome
P00915,hypothyroidism
P00916,ulcerative-colitis
P00916,gerd
P00917,pulmonary-fibrosis
P00917,copd
P00917,sleep-apnea
P00917,lung-cancer
P00917,asthma
P00918,gerd
P00918,irritable-bowel-syndrome
P00919,gerd
P00919,hypertension
P00919,asthma
P00919,hyperlipidemia
P00919,type-2-diabetes
P00920,low-back-pain
P00920,carpal-tunnel-syndrome
P00921,asthma
P00921,gerd
P00921,depression
P00921,hypertension
P00922,irritable-bowel-syndrome
P00922,gerd
P00922,cirrhosis
P00922,ulcerative-colitis
P00922,colorectal-cancer
P00923,psoriasis
P00923,rosacea
P00923,melanoma
P00923,acne
P00923,basal-cell-carcinoma
P00924,atrial-fibrillation
P00924,heart-failure
P00924,heart-valve-disease
P00924,coronary-artery-disease
P00924,hypertension
P00925,epilepsy
P00925,multiple-sclerosis
P00925,alzheimers-disease
P00925,stroke
P00926,coronary-artery-disease
P00926,hypertension
P00926,heart-valve-disease
P00926,hyperlipidemia
P00926,atrial-fibrillation
P00927,carpal-tunnel-syndrome
P00927,rotator-cuff-tear
P00927,osteoporosis
P00928,bipolar-disorder
P00928,ptsd
P00928,depression
P00928,adhd
P00929,basal-cell-carcinoma
P00929,acne
P00929,psoriasis
P00929,rosacea
P00930,anxiety-disorder
P00930,depression
P00931,depression
P00931,hyperlipidemia
P00931,hypertension
P00932,hypertension
P00932,gerd
P00933,hyperlipidemia
P00933,type-2-diabetes
P00933,hypertension
P00934,depression
P00934,anxiety-disorder
P00934,schizophrenia
P00934,adhd
P00934,ptsd
P00935,heart-failure
P00935,coronary-artery-disease
P00935,hypertension
P00936,heart-failure
P00936,hypertension
P00936,hyperlipidemia
P00937,irritable-bowel-syndrome
P00937,cirrhosis
P00937,gerd
P00938,carpal-tunnel-syndrome
P00938,osteoarthritis
P00938,osteoporosis
P00938,rotator-cuff-tear
P00938,low-back-pain
P00939,lung-cancer
P00939,prostate-cancer
P00940,obesity
P00940,depression
P00940,hypertension
P00941,depression
P00941,schizophrenia
P00942,hyperlipidemia
P00942,gerd
P00943,bipolar-disorder
P00943,schizophrenia
P00943,adhd
P00944,psoriasis
P00944,basal-cell-carcinoma
P00944,rosacea
P00945,acl-tear
P00945,rotator-cuff-tear
P00945,low-back-pain
P00945,osteoarthritis
P00945,carpal-tunnel-syndrome
P00946,coronary-artery-disease
P00946,hyperlipidemia
P00946,heart-failure
P00946,heart-valve-disease
P00947,schizophrenia
P00947,ptsd
P00947,adhd
P00947,depression
P00948,hypothyroidism
P00948,type-2-diabetes
P00948,osteoporosis
P00949,depression
P00949,gerd
P00950,anxiety-disorder
P00950,depression
P00950,bipolar-disorder
P00951,melanoma
P00951,colorectal-cancer
P00951,prostate-cancer
P00951,breast-cancer
P00952,colorectal-cancer
P00952,ulcerative-colitis
P00953,atrial-fibrillation
P00953,heart-valve-disease
P00953,hypertension
P00954,obesity
P00954,depression
P00954,hypertension
P00954,hyperlipidemia
P00955,asthma
P00955,obesity
P00955,gerd
P00955,hyperlipidemia
P00955,hypertension
P00956,osteoporosis
P00956,carpal-tunnel-syndrome
P00956,osteoarthritis
P00956,rotator-cuff-tear
P00956,acl-tear
P00957,type-2-diabetes
P00957,hypertension
P00957,depression
P00957,asthma
P00957,obesity
P00958,anxiety-disorder
P00958,depression
P00958,schizophrenia
P00958,adhd
P00958,bipolar-disorder
P00959,low-back-pain
P00959,carpal-tunnel-syndrome
P00959,acl-tear
P00959,osteoarthritis
P00959,rotator-cuff-tear
P00960,lung-cancer
P00960,pneumonia
P00960,pulmonary-fibrosis
P00960,sleep-apnea
P00961,depression
P00961,schizophrenia
P00961,ptsd
P00961,bipolar-disorder
P00961,adhd
P00962,ulcerative-colitis
P00962,colorectal-cancer
P00962,cirrhosis
P00962,crohns-disease
P00962,gerd
P00963,obesity
P00963,gerd
P00964,heart-valve-disease
P00964,heart-failure
P00964,hypertension
P00964,hyperlipidemia
P00965,hyperlipidemia
P00965,coronary-artery-disease
P00965,hypertension
P00965,atrial-fibrillation
P00966,atrial-fibrillation
P00966,heart-failure
P00966,hyperlipidemia
P00966,coronary-artery-disease
P00967,copd
P00967,sleep-apnea
P00968,rosacea
P00968,acne
P00968,basal-cell-carcinoma
P00969,osteoarthritis
P00969,rotator-cuff-tear
P00969,acl-tear
P00969,osteoporosis
P00969,carpal-tunnel-syndrome
P00970,type-2-diabetes
P00970,depression
P00970,obesity
P00971,type-2-diabetes
P00971,hyperlipidemia
P00971,gerd
P00972,adhd
P00972,anxiety-disorder
P00972,ptsd
P00972,depression
P00972,schizophrenia
P00973,crohns-disease
P00973,cirrhosis
P00973,colorectal-cancer
P00973,irritable-bowel-syndrome
P00974,obesity
P00974,asthma
P00974,hyperlipidemia
P00975,osteoarthritis
P00975,rotator-cuff-tear
P00975,carpal-tunnel-syndrome
P00975,acl-tear
P00976,prostate-cancer
P00976,melanoma
P00976,lymphoma
P00976,breast-cancer
P00976,lung-cancer
P00977,sleep-apnea
P00977,pulmonary-fibrosis
P00977,asthma
P00977,lung-cancer
P00978,lung-cancer
P00978,pulmonary-fibrosis
P00978,asthma
P00978,copd
P00979,depression
P00979,hyperlipidemia
P00979,obesity
P00979,asthma
P00980,depression
P00980,hypertension
P00980,hyperlipidemia
P00980,asthma
P00980,type-2-diabetes
P00981,heart-failure
P00981,heart-valve-disease
P00981,coronary-artery-disease
P00982,schizophrenia
P00982,adhd
P00982,bipolar-disorder
P00983,type-1-diabetes
P00983,osteoporosis
P00983,type-2-diabetes
P00983,polycystic-ovary-syndrome
P00984,hypertension
P00984,atrial-fibrillation
P00985,rotator-cuff-tear
P00985,acl-tear
P00985,low-back-pain
P00985,osteoarthritis
P00985,osteoporosis
P00986,psoriasis
P00986,basal-cell-carcinoma
P00987,obesity
P00987,type-2-diabetes
P00987,type-1-diabetes
P00987,hypothyroidism
P00987,polycystic-ovary-syndrome
P00988,asthma
P00988,pneumonia
P00988,pulmonary-fibrosis
P00989,depression
P00989,asthma
P00989,gerd
P00990,osteoarthritis
P00990,carpal-tunnel-syndrome
P00990,acl-tear
P00990,low-back-pain
P00991,asthma
P00991,hypertension
P00991,depression
P00992,lung-cancer
P00992,pulmonary-fibrosis
P00992,copd
P00992,asthma
P00993,acl-tear
P00993,osteoarthritis
P00993,carpal-tunnel-syndrome
P00994,melanoma
P00994,lymphoma
P00994,lung-cancer
P00994,prostate-cancer
P00995,hyperlipidemia
P00995,depression
P00995,hypertension
P00995,obesity
P00996,multiple-sclerosis
P00996,parkinsons-disease
P00997,gerd
P00997,cirrhosis
P00997,irritable-bowel-syndrome
P00997,ulcerative-colitis
P00997,crohns-disease
P00998,cirrhosis
P00998,irritable-bowel-syndrome
P00998,colorectal-cancer
P00998,ulcerative-colitis
P00998,crohns-disease
P00999,schizophrenia
P00999,adhd
P00999,depression
P01000,psoriasis
P01000,rosacea
P01000,acne
P01000,basal-cell-carcinoma
P01000,eczema
P01001,asthma
P01001,copd
P01001,sleep-apnea
P01001,pneumonia
P01002,atrial-fibrillation
P01002,heart-valve-disease
P01002,hyperlipidemia
P01003,bipolar-disorder
P01003,anxiety-disorder
P01003,schizophrenia
P01004,adhd
P01004,schizophrenia
P01005,obesity
P01005,hypertension
P01005,gerd
P01006,osteoarthritis
P01006,osteoporosis
P01006,rotator-cuff-tear
P01007,multiple-sclerosis
P01007,epilepsy
P01007,alzheimers-disease
P01008,hypertension
P01008,obesity
P01009,hypertension
P01009,obesity
P01009,depression
P01009,hyperlipidemia
P01010,hypertension
P01010,heart-valve-disease
P01010,atrial-fibrillation
P01010,hyperlipidemia
P01011,depression
P01011,obesity
P01011,asthma
P01012,lymphoma
P01012,breast-cancer
P01012,lung-cancer
P01012,prostate-cancer
P01012,colorectal-cancer
P01013,asthma
P01013,pulmonary-fibrosis
P01014,ptsd
P01014,adhd
P01015,crohns-disease
P01015,gerd
P01015,ulcerative-colitis
P01015,colorectal-cancer
P01015,irritable-bowel-syndrome
P01016,breast-cancer
P01016,lymphoma
P01016,colorectal-cancer
P01016,lung-cancer
P01016,melanoma
P01017,heart-failure
P01017,coronary-artery-disease
P01017,atrial-fibrillation
P01018,lung-cancer
P01018,copd
P01018,asthma
P01019,depression
P01019,type-2-diabetes
P01020,polycystic-ovary-syndrome
P01020,type-1-diabetes
P01020,hypothyroidism
P01020,type-2-diabetes
P01020,osteoporosis
P01021,obesity
P01021,type-1-diabetes
P01022,obesity
P01022,gerd
P01023,lung-cancer
P01023,breast-cancer
P01023,melanoma
P01024,hyperlipidemia
P01024,asthma
P01025,parkinsons-disease
P01025,migraine
P01025,alzheimers-disease
P01025,multiple-sclerosis
P01025,epilepsy
P01026,lung-cancer
P01026,sleep-apnea
P01026,asthma
P01026,copd
P01027,rotator-cuff-tear
P01027,low-back-pain
P01027,acl-tear
P01027,carpal-tunnel-syndrome
P01027,osteoporosis
P01028,psoriasis
P01028,acne
P01028,melanoma
P01029,gerd
P01029,asthma
P01029,type-2-diabetes
P01030,atrial-fibrillation
P01030,hypertension
P01030,heart-valve-disease
P01030,hyperlipidemia
P01030,coronary-artery-disease
P01031,hyperlipidemia
P01031,hypertension
P01031,coronary-artery-disease
P01031,heart-valve-disease
P01032,irritable-bowel-syndrome
P01032,cirrhosis
P01032,ulcerative-colitis
P01032,gerd
P01033,hypothyroidism
P01033,polycystic-ovary-syndrome
P01033,obesity
P01033,type-2-diabetes
P01034,carpal-tunnel-syndrome
P01034,acl-tear
P01034,osteoarthritis
P01034,osteoporosis
P01034,low-back-pain
P01035,prostate-cancer
P01035,melanoma
P01036,schizophrenia
P01036,depression
P01036,adhd
P01037,type-2-diabetes
P01037,hyperlipidemia
P01037,gerd
P01037,hypertension
P01038,carpal-tunnel-syndrome
P01038,acl-tear
P01038,osteoarthritis
P01038,osteoporosis
P01038,rotator-cuff-tear
P01039,lung-cancer
P01039,prostate-cancer
P01040,multiple-sclerosis
P01040,migraine
P01040,epilepsy
P01040,stroke
P01041,depression
P01041,asthma
P01042,schizophrenia
P01042,adhd
P01042,depression
P01042,anxiety-disorder
P01042,bipolar-disorder
P01043,heart-failure
P01043,heart-valve-disease
P01043,atrial-fibrillation
P01044,carpal-tunnel-syndrome
P01044,osteoporosis
P01044,low-back-pain
P01045,hypothyroidism
P01045,osteoporosis
P01045,type-2-diabetes
P01045,type-1-diabetes
P01046,hypertension
P01046,heart-valve-disease
P01046,hyperlipidemia
P01047,hypothyroidism
P01047,polycystic-ovary-syndrome
P01048,ptsd
P01048,bipolar-disorder
P01048,depression
P01048,schizophrenia
P01048,anxiety-disorder
P01049,eczema
P01049,rosacea
P01049,acne
P01049,psoriasis
P01049,basal-cell-carcinoma
P01050,acne
P01050,melanoma
P01050,eczema
P01050,psoriasis
P01050,basal-cell-carcinoma
P01051,pneumonia
P01051,lung-cancer
P01052,multiple-sclerosis
P01052,epilepsy
P01052,stroke
P01052,parkinsons-disease
P01052,alzheimers-disease
P01053,polycystic-ovary-syndrome
P01053,type-1-diabetes
P01053,obesity
P01054,prostate-cancer
P01054,colorectal-cancer
P01055,acl-tear
P01055,carpal-tunnel-syndrome
P01055,low-back-pain
P01055,osteoporosis
P01056,multiple-sclerosis
P01056,migraine
P01057,lung-cancer
P01057,colorectal-cancer
P01057,melanoma
P01058,polycystic-ovary-syndrome
P01058,osteoporosis
P01058,type-2-diabetes
P01058,hypothyroidism
P01059,type-2-diabetes
P01059,hypertension
P01059,obesity
P01059,hyperlipidemia
P01060,alzheimers-disease
P01060,parkinsons-disease
P01060,migraine
P01061,osteoporosis
P01061,osteoarthritis
P01061,low-back-pain
P01061,carpal-tunnel-syndrome
P01062,depression
P01062,asthma
P01062,gerd
P01062,obesity
P01063,osteoporosis
P01063,hypothyroidism
P01063,type-2-diabetes
P01064,type-1-diabetes
P01064,obesity
P01064,polycystic-ovary-syndrome
P01064,type-2-diabetes
P01065,type-2-diabetes
P01065,depression
P01065,gerd
P01065,obesity
P01065,hypertension
P01066,gerd
P01066,hypertension
P01066,type-2-diabetes
P01066,asthma
P01066,hyperlipidemia
P01067,obesity
P01067,hypertension
P01067,hyperlipidemia
P01067,gerd
P01067,type-2-diabetes
P01068,prostate-cancer
P01068,breast-cancer
P01069,gerd
P01069,irritable-bowel-syndrome
P01069,crohns-disease
P01070,depression
P01070,obesity
P01071,gerd
P01071,type-2-diabetes
P01071,asthma
P01072,melanoma
P01072,rosacea
P01072,acne
P01072,psoriasis
P01072,eczema
P01073,ulcerative-colitis
P01073,irritable-bowel-syndrome
P01073,colorectal-cancer
P01073,crohns-disease
P01073,gerd
P01074,obesity
P01074,type-2-diabetes
P01074,hypothyroidism
P01075,basal-cell-carcinoma
P01075,eczema
P01075,acne
P01075,melanoma
P01075,psoriasis
P01076,asthma
P01076,hypertension
P01076,obesity
P01076,type-2-diabetes
P01077,type-1-diabetes
P01077,polycystic-ovary-syndrome
P01077,hypothyroidism
P01078,melanoma
P01078,breast-cancer
P01078,colorectal-cancer
P01079,anxiety-disorder
P01079,bipolar-disorder
P01079,ptsd
P01079,depression
P01079,adhd
P01080,crohns-disease
P01080,ulcerative-colitis
P01080,colorectal-cancer
P01080,gerd
P01080,cirrhosis
P01081,hyperlipidemia
P01081,obesity
P01081,depression
P01081,asthma
P01081,hypertension
P01082,hypertension
P01082,heart-failure
P01083,adhd
P01083,depression
P01083,bipolar-disorder
P01084,gerd
P01084,type-2-diabetes
P01084,hyperlipidemia
P01084,hypertension
P01084,obesity
P01085,lung-cancer
P01085,copd
P01085,asthma
P01086,type-2-diabetes
P01086,hyperlipidemia
P01086,depression
P01086,obesity
P01086,hypertension
P01087,lymphoma
P01087,lung-cancer
P01088,anxiety-disorder
P01088,adhd
P01088,ptsd
P01089,osteoarthritis
P01089,osteoporosis
P01090,psoriasis
P01090,eczema
P01090,basal-cell-carcinoma
P01091,type-2-diabetes
P01091,asthma
P01091,gerd
P01092,hyperlipidemia
P01092,type-2-diabetes
P01092,depression
P01092,hypertension
P01092,asthma
P01093,anxiety-disorder
P01093,adhd
P01093,bipolar-disorder
P01093,schizophrenia
P01093,depression
P01094,carpal-tunnel-syndrome
P01094,acl-tear
P01094,osteoporosis
P01094,rotator-cuff-tear
P01095,hypertension
P01095,obesity
P01096,pulmonary-fibrosis
P01096,lung-cancer
P01096,asthma
P01096,sleep-apnea
P01096,copd
P01097,type-2-diabetes
P01097,obesity
P01097,hyperlipidemia
P01097,gerd
P01098,gerd
P01098,obesity
P01099,hyperlipidemia
P01099,depression
P01100,rosacea
P01100,basal-cell-carcinoma
P01101,gerd
P01101,hypertension
P01101,asthma
P01101,depression
P01101,obesity
P01102,melanoma
P01102,acne
P01102,psoriasis
P01102,eczema
P01102,rosacea
P01103,hyperlipidemia
P01103,atrial-fibrillation
P01103,coronary-artery-disease
P01104,multiple-sclerosis
P01104,stroke
P01104,migraine
P01104,alzheimers-disease
P01104,epilepsy
P01105,acl-tear
P01105,carpal-tunnel-syndrome
P01106,rosacea
P01106,basal-cell-carcinoma
P01106,eczema
P01106,melanoma
P01107,obesity
P01107,asthma
P01107,hypertension
P01108,depression
P01108,hyperlipidemia
P01108,type-2-diabetes
P01108,hypertension
P01108,gerd
P01109,hyperlipidemia
P01109,gerd
P01109,hypertension
P01110,rotator-cuff-tear
P01110,osteoarthritis
P01111,coronary-artery-disease
P01111,hypertension
P01111,heart-valve-disease
P01111,heart-failure
P01111,hyperlipidemia
P01112,asthma
P01112,type-2-diabetes
P01113,basal-cell-carcinoma
P01113,psoriasis
P01114,heart-valve-disease
P01114,hypertension
P01114,coronary-artery-disease
P01114,hyperlipidemia
P01115,hyperlipidemia
P01115,obesity
P01115,type-2-diabetes
P01116,prostate-cancer
P01116,lymphoma
P01116,breast-cancer
P01116,lung-cancer
P01116,colorectal-cancer
P01117,acne
P01117,rosacea
P01117,psoriasis
P01117,melanoma
P01118,osteoarthritis
P01118,osteoporosis
P01118,carpal-tunnel-syndrome
P01118,low-back-pain
P01118,rotator-cuff-tear
P01119,obesity
P01119,hyperlipidemia
P01120,atrial-fibrillation
P01120,heart-failure
P01121,adhd
P01121,anxiety-disorder
P01121,schizophrenia
P01121,bipolar-disorder
P01122,hypertension
P01122,asthma
P01122,obesity
P01122,hyperlipidemia
P01123,rosacea
P01123,acne
P01123,melanoma
P01124,hyperlipidemia
P01124,hypertension
P01125,colorectal-cancer
P01125,crohns-disease
P01125,ulcerative-colitis
P01125,irritable-bowel-syndrome
P01125,gerd
P01126,carpal-tunnel-syndrome
P01126,rotator-cuff-tear
P01126,osteoporosis
P01127,atrial-fibrillation
P01127,hyperlipidemia
P01127,heart-failure
P01127,hypertension
P01127,heart-valve-disease
P01128,crohns-disease
P01128,irritable-bowel-syndrome
P01129,low-back-pain
P01129,acl-tear
P01129,rotator-cuff-tear
P01129,osteoporosis
P01130,depression
P01130,hypertension
P01130,hyperlipidemia
P01130,asthma
P01131,copd
P01131,sleep-apnea
P01132,pneumonia
P01132,lung-cancer
P01132,sleep-apnea
P01132,pulmonary-fibrosis
P01133,rotator-cuff-tear
P01133,osteoarthritis
P01133,acl-tear
P01133,osteoporosis
P01134,prostate-cancer
P01134,lung-cancer
P01134,breast-cancer
P01134,colorectal-cancer
P01135,colorectal-cancer
P01135,irritable-bowel-syndrome
P01135,ulcerative-colitis
P01135,crohns-disease
P01135,gerd
P01136,pneumonia
P01136,lung-cancer
P01137,coronary-artery-disease
P01137,heart-valve-disease
P01138,type-2-diabetes
P01138,gerd
P01138,hypertension
P01138,hyperlipidemia
P01139,atrial-fibrillation
P01139,hypertension
P01139,heart-valve-disease
P01140,heart-valve-disease
P01140,coronary-artery-disease
P01141,copd
P01141,asthma
P01141,sleep-apnea
P01142,prostate-cancer
P01142,lung-cancer
P01142,breast-cancer
P01143,osteoarthritis
P01143,osteoporosis
P01143,low-back-pain
P01143,rotator-cuff-tear
P01143,carpal-tunnel-syndrome
P01144,gerd
P01144,irritable-bowel-syndrome
P01144,cirrhosis
P01144,ulcerative-colitis
P01145,type-1-diabetes
P01145,hypothyroidism
P01146,sleep-apnea
P01146,pneumonia
P01146,copd
P01146,lung-cancer
P01146,asthma
P01147,gerd
P01147,hypertension
P01148,colorectal-cancer
P01148,cirrhosis
P01149,prostate-cancer
P01149,lymphoma
P01149,breast-cancer
P01149,colorectal-cancer
P01150,hypertension
P01150,obesity
P01150,hyperlipidemia
P01151,colorectal-cancer
P01151,irritable-bowel-syndrome
P01152,obesity
P01152,gerd
P01152,hyperlipidemia
P01153,irritable-bowel-syndrome
P01153,cirrhosis
P01153,colorectal-cancer
P01154,epilepsy
P01154,alzheimers-disease
P01155,hypertension
P01155,gerd
P01155,asthma
P01156,anxiety-disorder
P01156,adhd
P01156,ptsd
P01156,schizophrenia
P01156,depression
P01157,prostate-cancer
P01157,breast-cancer
P01158,type-2-diabetes
P01158,depression
P01158,gerd
P01159,gerd
P01159,depression
P01159,hyperlipidemia
P01159,hypertension
P01159,obesity
P01160,gerd
P01160,asthma
P01160,hyperlipidemia
P01160,obesity
P01161,obesity
P01161,type-2-diabetes
P01162,low-back-pain
P01162,osteoporosis
P01162,osteoarthritis
P01162,acl-tear
P01162,carpal-tunnel-syndrome
P01163,irritable-bowel-syndrome
P01163,crohns-disease
P01163,cirrhosis
P01163,gerd
P01164,type-2-diabetes
P01164,gerd
P01164,hyperlipidemia
P01164,depression
P01164,obesity
P01165,acl-tear
P01165,rotator-cuff-tear
P01165,low-back-pain
P01165,osteoarthritis
P01165,osteoporosis
P01166,rosacea
P01166,basal-cell-carcinoma
P01166,psoriasis
P01166,eczema
P01167,gerd
P01167,ulcerative-colitis
P01168,adhd
P01168,bipolar-disorder
P01168,anxiety-disorder
P01168,depression
P01168,schizophrenia
P01169,depression
P01169,asthma
P01169,obesity
P01169,hyperlipidemia
P01169,type-2-diabetes
P01170,multiple-sclerosis
P01170,alzheimers-disease
P01170,stroke
P01170,parkinsons-disease
P01171,acl-tear
P01171,rotator-cuff-tear
P01171,osteoarthritis
P01172,carpal-tunnel-syndrome
P01172,low-back-pain
P01172,rotator-cuff-tear
P01173,bipolar-disorder
P01173,anxiety-disorder
P01173,depression
P01174,multiple-sclerosis
P01174,parkinsons-disease
P01174,stroke
P01174,epilepsy
P01175,osteoarthritis
P01175,osteoporosis
P01176,depression
P01176,obesity
P01177,rotator-cuff-tear
P01177,osteoporosis
P01178,asthma
P01178,gerd
P01178,hyperlipidemia
P01178,obesity
P01178,type-2-diabetes
P01179,obesity
P01179,asthma
P01179,depression
P01179,type-2-diabetes
P01180,psoriasis
P01180,acne
P01180,melanoma
P01181,melanoma
P01181,basal-cell-carcinoma
P01181,acne
P01182,obesity
P01182,hypertension
P01183,lymphoma
P01183,lung-cancer
P01183,prostate-cancer
P01183,breast-cancer
P01184,schizophrenia
P01184,anxiety-disorder
P01184,bipolar-disorder
P01185,lymphoma
P01185,breast-cancer
P01185,prostate-cancer
P01186,asthma
P01186,type-2-diabetes
P01187,carpal-tunnel-syndrome
P01187,low-back-pain
P01187,acl-tear
P01187,osteoarthritis
P01187,rotator-cuff-tear
P01188,lymphoma
P01188,breast-cancer
P01189,obesity
P01189,asthma
P01190,hyperlipidemia
P01190,depression
P01190,hypertension
P01190,obesity
P01191,acl-tear
P01191,osteoporosis
P01191,osteoarthritis
P01191,carpal-tunnel-syndrome
P01192,carpal-tunnel-syndrome
P01192,low-back-pain
P01192,osteoarthritis
P01193,breast-cancer
P01193,melanoma
P01194,depression
P01194,hyperlipidemia
P01194,gerd
P01194,hypertension
P01194,obesity
P01195,depression
P01195,obesity
P01195,asthma
P01195,hyperlipidemia
P01196,schizophrenia
P01196,anxiety-disorder
P01196,depression
P01196,bipolar-disorder
P01197,melanoma
P01197,basal-cell-carcinoma
P01198,hypertension
P01198,obesity
P01198,hyperlipidemia
P01198,depression
P01198,gerd
P01199,obesity
P01199,type-2-diabetes
P01199,asthma
P01200,bipolar-disorder
P01200,depression
P01200,adhd
P01200,ptsd
P01200,anxiety-disorder
P01201,hypertension
P01201,asthma
P01201,gerd
P01201,depression
P01202,gerd
P01202,hyperlipidemia
P01202,asthma
P01202,type-2-diabetes
P01202,hypertension
P01203,acne
P01203,rosacea
P01203,melanoma
P01203,eczema
P01204,rotator-cuff-tear
P01204,osteoporosis
P01204,low-back-pain
P01204,osteoarthritis
P01205,obesity
P01205,hypothyroidism
P01205,polycystic-ovary-syndrome
P01206,eczema
P01206,basal-cell-carcinoma
P01206,rosacea
P01207,gerd
P01207,obesity
P01207,hypertension
P01207,depression
P01208,hypertension
P01208,heart-valve-disease
P01208,atrial-fibrillation
P01208,heart-failure
P01208,coronary-artery-disease
P01209,rosacea
P01209,eczema
P01209,melanoma
P01210,heart-valve-disease
P01210,atrial-fibrillation
P01210,hyperlipidemia
P01210,coronary-artery-disease
P01211,osteoarthritis
P01211,low-back-pain
P01212,sleep-apnea
P01212,lung-cancer
P01212,asthma
P01212,pneumonia
P01212,copd
P01213,breast-cancer
P01213,lung-cancer
P01213,colorectal-cancer
P01214,obesity
P01214,gerd
P01214,type-2-diabetes
P01214,hypertension
P01214,asthma
P01215,depression
P01215,type-2-diabetes
P01215,hypertension
P01215,hyperlipidemia
P01215,obesity
P01216,melanoma
P01216,prostate-cancer
P01216,lymphoma
P01217,irritable-bowel-syndrome
P01217,gerd
P01217,cirrhosis
P01217,colorectal-cancer
P01217,crohns-disease
P01218,pulmonary-fibrosis
P01218,pneumonia
P01219,hypertension
P01219,gerd
P01219,obesity
P01219,asthma
P01219,type-2-diabetes
P01220,hyperlipidemia
P01220,heart-valve-disease
P01221,coronary-artery-disease
P01221,hypertension
P01222,epilepsy
P01222,migraine
P01222,alzheimers-disease
P01222,parkinsons-disease
P01223,obesity
P01223,type-2-diabetes
P01223,hypertension
P01223,hyperlipidemia
P01223,gerd
P01224,ptsd
P01224,depression
P01224,schizophrenia
P01225,gerd
P01225,hyperlipidemia
P01226,migraine
P01226,stroke
P01226,multiple-sclerosis
P01227,hypertension
P01227,type-2-diabetes
P01227,asthma
P01228,alzheimers-disease
P01228,multiple-sclerosis
P01228,stroke
P01228,epilepsy
P01229,lung-cancer
P01229,melanoma
P01229,prostate-cancer
P01229,colorectal-cancer
P01229,breast-cancer
P01230,ptsd
P01230,schizophrenia
P01231,alzheimers-disease
P01231,multiple-sclerosis
P01231,parkinsons-disease
P01232,osteoarthritis
P01232,rotator-cuff-tear
P01232,carpal-tunnel-syndrome
P01232,low-back-pain
P01233,schizophrenia
P01233,bipolar-disorder
P01234,sleep-apnea
P01234,copd
P01235,obesity
P01235,asthma
P01236,osteoporosis
P01236,carpal-tunnel-syndrome
P01237,hyperlipidemia
P01237,hypertension
P01237,coronary-artery-disease
P01237,heart-valve-disease
P01237,heart-failure
P01238,depression
P01238,asthma
P01238,gerd
P01238,obesity
P01238,hyperlipidemia
P01239,breast-cancer
P01239,melanoma
P01239,colorectal-cancer
P01239,lung-cancer
P01240,depression
P01240,gerd
P01240,obesity
P01240,type-2-diabetes
P01241,low-back-pain
P01241,rotator-cuff-tear
P01242,ptsd
P01242,schizophrenia
P01242,bipolar-disorder
P01242,depression
P01243,hyperlipidemia
P01243,gerd
P01243,type-2-diabetes
P01244,irritable-bowel-syndrome
P01244,colorectal-cancer
P01245,gerd
P01245,ulcerative-colitis
P01245,cirrhosis
P01245,crohns-disease
P01246,atrial-fibrillation
P01246,heart-valve-disease
P01246,heart-failure
P01246,coronary-artery-disease
P01247,epilepsy
P01247,parkinsons-disease
P01247,multiple-sclerosis
P01247,migraine
P01247,alzheimers-disease
P01248,colorectal-cancer
P01248,lung-cancer
P01248,prostate-cancer
P01248,melanoma
P01248,lymphoma
P01249,type-2-diabetes
P01249,obesity
P01249,asthma
P01249,gerd
P01249,hyperlipidemia
P01250,prostate-cancer
P01250,breast-cancer
P01250,lymphoma
P01250,lung-cancer
P01250,melanoma
P01251,pneumonia
P01251,copd
P01251,sleep-apnea
P01251,asthma
P01252,copd
P01252,lung-cancer
P01252,sleep-apnea
P01252,pneumonia
P01252,asthma
P01253,sleep-apnea
P01253,copd
P01253,lung-cancer
P01253,pulmonary-fibrosis
P01254,melanoma
P01254,lung-cancer
P01254,colorectal-cancer
P01254,prostate-cancer
P01254,breast-cancer
P01255,type-2-diabetes
P01255,asthma
P01255,obesity
P01255,hypertension
P01256,carpal-tunnel-syndrome
P01256,acl-tear
P01256,osteoporosis
P01256,rotator-cuff-tear
P01256,low-back-pain
P01257,epilepsy
P01257,multiple-sclerosis
P01257,stroke
P01257,parkinsons-disease
P01257,alzheimers-disease
P01258,heart-failure
P01258,atrial-fibrillation
P01258,coronary-artery-disease
P01258,hyperlipidemia
P01259,basal-cell-carcinoma
P01259,rosacea
P01259,eczema
P01259,melanoma
P01260,crohns-disease
P01260,ulcerative-colitis
P01260,colorectal-cancer
P01260,cirrhosis
P01260,irritable-bowel-syndrome
P01261,obesity
P01261,type-2-diabetes
P01261,depression
P01261,asthma
P01262,obesity
P01262,hyperlipidemia
P01262,gerd
P01262,hypertension
P01262,type-2-diabetes
P01263,migraine
P01263,multiple-sclerosis
P01264,obesity
P01264,asthma
P01265,gerd
P01265,hypertension
P01265,type-2-diabetes
P01265,asthma
P01265,depression
P01266,prostate-cancer
P01266,melanoma
P01266,colorectal-cancer
P01267,gerd
P01267,crohns-disease
P01268,anxiety-disorder
P01268,ptsd
P01269,osteoporosis
P01269,carpal-tunnel-syndrome
P01269,osteoarthritis
P01269,acl-tear
P01270,breast-cancer
P01270,melanoma
P01270,lung-cancer
P01271,alzheimers-disease
P01271,parkinsons-disease
P01271,migraine
P01271,epilepsy
P01272,hypertension
P01272,atrial-fibrillation
P01273,basal-cell-carcinoma
P01273,rosacea
P01273,eczema
P01273,psoriasis
P01273,melanoma
P01274,adhd
P01274,ptsd
P01274,bipolar-disorder
P01274,schizophrenia
P01274,anxiety-disorder
P01275,crohns-disease
P01275,ulcerative-colitis
P01275,gerd
P01276,acne
P01276,psoriasis
P01276,melanoma
P01276,rosacea
P01276,eczema
P01277,hypertension
P01277,heart-valve-disease
P01277,hyperlipidemia
P01277,heart-failure
P01277,atrial-fibrillation
P01278,adhd
P01278,ptsd
P01278,anxiety-disorder
P01279,melanoma
P01279,eczema
P01279,acne
P01280,rotator-cuff-tear
P01280,osteoporosis
P01281,stroke
P01281,parkinsons-disease
P01281,migraine
P01281,multiple-sclerosis
P01281,alzheimers-disease
P01282,hyperlipidemia
P01282,atrial-fibrillation
P01282,heart-valve-disease
P01283,osteoporosis
P01283,low-back-pain
P01283,osteoarthritis
P01284,type-2-diabetes
P01284,hypertension
P01284,obesity
P01284,depression
P01285,hyperlipidemia
P01285,hypertension
P01285,depression
P01285,obesity
P01286,coronary-artery-disease
P01286,atrial-fibrillation
P01286,heart-failure
P01286,hypertension
P01287,carpal-tunnel-syndrome
P01287,osteoporosis
P01288,multiple-sclerosis
P01288,stroke
P01289,adhd
P01289,schizophrenia
P01289,anxiety-disorder
P01289,bipolar-disorder
P01290,lung-cancer
P01290,breast-cancer
P01290,lymphoma
P01290,melanoma
P01291,depression
P01291,hyperlipidemia
P01292,rosacea
P01292,psoriasis
P01292,melanoma
P01292,basal-cell-carcinoma
P01292,eczema
P01293,hyperlipidemia
P01293,depression
P01293,obesity
P01293,type-2-diabetes
P01293,hypertension
P01294,psoriasis
P01294,basal-cell-carcinoma
P01294,melanoma
P01294,eczema
P01295,crohns-disease
P01295,irritable-bowel-syndrome
P01295,colorectal-cancer
P01296,coronary-artery-disease
P01296,heart-valve-disease
P01296,hypertension
P01296,hyperlipidemia
P01297,bipolar-disorder
P01297,ptsd
P01298,pneumonia
P01298,asthma
P01298,lung-cancer
P01299,acl-tear
P01299,osteoarthritis
P01300,rotator-cuff-tear
P01300,acl-tear
P01300,low-back-pain
P01300,osteoarthritis
P01301,coronary-artery-disease
P01301,heart-failure
P01302,type-1-diabetes
P01302,hypothyroidism
P01302,type-2-diabetes
P01303,coronary-artery-disease
P01303,hypertension
P01304,acne
P01304,basal-cell-carcinoma
P01305,atrial-fibrillation
P01305,heart-failure
P01306,obesity
P01306,depression
P01306,hyperlipidemia
P01307,gerd
P01307,hyperlipidemia
P01307,hypertension
P01307,asthma
P01307,depression
P01308,crohns-disease
P01308,cirrhosis
P01309,gerd
P01309,hypertension
P01310,schizophrenia
P01310,adhd
P01310,ptsd
P01310,depression
P01310,bipolar-disorder
P01311,pneumonia
P01311,pulmonary-fibrosis
P01312,type-2-diabetes
P01312,hyperlipidemia
P01313,multiple-sclerosis
P01313,migraine
P01313,parkinsons-disease
P01314,carpal-tunnel-syndrome
P01314,low-back-pain
P01314,osteoarthritis
P01314,osteoporosis
P01315,atrial-fibrillation
P01315,hyperlipidemia
P01315,hypertension
P01315,coronary-artery-disease
P01316,hyperlipidemia
P01316,obesity
P01317,acne
P01317,rosacea
P01317,basal-cell-carcinoma
P01317,melanoma
P01317,psoriasis
P01318,type-2-diabetes
P01318,hypertension
P01318,asthma
P01319,eczema
P01319,basal-cell-carcinoma
P01320,depression
P01320,obesity
P01320,type-2-diabetes
P01320,gerd
P01321,hypertension
P01321,gerd
P01321,hyperlipidemia
P01321,asthma
P01321,type-2-diabetes
P01322,coronary-artery-disease
P01322,atrial-fibrillation
P01323,bipolar-disorder
P01323,adhd
P01323,schizophrenia
P01323,anxiety-disorder
P01323,ptsd
P01324,pulmonary-fibrosis
P01324,asthma
P01324,pneumonia
P01324,lung-cancer
P01325,depression
P01325,gerd
P01325,obesity
P01325,asthma
P01326,psoriasis
P01326,acne
P01326,melanoma
P01326,basal-cell-carcinoma
P01327,asthma
P01327,hyperlipidemia
P01327,type-2-diabetes
P01327,obesity
P01327,gerd
P01328,type-2-diabetes
P01328,type-1-diabetes
P01329,hyperlipidemia
P01329,type-2-diabetes
P01329,hypertension
P01329,obesity
P01329,asthma
P01330,gerd
P01330,ulcerative-colitis
P01331,hypothyroidism
P01331,osteoporosis
P01331,obesity
P01332,heart-failure
P01332,hypertension
P01333,sleep-apnea
P01333,asthma
P01333,pulmonary-fibrosis
P01333,copd
P01333,lung-cancer
P01334,heart-failure
P01334,hypertension
P01334,atrial-fibrillation
P01335,acl-tear
P01335,low-back-pain
P01336,breast-cancer
P01336,lung-cancer
P01336,lymphoma
P01337,anxiety-disorder
P01337,depression
P01337,schizophrenia
P01338,eczema
P01338,melanoma
P01338,acne
P01339,type-2-diabetes
P01339,asthma
P01339,gerd
P01339,obesity
P01340,obesity
P01340,depression
P01340,hypertension
P01341,osteoporosis
P01341,osteoarthritis
P01341,low-back-pain
P01341,rotator-cuff-tear
P01341,carpal-tunnel-syndrome
P01342,depression
P01342,type-2-diabetes
P01342,gerd
P01342,asthma
P01343,osteoarthritis
P01343,osteoporosis
P01343,rotator-cuff-tear
P01343,carpal-tunnel-syndrome
P01344,epilepsy
P01344,alzheimers-disease
P01344,stroke
P01344,parkinsons-disease
P01344,migraine
P01345,acl-tear
P01345,low-back-pain
P01346,eczema
P01346,melanoma
P01346,rosacea
P01346,acne
P01346,basal-cell-carcinoma
P01347,hypertension
P01347,type-2-diabetes
P01347,depression
P01347,obesity
P01348,obesity
P01348,asthma
P01348,depression
P01349,depression
P01349,type-2-diabetes
P01349,asthma
P01350,hypertension
P01350,gerd
P01350,obesity
P01350,depression
P01350,hyperlipidemia
P01351,crohns-disease
P01351,ulcerative-colitis
P01351,colorectal-cancer
P01351,cirrhosis
P01351,irritable-bowel-syndrome
P01352,colorectal-cancer
P01352,irritable-bowel-syndrome
P01353,hypertension
P01353,asthma
P01353,obesity
P01354,psoriasis
P01354,melanoma
P01354,rosacea
P01355,polycystic-ovary-syndrome
P01355,osteoporosis
P01356,obesity
P01356,depression
P01357,gerd
P01357,depression
P01357,type-2-diabetes
P01358,schizophrenia
P01358,ptsd
P01359,type-2-diabetes
P01359,asthma
P01359,hypertension
P01360,hyperlipidemia
P01360,hypertension
P01360,depression
P01361,schizophrenia
P01361,depression
P01361,bipolar-disorder
P01361,anxiety-disorder
P01361,ptsd
P01362,pulmonary-fibrosis
P01362,copd
P01362,sleep-apnea
P01362,asthma
P01363,carpal-tunnel-syndrome
P01363,osteoporosis
P01363,osteoarthritis
P01364,epilepsy
P01364,alzheimers-disease
P01364,parkinsons-disease
P01365,breast-cancer
P01365,lymphoma
P01366,rotator-cuff-tear
P01366,carpal-tunnel-syndrome
P01366,osteoarthritis
P01366,osteoporosis
P01367,lymphoma
P01367,prostate-cancer
P01367,breast-cancer
P01367,melanoma
P01367,lung-cancer
P01368,sleep-apnea
P01368,pulmonary-fibrosis
P01368,pneumonia
P01368,lung-cancer
P01369,asthma
P01369,copd
P01369,sleep-apnea
P01369,pneumonia
P01370,hypertension
P01370,atrial-fibrillation
P01370,heart-valve-disease
P01370,coronary-artery-disease
P01371,hypothyroidism
P01371,osteoporosis
P01371,polycystic-ovary-syndrome
P01372,eczema
P01372,rosacea
P01372,basal-cell-carcinoma
P01372,melanoma
P01372,acne
P01373,carpal-tunnel-syndrome
P01373,acl-tear
P01374,heart-failure
P01374,atrial-fibrillation
P01374,coronary-artery-disease
P01375,osteoporosis
P01375,type-1-diabetes
P01375,polycystic-ovary-syndrome
P01376,low-back-pain
P01376,osteoporosis
P01376,acl-tear
P01376,carpal-tunnel-syndrome
P01377,hypertension
P01377,hyperlipidemia
P01377,asthma
P01377,obesity
P01378,bipolar-disorder
P01378,schizophrenia
P01378,depression
P01378,anxiety-disorder
P01379,multiple-sclerosis
P01379,alzheimers-disease
P01379,migraine
P01379,stroke
P01380,gerd
P01380,type-2-diabetes
P01381,lymphoma
P01381,prostate-cancer
P01381,melanoma
P01381,colorectal-cancer
P01382,pneumonia
P01382,pulmonary-fibrosis
P01383,low-back-pain
P01383,acl-tear
P01383,osteoporosis
P01383,osteoarthritis
P01384,rosacea
P01384,eczema
P01384,melanoma
P01384,psoriasis
P01384,basal-cell-carcinoma
P01385,hyperlipidemia
P01385,asthma
P01385,obesity
P01385,type-2-diabetes
P01385,gerd
P01386,bipolar-disorder
P01386,schizophrenia
P01387,hyperlipidemia
P01387,depression
P01387,hypertension
P01387,asthma
P01388,asthma
P01388,lung-cancer
P01389,rotator-cuff-tear
P01389,acl-tear
P01389,low-back-pain
P01390,hypothyroidism
P01390,obesity
P01390,type-1-diabetes
P01390,osteoporosis
P01391,hyperlipidemia
P01391,asthma
P01391,depression
P01392,ptsd
P01392,schizophrenia
P01392,depression
P01392,bipolar-disorder
P01392,adhd
P01393,acl-tear
P01393,osteoporosis
P01393,rotator-cuff-tear
P01393,carpal-tunnel-syndrome
P01394,low-back-pain
P01394,osteoporosis
P01394,carpal-tunnel-syndrome
P01395,gerd
P01395,obesity
P01395,asthma
P01396,type-2-diabetes
P01396,depression
P01397,asthma
P01397,obesity
P01398,pulmonary-fibrosis
P01398,pneumonia
P01398,lung-cancer
P01399,type-1-diabetes
P01399,type-2-diabetes
P01400,rotator-cuff-tear
P01400,acl-tear
P01400,low-back-pain
P01400,carpal-tunnel-syndrome
P01401,stroke
P01401,multiple-sclerosis
P01401,epilepsy
P01402,type-2-diabetes
P01402,depression
P01403,hyperlipidemia
P01403,asthma
P01404,migraine
P01404,epilepsy
P01404,alzheimers-disease
P01404,multiple-sclerosis
P01405,adhd
P01405,ptsd
P01406,atrial-fibrillation
P01406,heart-failure
P01406,coronary-artery-disease
P01407,ulcerative-colitis
P01407,cirrhosis
P01408,hypertension
P01408,obesity
P01408,hyperlipidemia
P01409,eczema
P01409,acne
P01409,basal-cell-carcinoma
P01409,melanoma
P01409,rosacea
P01410,rosacea
P01410,eczema
P01410,psoriasis
P01410,basal-cell-carcinoma
P01410,melanoma
P01411,carpal-tunnel-syndrome
P01411,low-back-pain
P01411,acl-tear
P01412,pneumonia
P01412,sleep-apnea
P01412,lung-cancer
P01413,coronary-artery-disease
P01413,hyperlipidemia
P01413,atrial-fibrillation
P01413,heart-failure
P01413,heart-valve-disease
P01414,pneumonia
P01414,copd
P01414,pulmonary-fibrosis
P01414,asthma
P01415,schizophrenia
P01415,adhd
P01415,anxiety-disorder
P01416,acl-tear
P01416,osteoporosis
P01417,heart-valve-disease
P01417,atrial-fibrillation
P01417,hypertension
P01418,coronary-artery-disease
P01418,heart-failure
P01418,atrial-fibrillation
P01418,heart-valve-disease
P01419,ptsd
P01419,schizophrenia
P01419,adhd
P01419,depression
P01420,heart-valve-disease
P01420,heart-failure
P01420,atrial-fibrillation
P01420,coronary-artery-disease
P01420,hypertension
P01421,hypertension
P01421,hyperlipidemia
P01422,lung-cancer
P01422,breast-cancer
P01423,hypertension
P01423,depression
P01424,lymphoma
P01424,breast-cancer
P01424,prostate-cancer
P01424,melanoma
P01424,colorectal-cancer
P01425,acne
P01425,eczema
P01425,melanoma
P01426,asthma
P01426,type-2-diabetes
P01426,obesity
P01426,gerd
P01426,depression
P01427,depression
P01427,adhd
P01427,bipolar-disorder
P01427,ptsd
P01427,schizophrenia
P01428,asthma
P01428,type-2-diabetes
P01428,obesity
P01429,low-back-pain
P01429,osteoporosis
P01430,epilepsy
P01430,stroke
P01431,lymphoma
P01431,colorectal-cancer
P01431,melanoma
P01432,pulmonary-fibrosis
P01432,pneumonia
P01433,eczema
P01433,rosacea
P01433,psoriasis
P01433,melanoma
P01433,basal-cell-carcinoma
P01434,colorectal-cancer
P01434,prostate-cancer
P01434,breast-cancer
P01435,atrial-fibrillation
P01435,hyperlipidemia
P01436,parkinsons-disease
P01436,epilepsy
P01436,stroke
P01436,alzheimers-disease
P01436,migraine
P01437,low-back-pain
P01437,osteoarthritis
P01437,carpal-tunnel-syndrome
P01437,rotator-cuff-tear
P01437,osteoporosis
P01438,osteoporosis
P01438,rotator-cuff-tear
P01439,asthma
P01439,depression
P01440,breast-cancer
P01440,prostate-cancer
P01440,colorectal-cancer
P01440,lung-cancer
P01440,lymphoma
P01441,hypertension
P01441,gerd
P01441,asthma
P01442,colorectal-cancer
P01442,lymphoma
P01443,rosacea
P01443,basal-cell-carcinoma
P01443,psoriasis
P01444,acl-tear
P01444,rotator-cuff-tear
P01444,low-back-pain
P01444,carpal-tunnel-syndrome
P01445,type-2-diabetes
P01445,asthma
P01445,obesity
P01446,asthma
P01446,obesity
P01447,osteoarthritis
P01447,carpal-tunnel-syndrome
P01447,low-back-pain
P01447,rotator-cuff-tear
P01447,acl-tear
P01448,obesity
P01448,hyperlipidemia
P01448,asthma
P01448,depression
P01449,crohns-disease
P01449,irritable-bowel-syndrome
P01449,gerd
P01450,irritable-bowel-syndrome
P01450,gerd
P01450,cirrhosis
P01451,ulcerative-colitis
P01451,irritable-bowel-syndrome
P01451,crohns-disease
P01451,gerd
P01451,colorectal-cancer
P01452,ptsd
P01452,adhd
P01452,schizophrenia
P01453,polycystic-ovary-syndrome
P01453,hypothyroidism
P01453,osteoporosis
P01453,obesity
P01453,type-1-diabetes
P01454,gerd
P01454,type-2-diabetes
P01455,depression
P01455,asthma
P01455,obesity
P01455,hypertension
P01455,hyperlipidemia
P01456,hyperlipidemia
P01456,coronary-artery-disease
P01456,heart-failure
P01456,hypertension
P01457,atrial-fibrillation
P01457,heart-valve-disease
P01458,hyperlipidemia
P01458,atrial-fibrillation
P01459,hyperlipidemia
P01459,heart-failure
P01459,hypertension
P01459,heart-valve-disease
P01459,atrial-fibrillation
P01460,eczema
P01460,acne
P01460,basal-cell-carcinoma
P01460,melanoma
P01461,heart-valve-disease
P01461,hyperlipidemia
P01462,obesity
P01462,hyperlipidemia
P01463,type-1-diabetes
P01463,obesity
P01464,parkinsons-disease
P01464,epilepsy
P01464,alzheimers-disease
P01464,migraine
P01465,type-2-diabetes
P01465,gerd
P01465,asthma
P01466,rotator-cuff-tear
P01466,acl-tear
P01467,schizophrenia
P01467,anxiety-disorder
P01468,coronary-artery-disease
P01468,heart-failure
P01468,hyperlipidemia
P01469,carpal-tunnel-syndrome
P01469,osteoporosis
P01469,rotator-cuff-tear
P01469,acl-tear
P01469,osteoarthritis
P01470,gerd
P01470,hypertension
P01471,depression
P01471,hyperlipidemia
P01471,obesity
P01471,asthma
P01472,ulcerative-colitis
P01472,colorectal-cancer
P01472,irritable-bowel-syndrome
P01473,coronary-artery-disease
P01473,heart-valve-disease
P01473,atrial-fibrillation
P01473,hypertension
P01473,hyperlipidemia
P01474,coronary-artery-disease
P01474,heart-valve-disease
P01475,low-back-pain
P01475,rotator-cuff-tear
P01476,eczema
P01476,melanoma
P01476,basal-cell-carcinoma
P01476,rosacea
P01476,psoriasis
P01477,gerd
P01477,hypertension
P01477,hyperlipidemia
P01477,depression
P01478,rotator-cuff-tear
P01478,osteoarthritis
P01478,acl-tear
P01478,carpal-tunnel-syndrome
P01478,low-back-pain
P01479,melanoma
P01479,prostate-cancer
P01479,breast-cancer
P01480,sleep-apnea
P01480,pneumonia
P01481,asthma
P01481,hyperlipidemia
P01481,obesity
P01481,hypertension
P01481,depression
P01482,ulcerative-colitis
P01482,irritable-bowel-syndrome
P01482,gerd
P01482,colorectal-cancer
P01483,hypertension
P01483,hyperlipidemia
P01483,type-2-diabetes
P01483,depression
P01483,asthma
P01484,acne
P01484,eczema
P01484,basal-cell-carcinoma
P01484,rosacea
P01484,melanoma
P01485,coronary-artery-disease
P01485,atrial-fibrillation
P01485,hypertension
P01485,heart-failure
P01485,hyperlipidemia
P01486,epilepsy
P01486,alzheimers-disease
P01486,migraine
P01486,stroke
P01487,hypertension
P01487,depression
P01487,asthma
P01487,type-2-diabetes
P01487,hyperlipidemia
P01488,depression
P01488,hypertension
P01488,asthma
P01488,type-2-diabetes
P01488,obesity
P01489,obesity
P01489,depression
P01489,asthma
P01489,type-2-diabetes
P01489,gerd
P01490,lung-cancer
P01490,lymphoma
P01490,melanoma
P01490,prostate-cancer
P01490,colorectal-cancer
P01491,eczema
P01491,melanoma
P01491,acne
P01491,psoriasis
P01492,hyperlipidemia
P01492,hypertension
P01492,type-2-diabetes
P01492,asthma
P01492,depression
P01493,atrial-fibrillation
P01493,coronary-artery-disease
P01493,heart-valve-disease
P01493,heart-failure
P01493,hyperlipidemia
P01494,lung-cancer
P01494,pneumonia
P01495,acl-tear
P01495,osteoarthritis
P01496,acne
P01496,rosacea
P01496,melanoma
P01496,psoriasis
P01496,eczema
P01497,ulcerative-colitis
P01497,cirrhosis
P01497,irritable-bowel-syndrome
P01497,crohns-disease
P01498,hypertension
P01498,heart-valve-disease
P01498,atrial-fibrillation
P01498,heart-failure
P01499,heart-valve-disease
P01499,coronary-artery-disease
P01499,hypertension
P01499,heart-failure
P01500,copd
P01500,lung-cancer
P01500,pneumonia
P01500,sleep-apnea
